model_validation_rank,experiment,output,tool_rank,tool,features,contribution,share
1,classifier__complexity,overall,1,TAALES,485,4.996274480261495,0.3610748658745
1,classifier__complexity,overall,2,POLKE,618,2.4660292118093805,0.17821702358715652
1,classifier__complexity,overall,3,LCA,33,2.2477847826284156,0.16244475600944544
1,classifier__complexity,overall,4,TAASSC,139,1.9892424603541052,0.14376020721075883
1,classifier__complexity,overall,5,TAALES_COVERAGE,352,1.2340690411560413,0.08918471458597069
1,classifier__complexity,overall,6,L2SCA,23,0.903825908125771,0.06531843273216857
1,classifier__complexity,A1,1,LCA,33,5.4746466141521575,0.3252683855884586
1,classifier__complexity,A1,2,TAALES,485,3.8056885423626965,0.2261096022210584
1,classifier__complexity,A1,3,POLKE,618,2.3316635265960044,0.13853249067635537
1,classifier__complexity,A1,4,TAASSC,139,2.1251274637111277,0.12626144261149977
1,classifier__complexity,A1,5,L2SCA,23,2.021273897520223,0.12009112986013486
1,classifier__complexity,A1,6,TAALES_COVERAGE,352,1.0727672523125606,0.06373694904249305
1,classifier__complexity,A2,1,POLKE,618,2.1456688156916757,0.2777667216053767
1,classifier__complexity,A2,2,TAALES,485,1.9097336538205227,0.24722382703324383
1,classifier__complexity,A2,3,TAASSC,139,1.2329055524620758,0.15960530854155208
1,classifier__complexity,A2,4,LCA,33,1.1216649483567511,0.14520469942342165
1,classifier__complexity,A2,5,TAALES_COVERAGE,352,0.6622467947641318,0.08573090112045258
1,classifier__complexity,A2,6,L2SCA,23,0.6524954322135704,0.0844685422759532
1,classifier__complexity,B1,1,TAALES,485,2.2294387485692,0.3486594667870635
1,classifier__complexity,B1,2,POLKE,618,1.3706573093844374,0.21435558476072467
1,classifier__complexity,B1,3,TAASSC,139,1.2077547200660783,0.1888794285010282
1,classifier__complexity,B1,4,LCA,33,0.7185695339029442,0.11237629681497968
1,classifier__complexity,B1,5,TAALES_COVERAGE,352,0.6355756909566408,0.09939698125996017
1,classifier__complexity,B1,6,L2SCA,23,0.23231982945340654,0.03633224187624371
1,classifier__complexity,B2,1,TAALES,485,4.276953610295898,0.3640591077753513
1,classifier__complexity,B2,2,POLKE,618,2.5994377444722883,0.2212670681515015
1,classifier__complexity,B2,3,TAASSC,139,2.1013883831659035,0.17887254564164862
1,classifier__complexity,B2,4,TAALES_COVERAGE,352,1.1586449962820797,0.09862516688499835
1,classifier__complexity,B2,5,LCA,33,0.8096015373282992,0.06891419458554796
1,classifier__complexity,B2,6,L2SCA,23,0.80193860270629,0.06826191696095232
1,classifier__complexity,C1,1,TAALES,485,12.75955784625916,0.4817114964485661
1,classifier__complexity,C1,2,POLKE,618,3.882718662902496,0.14658425001332512
1,classifier__complexity,C1,3,TAASSC,139,3.2790361823653416,0.12379342962728863
1,classifier__complexity,C1,4,LCA,33,3.1144412794019245,0.11757947942857078
1,classifier__complexity,C1,5,TAALES_COVERAGE,352,2.641110471464793,0.09970982480935119
1,classifier__complexity,C1,6,L2SCA,23,0.8111017787353649,0.030621519672898116
2,classifier__combined_plus_error_composition,overall,1,TAALES,485,4.999512277757553,0.3536928522579891
2,classifier__combined_plus_error_composition,overall,2,POLKE,618,2.51866385466986,0.17818406139345502
2,classifier__combined_plus_error_composition,overall,3,LCA,33,2.3128312321197426,0.1636223355064357
2,classifier__combined_plus_error_composition,overall,4,TAASSC,139,1.9227980152434714,0.13602925176383449
2,classifier__combined_plus_error_composition,overall,5,TAALES_COVERAGE,352,1.2591963603800849,0.08908243994861706
2,classifier__combined_plus_error_composition,overall,6,L2SCA,23,0.9334822495959086,0.0660396416787822
2,classifier__combined_plus_error_composition,overall,7,ERRANT,72,0.1886964240881414,0.013349417450886471
2,classifier__combined_plus_error_composition,A1,1,LCA,33,5.626826161470622,0.32511248170030715
2,classifier__combined_plus_error_composition,A1,2,TAALES,485,3.822443154857194,0.2208570061651197
2,classifier__combined_plus_error_composition,A1,3,POLKE,618,2.4692010320509272,0.142668007205189
2,classifier__combined_plus_error_composition,A1,4,L2SCA,23,2.104381509865615,0.12158909400851971
2,classifier__combined_plus_error_composition,A1,5,TAASSC,139,2.0790746209168955,0.12012688685405487
2,classifier__combined_plus_error_composition,A1,6,TAALES_COVERAGE,352,1.0799641821665262,0.06239926831502401
2,classifier__combined_plus_error_composition,A1,7,ERRANT,72,0.12543058343913588,0.007247255751785468
2,classifier__combined_plus_error_composition,A2,1,POLKE,618,2.153855044016936,0.2709871635511065
2,classifier__combined_plus_error_composition,A2,2,TAALES,485,1.9890042074114898,0.2502464638717898
2,classifier__combined_plus_error_composition,A2,3,TAASSC,139,1.1772118034973553,0.14811084358475635
2,classifier__combined_plus_error_composition,A2,4,LCA,33,1.125564887006105,0.141612889395591
2,classifier__combined_plus_error_composition,A2,5,L2SCA,23,0.6934982202586082,0.08725244354658765
2,classifier__combined_plus_error_composition,A2,6,TAALES_COVERAGE,352,0.6588398142343795,0.08289189794357796
2,classifier__combined_plus_error_composition,A2,7,ERRANT,72,0.15020709529859125,0.018898298106590654
2,classifier__combined_plus_error_composition,B1,1,TAALES,485,2.315275398543869,0.3484803295884663
2,classifier__combined_plus_error_composition,B1,2,POLKE,618,1.359202933639744,0.204578464657069
2,classifier__combined_plus_error_composition,B1,3,TAASSC,139,1.2095749722542877,0.18205742835527625
2,classifier__combined_plus_error_composition,B1,4,LCA,33,0.7275665806370724,0.10950863209509301
2,classifier__combined_plus_error_composition,B1,5,TAALES_COVERAGE,352,0.6475536157602575,0.09746559635551791
2,classifier__combined_plus_error_composition,B1,6,L2SCA,23,0.24935163205578365,0.037530800429560654
2,classifier__combined_plus_error_composition,B1,7,ERRANT,72,0.13539477294145008,0.020378748519016877
2,classifier__combined_plus_error_composition,B2,1,TAALES,485,4.243737457060727,0.35452388532844237
2,classifier__combined_plus_error_composition,B2,2,POLKE,618,2.6614410672386333,0.22233807752650864
2,classifier__combined_plus_error_composition,B2,3,TAASSC,139,2.034707027064696,0.169980411851321
2,classifier__combined_plus_error_composition,B2,4,TAALES_COVERAGE,352,1.1798371723714915,0.0985641695878546
2,classifier__combined_plus_error_composition,B2,5,LCA,33,0.8604233628802679,0.07188018503080357
2,classifier__combined_plus_error_composition,B2,6,L2SCA,23,0.759798197719571,0.06347390993119012
2,classifier__combined_plus_error_composition,B2,7,ERRANT,72,0.23029984499652442,0.019239360743879667
2,classifier__combined_plus_error_composition,C1,1,TAALES,485,12.627101170914484,0.47105088920094124
2,classifier__combined_plus_error_composition,C1,2,POLKE,618,3.94961919640306,0.14733956822617494
2,classifier__combined_plus_error_composition,C1,3,LCA,33,3.223775168604646,0.12026213611505854
2,classifier__combined_plus_error_composition,C1,4,TAASSC,139,3.113421652484122,0.11614542546299218
2,classifier__combined_plus_error_composition,C1,5,TAALES_COVERAGE,352,2.7297870173677694,0.10183403019072725
2,classifier__combined_plus_error_composition,C1,6,L2SCA,23,0.8603816880799648,0.03209632628554624
2,classifier__combined_plus_error_composition,C1,7,ERRANT,72,0.3021498237650054,0.01127162451855969
3,classifier__combined,overall,1,TAALES,485,4.985061367206714,0.35108266717701037
3,classifier__combined,overall,2,POLKE,618,2.574044816330737,0.18128212533057056
3,classifier__combined,overall,3,LCA,33,2.257572423298126,0.1589939399604399
3,classifier__combined,overall,4,TAASSC,139,1.9728064809237218,0.13893874320245084
3,classifier__combined,overall,5,TAALES_COVERAGE,352,1.2789101276420975,0.09006973949126507
3,classifier__combined,overall,6,L2SCA,23,0.9440775513268882,0.06648850241286121
3,classifier__combined,overall,7,ERRANT,69,0.1866371104144815,0.013144282425402134
3,classifier__combined,A1,1,LCA,33,5.596618909710239,0.32153939238097573
3,classifier__combined,A1,2,TAALES,485,3.8051168887253444,0.2186132363267667
3,classifier__combined,A1,3,POLKE,618,2.459705890547466,0.14131609642213191
3,classifier__combined,A1,4,L2SCA,23,2.205790703852494,0.12672805028867984
3,classifier__combined,A1,5,TAASSC,139,2.1327879850445663,0.12253386622391642
3,classifier__combined,A1,6,TAALES_COVERAGE,352,1.0882033293011029,0.06251993264778989
3,classifier__combined,A1,7,ERRANT,69,0.11747849393226512,0.006749425709739523
3,classifier__combined,A2,1,POLKE,618,2.2442390470767615,0.2822670662380518
3,classifier__combined,A2,2,TAALES,485,1.9204913018404608,0.2415479965079059
3,classifier__combined,A2,3,TAASSC,139,1.2285004787397982,0.1545134982200781
3,classifier__combined,A2,4,LCA,33,1.023394151863365,0.12871644187276757
3,classifier__combined,A2,5,L2SCA,23,0.7228484535221615,0.0909155878809707
3,classifier__combined,A2,6,TAALES_COVERAGE,352,0.6619673270011303,0.08325832115854061
3,classifier__combined,A2,7,ERRANT,69,0.14932401385335112,0.018781088121685264
3,classifier__combined,B1,1,TAALES,485,2.3095294335249803,0.3496762433516264
3,classifier__combined,B1,2,POLKE,618,1.3584545043960383,0.2056779450246241
3,classifier__combined,B1,3,TAASSC,139,1.2296150429086086,0.18617089816287052
3,classifier__combined,B1,4,LCA,33,0.706347063609522,0.10694507033341884
3,classifier__combined,B1,5,TAALES_COVERAGE,352,0.6380162182794886,0.09659938131417184
3,classifier__combined,B1,6,L2SCA,23,0.23144986038830778,0.03504286047626441
3,classifier__combined,B1,7,ERRANT,69,0.1313529343881679,0.0198876013370238
3,classifier__combined,B2,1,TAALES,485,4.187140518017006,0.3514002680605994
3,classifier__combined,B2,2,POLKE,618,2.695515348656048,0.22621758500901312
3,classifier__combined,B2,3,TAASSC,139,2.059525860472846,0.17284300260136515
3,classifier__combined,B2,4,TAALES_COVERAGE,352,1.20675865417025,0.10127563494351105
3,classifier__combined,B2,5,LCA,33,0.825384467225973,0.06926930724876236
3,classifier__combined,B2,6,L2SCA,23,0.713354126598708,0.059867308066278435
3,classifier__combined,B2,7,ERRANT,69,0.2279081731732631,0.01912689407047048
3,classifier__combined,C1,1,TAALES,485,12.703028693925779,0.4684226952349437
3,classifier__combined,C1,2,POLKE,618,4.112309290977371,0.15164092344689584
3,classifier__combined,C1,3,TAASSC,139,3.2136030374527884,0.11850123560994863
3,classifier__combined,C1,4,LCA,33,3.136117524081532,0.11564396637994344
3,classifier__combined,C1,5,TAALES_COVERAGE,352,2.7996051094585166,0.10323511050503655
3,classifier__combined,C1,6,L2SCA,23,0.8469446122727697,0.03123098337841503
3,classifier__combined,C1,7,ERRANT,69,0.3071219367253603,0.011325085444816809
4,classifier__combined_without_length_features,overall,1,TAALES,484,4.869258650895157,0.36784083381380855
4,classifier__combined_without_length_features,overall,2,POLKE,617,2.6118129682818023,0.19730548917171964
4,classifier__combined_without_length_features,overall,3,TAASSC,138,2.163236984346102,0.1634184899815198
4,classifier__combined_without_length_features,overall,4,TAALES_COVERAGE,352,1.2555316576278597,0.09484725395241882
4,classifier__combined_without_length_features,overall,5,LCA,28,1.2134382005895346,0.0916673669418496
4,classifier__combined_without_length_features,overall,6,L2SCA,22,0.9359967811255132,0.07070847147397982
4,classifier__combined_without_length_features,overall,7,ERRANT,69,0.18813127454054718,0.014212094664703703
4,classifier__combined_without_length_features,A1,1,TAALES,484,3.4225854924049703,0.26087115591033666
4,classifier__combined_without_length_features,A1,2,POLKE,617,2.5232952320932998,0.1923268083032398
4,classifier__combined_without_length_features,A1,3,TAASSC,138,2.171184145282075,0.16548872743451495
4,classifier__combined_without_length_features,A1,4,LCA,28,1.9100816032316534,0.14558736277701487
4,classifier__combined_without_length_features,A1,5,L2SCA,22,1.8683918020236565,0.14240974554731048
4,classifier__combined_without_length_features,A1,6,TAALES_COVERAGE,352,1.0951144180394978,0.08347016158456752
4,classifier__combined_without_length_features,A1,7,ERRANT,69,0.12917836092354196,0.00984603844301567
4,classifier__combined_without_length_features,A2,1,POLKE,617,1.8802026994174492,0.2725234810881875
4,classifier__combined_without_length_features,A2,2,TAALES,484,1.610163815530084,0.23338305400074905
4,classifier__combined_without_length_features,A2,3,TAASSC,138,1.2910176158972626,0.18712483230638075
4,classifier__combined_without_length_features,A2,4,TAALES_COVERAGE,352,0.6675979654061711,0.09676409971980741
4,classifier__combined_without_length_features,A2,5,LCA,28,0.6659244726773432,0.09652153754064595
4,classifier__combined_without_length_features,A2,6,L2SCA,22,0.6354166579032866,0.0920996228794259
4,classifier__combined_without_length_features,A2,7,ERRANT,69,0.14890869223017122,0.021583372464803508
4,classifier__combined_without_length_features,B1,1,TAALES,484,2.168092836962612,0.3302667095906273
4,classifier__combined_without_length_features,B1,2,POLKE,617,1.382615371437042,0.2106145187000631
4,classifier__combined_without_length_features,B1,3,TAASSC,138,1.3478136746442337,0.20531315812546994
4,classifier__combined_without_length_features,B1,4,TAALES_COVERAGE,352,0.650731560947805,0.099126277157988
4,classifier__combined_without_length_features,B1,5,LCA,28,0.6314038602533825,0.0961820784578797
4,classifier__combined_without_length_features,B1,6,L2SCA,22,0.24950835307187488,0.03800773720551047
4,classifier__combined_without_length_features,B1,7,ERRANT,69,0.13450699664205637,0.02048952076246151
4,classifier__combined_without_length_features,B2,1,TAALES,484,4.124488487171224,0.34205833021147825
4,classifier__combined_without_length_features,B2,2,POLKE,617,2.8001097272842945,0.23222294369421076
4,classifier__combined_without_length_features,B2,3,TAASSC,138,1.9639845886921814,0.1628801464857224
4,classifier__combined_without_length_features,B2,4,TAALES_COVERAGE,352,1.1997151086989142,0.09949659165917234
4,classifier__combined_without_length_features,B2,5,LCA,28,0.8977601075224659,0.07445440186456351
4,classifier__combined_without_length_features,B2,6,L2SCA,22,0.8366605662560085,0.06938720210699413
4,classifier__combined_without_length_features,B2,7,ERRANT,69,0.23513273061460113,0.019500383977858554
4,classifier__combined_without_length_features,C1,1,TAALES,484,13.020962622406891,0.47270836677678696
4,classifier__combined_without_length_features,C1,2,POLKE,617,4.472841811176925,0.16238044826070913
4,classifier__combined_without_length_features,C1,3,TAASSC,138,4.042184897214756,0.14674603379047102
4,classifier__combined_without_length_features,C1,4,TAALES_COVERAGE,352,2.66449923504691,0.09673102659165779
4,classifier__combined_without_length_features,C1,5,LCA,28,1.9620209592628277,0.07122850668804984
4,classifier__combined_without_length_features,C1,6,L2SCA,22,1.0900065263727388,0.03957120681469651
4,classifier__combined_without_length_features,C1,7,ERRANT,69,0.29292959229236526,0.010634411077628775
5,classifier__complexity_without_length_features,overall,1,TAALES,484,4.8136595861802745,0.3708574035751148
5,classifier__complexity_without_length_features,overall,2,POLKE,617,2.5933723274736886,0.19980044509828485
5,classifier__complexity_without_length_features,overall,3,TAASSC,138,2.1376387401425734,0.16468949221644544
5,classifier__complexity_without_length_features,overall,4,LCA,28,1.2409263956605654,0.09560433862912297
5,classifier__complexity_without_length_features,overall,5,TAALES_COVERAGE,352,1.2275113159599305,0.09457080446712825
5,classifier__complexity_without_length_features,overall,6,L2SCA,22,0.9667041980533323,0.07447751601390368
5,classifier__complexity_without_length_features,A1,1,TAALES,484,3.41537287606773,0.2613815898484331
5,classifier__complexity_without_length_features,A1,2,POLKE,617,2.5346885427306023,0.19398201751614383
5,classifier__complexity_without_length_features,A1,3,TAASSC,138,2.1295041287170027,0.16297288610949734
5,classifier__complexity_without_length_features,A1,4,LCA,28,1.9537530940222292,0.14952249971452264
5,classifier__complexity_without_length_features,A1,5,L2SCA,22,1.950100027690356,0.14924292722850285
5,classifier__complexity_without_length_features,A1,6,TAALES_COVERAGE,352,1.0831973768685026,0.08289807958290024
5,classifier__complexity_without_length_features,A2,1,POLKE,617,1.9184642425465082,0.2836474697106667
5,classifier__complexity_without_length_features,A2,2,TAALES,484,1.572326849599224,0.23247059942851767
5,classifier__complexity_without_length_features,A2,3,TAASSC,138,1.2648119852135733,0.18700412095736937
5,classifier__complexity_without_length_features,A2,4,L2SCA,22,0.680694060984838,0.10064151510540696
5,classifier__complexity_without_length_features,A2,5,TAALES_COVERAGE,352,0.6732417291670022,0.09953967801264595
5,classifier__complexity_without_length_features,A2,6,LCA,28,0.6540125384063082,0.09669661678539332
5,classifier__complexity_without_length_features,B1,1,TAALES,484,2.1262335681677924,0.3347403840052304
5,classifier__complexity_without_length_features,B1,2,TAASSC,138,1.361428056509387,0.2143343785246283
5,classifier__complexity_without_length_features,B1,3,POLKE,617,1.3545920560158478,0.2132581630680926
5,classifier__complexity_without_length_features,B1,4,TAALES_COVERAGE,352,0.6253371368528688,0.09844901164985352
5,classifier__complexity_without_length_features,B1,5,LCA,28,0.6234224358464893,0.09814757357657401
5,classifier__complexity_without_length_features,B1,6,L2SCA,22,0.2608751645123087,0.04107048917562125
5,classifier__complexity_without_length_features,B2,1,TAALES,484,4.1441510266390384,0.35008858066247145
5,classifier__complexity_without_length_features,B2,2,POLKE,617,2.7488517454130554,0.23221682796239349
5,classifier__complexity_without_length_features,B2,3,TAASSC,138,1.9932574626522483,0.16838591825181223
5,classifier__complexity_without_length_features,B2,4,TAALES_COVERAGE,352,1.1854507339183795,0.10014421825242974
5,classifier__complexity_without_length_features,B2,5,LCA,28,0.8870264025840222,0.07493400030418984
5,classifier__complexity_without_length_features,B2,6,L2SCA,22,0.8786982252273803,0.07423045456670337
5,classifier__complexity_without_length_features,C1,1,TAALES,484,12.810213610427587,0.4765780466938668
5,classifier__complexity_without_length_features,C1,2,POLKE,617,4.410265050662428,0.16407497698055723
5,classifier__complexity_without_length_features,C1,3,TAASSC,138,3.9391920676206555,0.14654966093699384
5,classifier__complexity_without_length_features,C1,4,TAALES_COVERAGE,352,2.570329602992899,0.09562390595552998
5,classifier__complexity_without_length_features,C1,5,LCA,28,2.086417507443778,0.0776209367403556
5,classifier__complexity_without_length_features,C1,6,L2SCA,22,1.063153511851779,0.039552472692696454
6,classifier__combined_without_length_correlated_features,overall,1,TAALES,484,5.078541328133777,0.4017925296976502
6,classifier__combined_without_length_correlated_features,overall,2,TAASSC,134,2.7393601109228163,0.21672648849447765
6,classifier__combined_without_length_correlated_features,overall,3,POLKE,615,2.536900919193118,0.20070878074147022
6,classifier__combined_without_length_correlated_features,overall,4,TAALES_COVERAGE,352,1.313588537301127,0.10392552256299235
6,classifier__combined_without_length_correlated_features,overall,5,LCA,14,0.5176797343218713,0.04095661265452896
6,classifier__combined_without_length_correlated_features,overall,6,L2SCA,14,0.2670425103722864,0.021127264473541293
6,classifier__combined_without_length_correlated_features,overall,7,ERRANT,62,0.18659753818745342,0.014762801375339302
6,classifier__combined_without_length_correlated_features,A1,1,TAALES,484,3.6988681058606847,0.3509935457287955
6,classifier__combined_without_length_correlated_features,A1,2,POLKE,615,2.57021937841606,0.24389364181483789
6,classifier__combined_without_length_correlated_features,A1,3,TAASSC,134,2.2734995814655443,0.2157372624471675
6,classifier__combined_without_length_correlated_features,A1,4,TAALES_COVERAGE,352,1.146878386016335,0.10882975540267975
6,classifier__combined_without_length_correlated_features,A1,5,LCA,14,0.5091849276380704,0.0483176523380685
6,classifier__combined_without_length_correlated_features,A1,6,L2SCA,14,0.20940424643363767,0.0198708190838036
6,classifier__combined_without_length_correlated_features,A1,7,ERRANT,62,0.13022492623503126,0.012357323184647242
6,classifier__combined_without_length_correlated_features,A2,1,TAALES,484,1.6418384929699597,0.28085630273845563
6,classifier__combined_without_length_correlated_features,A2,2,POLKE,615,1.523398486774999,0.2605957092765109
6,classifier__combined_without_length_correlated_features,A2,3,TAASSC,134,1.301813397794843,0.22269090371895411
6,classifier__combined_without_length_correlated_features,A2,4,TAALES_COVERAGE,352,0.6524108828215623,0.11160276068576035
6,classifier__combined_without_length_correlated_features,A2,5,LCA,14,0.39679677386936485,0.06787688029283884
6,classifier__combined_without_length_correlated_features,A2,6,L2SCA,14,0.16911493028975455,0.028929151230419572
6,classifier__combined_without_length_correlated_features,A2,7,ERRANT,62,0.16045807776488025,0.027448292057060706
6,classifier__combined_without_length_correlated_features,B1,1,TAALES,484,2.194627338973031,0.3428172911768391
6,classifier__combined_without_length_correlated_features,B1,2,TAASSC,134,1.5182638601618368,0.23716423038634543
6,classifier__combined_without_length_correlated_features,B1,3,POLKE,615,1.3995054986694677,0.21861328140816264
6,classifier__combined_without_length_correlated_features,B1,4,TAALES_COVERAGE,352,0.65380045880446,0.1021285474199927
6,classifier__combined_without_length_correlated_features,B1,5,LCA,14,0.3877841675537672,0.0605748026196814
6,classifier__combined_without_length_correlated_features,B1,6,L2SCA,14,0.1303379392232663,0.020359766083566832
6,classifier__combined_without_length_correlated_features,B1,7,ERRANT,62,0.11742124229056926,0.018342080905411944
6,classifier__combined_without_length_correlated_features,B2,1,TAALES,484,4.398220158788031,0.3618595277260427
6,classifier__combined_without_length_correlated_features,B2,2,POLKE,615,2.6215030591549655,0.21568175868203732
6,classifier__combined_without_length_correlated_features,B2,3,TAASSC,134,2.6117734068726843,0.21488126046851108
6,classifier__combined_without_length_correlated_features,B2,4,TAALES_COVERAGE,352,1.2458699168670178,0.10250280419109654
6,classifier__combined_without_length_correlated_features,B2,5,LCA,14,0.644673489838013,0.05303991981942211
6,classifier__combined_without_length_correlated_features,B2,6,L2SCA,14,0.4146358104562819,0.034113780832508385
6,classifier__combined_without_length_correlated_features,B2,7,ERRANT,62,0.21782009302528715,0.01792094828038184
6,classifier__combined_without_length_correlated_features,C1,1,TAALES,484,13.45915254407718,0.4762918202938193
6,classifier__combined_without_length_correlated_features,C1,2,TAASSC,134,5.991450308319175,0.21202514528339242
6,classifier__combined_without_length_correlated_features,C1,3,POLKE,615,4.5698781729501,0.1617186213164087
6,classifier__combined_without_length_correlated_features,C1,4,TAALES_COVERAGE,352,2.8689830419962603,0.1015274290851118
6,classifier__combined_without_length_correlated_features,C1,5,LCA,14,0.6499593127101408,0.02300072780613976
6,classifier__combined_without_length_correlated_features,C1,6,L2SCA,14,0.41171962545849144,0.014569913612176822
6,classifier__combined_without_length_correlated_features,C1,7,ERRANT,62,0.30706335162149917,0.010866342602951204
7,classifier__combined_without_length_and_duplicate_features,overall,1,TAALES,334,4.047752495864819,0.3622521347753059
7,classifier__combined_without_length_and_duplicate_features,overall,2,POLKE,581,2.4457098896656992,0.21887791545495364
7,classifier__combined_without_length_and_duplicate_features,overall,3,TAASSC,130,1.969686335514212,0.17627636092046325
7,classifier__combined_without_length_and_duplicate_features,overall,4,L2SCA,19,0.9349065694093461,0.08366912278603504
7,classifier__combined_without_length_and_duplicate_features,overall,5,LCA,20,0.8585348103217413,0.0768342600333609
7,classifier__combined_without_length_and_duplicate_features,overall,6,TAALES_COVERAGE,46,0.7543900018268948,0.06751385834339466
7,classifier__combined_without_length_and_duplicate_features,overall,7,ERRANT,52,0.1628739821372386,0.014576347686486652
7,classifier__combined_without_length_and_duplicate_features,A1,1,TAALES,334,3.043277828140348,0.2593844538096199
7,classifier__combined_without_length_and_duplicate_features,A1,2,POLKE,581,2.458932733002256,0.2095795914545637
7,classifier__combined_without_length_and_duplicate_features,A1,3,TAASSC,130,2.096817752310131,0.17871583146045766
7,classifier__combined_without_length_and_duplicate_features,A1,4,L2SCA,19,1.851031881654592,0.15776702645008295
7,classifier__combined_without_length_and_duplicate_features,A1,5,LCA,20,1.4882092850237956,0.1268429549812696
7,classifier__combined_without_length_and_duplicate_features,A1,6,TAALES_COVERAGE,46,0.6771705207495845,0.0577165528682406
7,classifier__combined_without_length_and_duplicate_features,A1,7,ERRANT,52,0.11725169842220946,0.009993588975765537
7,classifier__combined_without_length_and_duplicate_features,A2,1,POLKE,581,1.8293727361722751,0.28492280184430624
7,classifier__combined_without_length_and_duplicate_features,A2,2,TAALES,334,1.5038370290652512,0.2342209716840004
7,classifier__combined_without_length_and_duplicate_features,A2,3,TAASSC,130,1.2219842890721624,0.1903227158510442
7,classifier__combined_without_length_and_duplicate_features,A2,4,L2SCA,19,0.6313559705857523,0.09833300154938114
7,classifier__combined_without_length_and_duplicate_features,A2,5,LCA,20,0.5621210908849564,0.08754974479713525
7,classifier__combined_without_length_and_duplicate_features,A2,6,TAALES_COVERAGE,46,0.5378448181964508,0.08376874189052252
7,classifier__combined_without_length_and_duplicate_features,A2,7,ERRANT,52,0.13407492196988274,0.02088202238361022
7,classifier__combined_without_length_and_duplicate_features,B1,1,TAALES,334,1.869034496208346,0.3214659180727639
7,classifier__combined_without_length_and_duplicate_features,B1,2,TAASSC,130,1.314814183713975,0.2261424010740082
7,classifier__combined_without_length_and_duplicate_features,B1,3,POLKE,581,1.28743415088518,0.2214331528455636
7,classifier__combined_without_length_and_duplicate_features,B1,4,TAALES_COVERAGE,46,0.4852226046836973,0.08345620714905991
7,classifier__combined_without_length_and_duplicate_features,B1,5,LCA,20,0.4850729883560193,0.08343047378232256
7,classifier__combined_without_length_and_duplicate_features,B1,6,L2SCA,19,0.2537777941986563,0.04364869228687471
7,classifier__combined_without_length_and_duplicate_features,B1,7,ERRANT,52,0.11874223261877552,0.020423154789406994
7,classifier__combined_without_length_and_duplicate_features,B2,1,TAALES,334,3.532303083902674,0.3433027728860961
7,classifier__combined_without_length_and_duplicate_features,B2,2,POLKE,581,2.610424075559657,0.2537058124010478
7,classifier__combined_without_length_and_duplicate_features,B2,3,TAASSC,130,1.7820261572756975,0.17319423237951054
7,classifier__combined_without_length_and_duplicate_features,B2,4,L2SCA,19,0.8368827296602437,0.08133621460234892
7,classifier__combined_without_length_and_duplicate_features,B2,5,TAALES_COVERAGE,46,0.7133258369220059,0.06932778189465444
7,classifier__combined_without_length_and_duplicate_features,B2,6,LCA,20,0.6263588250292719,0.06087550143535501
7,classifier__combined_without_length_and_duplicate_features,B2,7,ERRANT,52,0.1878565511497517,0.018257684400987108
7,classifier__combined_without_length_and_duplicate_features,C1,1,TAALES,334,10.290310042007473,0.47612303197506123
7,classifier__combined_without_length_and_duplicate_features,C1,2,POLKE,581,4.042385752709128,0.18703741219999118
7,classifier__combined_without_length_and_duplicate_features,C1,3,TAASSC,130,3.432789295199095,0.15883195362332111
7,classifier__combined_without_length_and_duplicate_features,C1,4,TAALES_COVERAGE,46,1.3583862285827353,0.0628512617312557
7,classifier__combined_without_length_and_duplicate_features,C1,5,LCA,20,1.1309118623146632,0.05232623532077532
7,classifier__combined_without_length_and_duplicate_features,C1,6,L2SCA,19,1.1014844709474862,0.05096465741460334
7,classifier__combined_without_length_and_duplicate_features,C1,7,ERRANT,52,0.25644450652557366,0.011865447734992146
8,classifier__complexity_without_length_correlated_features,overall,1,TAALES,484,4.994030264404124,0.40549357958474197
8,classifier__complexity_without_length_correlated_features,overall,2,TAASSC,134,2.708528356762443,0.21992074549861135
8,classifier__complexity_without_length_correlated_features,overall,3,POLKE,615,2.521907130110298,0.2047679119723406
8,classifier__complexity_without_length_correlated_features,overall,4,TAALES_COVERAGE,352,1.3101996060787084,0.10638252075205738
8,classifier__complexity_without_length_correlated_features,overall,5,LCA,14,0.5064764505881374,0.04112368929523561
8,classifier__complexity_without_length_correlated_features,overall,6,L2SCA,14,0.27478750841787514,0.022311552897013035
8,classifier__complexity_without_length_correlated_features,A1,1,TAALES,484,3.6802493543713464,0.35652069962728844
8,classifier__complexity_without_length_correlated_features,A1,2,POLKE,615,2.571512127133533,0.24911282209091226
8,classifier__complexity_without_length_correlated_features,A1,3,TAASSC,134,2.2198281852644866,0.21504377053224344
8,classifier__complexity_without_length_correlated_features,A1,4,TAALES_COVERAGE,352,1.1365643278962472,0.11010360177678938
8,classifier__complexity_without_length_correlated_features,A1,5,LCA,14,0.4960929322327626,0.0480585368678068
8,classifier__complexity_without_length_correlated_features,A1,6,L2SCA,14,0.21843379884553862,0.0211605691049596
8,classifier__complexity_without_length_correlated_features,A2,1,TAALES,484,1.6148129965515512,0.28561365667731886
8,classifier__complexity_without_length_correlated_features,A2,2,POLKE,615,1.523206246832251,0.2694110754375548
8,classifier__complexity_without_length_correlated_features,A2,3,TAASSC,134,1.30640661673647,0.23106549904562657
8,classifier__complexity_without_length_correlated_features,A2,4,TAALES_COVERAGE,352,0.6532097759562795,0.1155338934518473
8,classifier__complexity_without_length_correlated_features,A2,5,LCA,14,0.3832586807739033,0.06778736206788093
8,classifier__complexity_without_length_correlated_features,A2,6,L2SCA,14,0.17294246160561805,0.030588513319771582
8,classifier__complexity_without_length_correlated_features,B1,1,TAALES,484,2.203704694931084,0.35442598429142674
8,classifier__complexity_without_length_correlated_features,B1,2,TAASSC,134,1.4550826940057056,0.23402369529576245
8,classifier__complexity_without_length_correlated_features,B1,3,POLKE,615,1.3960069360965792,0.22452242968024452
8,classifier__complexity_without_length_correlated_features,B1,4,TAALES_COVERAGE,352,0.635822516925288,0.102260535140778
8,classifier__complexity_without_length_correlated_features,B1,5,LCA,14,0.39694979700054384,0.06384218486252285
8,classifier__complexity_without_length_correlated_features,B1,6,L2SCA,14,0.13010585854901746,0.0209251707292654
8,classifier__complexity_without_length_correlated_features,B2,1,TAALES,484,4.339410621744935,0.3672130220788629
8,classifier__complexity_without_length_correlated_features,B2,2,TAASSC,134,2.5771379100991796,0.21808459322546925
8,classifier__complexity_without_length_correlated_features,B2,3,POLKE,615,2.573745261593989,0.21779749785260927
8,classifier__complexity_without_length_correlated_features,B2,4,TAALES_COVERAGE,352,1.2592183446497582,0.10655856615155797
8,classifier__complexity_without_length_correlated_features,B2,5,LCA,14,0.6320412169610405,0.053485089471744435
8,classifier__complexity_without_length_correlated_features,B2,6,L2SCA,14,0.4355946240143244,0.036861231219756214
8,classifier__complexity_without_length_correlated_features,C1,1,TAALES,484,13.131973654421701,0.47634310267144836
8,classifier__complexity_without_length_correlated_features,C1,2,TAASSC,134,5.984186377706374,0.21706759251386876
8,classifier__complexity_without_length_correlated_features,C1,3,POLKE,615,4.545065078895139,0.16486557607397997
8,classifier__complexity_without_length_correlated_features,C1,4,TAALES_COVERAGE,352,2.8661830649659694,0.10396659100291006
8,classifier__complexity_without_length_correlated_features,C1,5,LCA,14,0.6240396259724365,0.022636123057218467
8,classifier__complexity_without_length_correlated_features,C1,6,L2SCA,14,0.41686079907487733,0.015121014680574361
9,classifier__combined_without_duplicate_features,overall,1,TAALES,334,3.929789997568718,0.33597022677992366
9,classifier__combined_without_duplicate_features,overall,2,POLKE,581,2.2564023567682776,0.1929070031679056
9,classifier__combined_without_duplicate_features,overall,3,LCA,22,2.0655042061754574,0.176586514035861
9,classifier__combined_without_duplicate_features,overall,4,TAASSC,130,1.7618435473042495,0.15062559996965924
9,classifier__combined_without_duplicate_features,overall,5,L2SCA,19,0.7680850726389619,0.06566603207816163
9,classifier__combined_without_duplicate_features,overall,6,TAALES_COVERAGE,46,0.7590789575325143,0.06489607069686866
9,classifier__combined_without_duplicate_features,overall,7,ERRANT,52,0.15613589225329821,0.01334855327162022
9,classifier__combined_without_duplicate_features,A1,1,LCA,22,5.0187594819499095,0.34976125939067276
9,classifier__combined_without_duplicate_features,A1,2,TAALES,334,3.0524872481205314,0.2127302151092129
9,classifier__combined_without_duplicate_features,A1,3,POLKE,581,2.138891076707292,0.14906098596260267
9,classifier__combined_without_duplicate_features,A1,4,TAASSC,130,1.8871328770535838,0.131515760834859
9,classifier__combined_without_duplicate_features,A1,5,L2SCA,19,1.4737608914496523,0.10270754501944782
9,classifier__combined_without_duplicate_features,A1,6,TAALES_COVERAGE,46,0.6738949854103821,0.046964266696163375
9,classifier__combined_without_duplicate_features,A1,7,ERRANT,52,0.10417399633776947,0.007259966987041447
9,classifier__combined_without_duplicate_features,A2,1,POLKE,581,1.6547251942539831,0.24270782117687004
9,classifier__combined_without_duplicate_features,A2,2,TAALES,334,1.4937120211207942,0.21909111638042864
9,classifier__combined_without_duplicate_features,A2,3,LCA,22,1.3699103590930937,0.20093243253784346
9,classifier__combined_without_duplicate_features,A2,4,TAASSC,130,1.1066700106035443,0.16232149481259603
9,classifier__combined_without_duplicate_features,A2,5,TAALES_COVERAGE,46,0.5354808526694057,0.0785419787434358
9,classifier__combined_without_duplicate_features,A2,6,L2SCA,19,0.5270270353737913,0.0773020099657978
9,classifier__combined_without_duplicate_features,A2,7,ERRANT,52,0.13024078686975205,0.019103146383028204
9,classifier__combined_without_duplicate_features,B1,1,TAALES,334,1.846866209435038,0.31797920564779425
9,classifier__combined_without_duplicate_features,B1,2,TAASSC,130,1.2491978697229595,0.2150772721284093
9,classifier__combined_without_duplicate_features,B1,3,POLKE,581,1.239825833763108,0.2134636671284414
9,classifier__combined_without_duplicate_features,B1,4,LCA,22,0.6493374308267098,0.11179791984759864
9,classifier__combined_without_duplicate_features,B1,5,TAALES_COVERAGE,46,0.48478466402866144,0.08346649128700122
9,classifier__combined_without_duplicate_features,B1,6,L2SCA,19,0.2217308661149661,0.038175913509404816
9,classifier__combined_without_duplicate_features,B1,7,ERRANT,52,0.11639230171716852,0.02003953045135046
9,classifier__combined_without_duplicate_features,B2,1,TAALES,334,3.5235790368864914,0.34542862016671827
9,classifier__combined_without_duplicate_features,B2,2,POLKE,581,2.5048740118097506,0.24556144889415388
9,classifier__combined_without_duplicate_features,B2,3,TAASSC,130,1.7792737378288537,0.17442834848404148
9,classifier__combined_without_duplicate_features,B2,4,LCA,22,0.7548738414524594,0.07400288931315749
9,classifier__combined_without_duplicate_features,B2,5,L2SCA,19,0.7445212422314264,0.0729879882632238
9,classifier__combined_without_duplicate_features,B2,6,TAALES_COVERAGE,46,0.7083576109341058,0.06944274261143629
9,classifier__combined_without_duplicate_features,B2,7,ERRANT,52,0.18512009623375297,0.0181479622672688
9,classifier__combined_without_duplicate_features,C1,1,TAALES,334,9.732305472280736,0.45673137232325667
9,classifier__combined_without_duplicate_features,C1,2,POLKE,581,3.743695667307254,0.17568943602929998
9,classifier__combined_without_duplicate_features,C1,3,TAASSC,130,2.7869432413123056,0.13078960733579378
9,classifier__combined_without_duplicate_features,C1,4,LCA,22,2.534639917555115,0.1189491607294322
9,classifier__combined_without_duplicate_features,C1,5,TAALES_COVERAGE,46,1.3928766746200163,0.065366883200304
9,classifier__combined_without_duplicate_features,C1,6,L2SCA,19,0.8733853280249734,0.04098745981329768
9,classifier__combined_without_duplicate_features,C1,7,ERRANT,52,0.24475228010804814,0.011486080568615591
10,classifier__combined_without_length_correlated_and_duplicate_features,overall,1,TAALES,334,4.202483221064256,0.39802963292183124
10,classifier__combined_without_length_correlated_and_duplicate_features,overall,2,POLKE,579,2.351007254130278,0.22267086033030206
10,classifier__combined_without_length_correlated_and_duplicate_features,overall,3,TAASSC,126,2.3270253076123266,0.22039945914505862
10,classifier__combined_without_length_correlated_and_duplicate_features,overall,4,TAALES_COVERAGE,46,0.8097762606826333,0.07669630807156373
10,classifier__combined_without_length_correlated_and_duplicate_features,overall,5,LCA,12,0.46975620617031266,0.044492001625974546
10,classifier__combined_without_length_correlated_and_duplicate_features,overall,6,L2SCA,12,0.23715085834543106,0.022461260195210154
10,classifier__combined_without_length_correlated_and_duplicate_features,overall,7,ERRANT,49,0.16101785241282912,0.015250477710059617
10,classifier__combined_without_length_correlated_and_duplicate_features,A1,1,TAALES,334,3.3220513403300727,0.34824437019933885
10,classifier__combined_without_length_correlated_and_duplicate_features,A1,2,POLKE,579,2.5801840132131773,0.2704758188928377
10,classifier__combined_without_length_correlated_and_duplicate_features,A1,3,TAASSC,126,2.1359447114042585,0.22390705157786
10,classifier__combined_without_length_correlated_and_duplicate_features,A1,4,TAALES_COVERAGE,46,0.7141533584424169,0.07486334829244747
10,classifier__combined_without_length_correlated_and_duplicate_features,A1,5,LCA,12,0.474861654937712,0.04977885078054472
10,classifier__combined_without_length_correlated_and_duplicate_features,A1,6,L2SCA,12,0.198546181405657,0.020813221355039872
10,classifier__combined_without_length_correlated_and_duplicate_features,A1,7,ERRANT,49,0.11368457054931558,0.011917338901931335
10,classifier__combined_without_length_correlated_and_duplicate_features,A2,1,TAALES,334,1.5403808154855974,0.2812884610424697
10,classifier__combined_without_length_correlated_and_duplicate_features,A2,2,POLKE,579,1.4749978258103362,0.269348893658081
10,classifier__combined_without_length_correlated_and_duplicate_features,A2,3,TAASSC,126,1.2586810240398691,0.22984734984765526
10,classifier__combined_without_length_correlated_and_duplicate_features,A2,4,TAALES_COVERAGE,46,0.5286235094737244,0.09653177445205831
10,classifier__combined_without_length_correlated_and_duplicate_features,A2,5,LCA,12,0.3670798790057536,0.06703234239685962
10,classifier__combined_without_length_correlated_and_duplicate_features,A2,6,L2SCA,12,0.16303379378645594,0.02977155031475159
10,classifier__combined_without_length_correlated_and_duplicate_features,A2,7,ERRANT,49,0.14336385154982453,0.026179628288124628
10,classifier__combined_without_length_correlated_and_duplicate_features,B1,1,TAALES,334,1.8666564842236888,0.3333737413614777
10,classifier__combined_without_length_correlated_and_duplicate_features,B1,2,TAASSC,126,1.3398592521296797,0.23929089018541455
10,classifier__combined_without_length_correlated_and_duplicate_features,B1,3,POLKE,579,1.300922768088536,0.2323370658101408
10,classifier__combined_without_length_correlated_and_duplicate_features,B1,4,TAALES_COVERAGE,46,0.5048423691310596,0.0901618432836651
10,classifier__combined_without_length_correlated_and_duplicate_features,B1,5,LCA,12,0.3603776372706805,0.06436130174743998
10,classifier__combined_without_length_correlated_and_duplicate_features,B1,6,L2SCA,12,0.11927230917777708,0.021301324741576602
10,classifier__combined_without_length_correlated_and_duplicate_features,B1,7,ERRANT,49,0.10735986376302864,0.019173832870285318
10,classifier__combined_without_length_correlated_and_duplicate_features,B2,1,TAALES,334,3.7186453712891545,0.3652271862705484
10,classifier__combined_without_length_correlated_and_duplicate_features,B2,2,POLKE,579,2.3733967310667445,0.23310343510672496
10,classifier__combined_without_length_correlated_and_duplicate_features,B2,3,TAASSC,126,2.1939310169831474,0.21547718919124959
10,classifier__combined_without_length_correlated_and_duplicate_features,B2,4,TAALES_COVERAGE,46,0.7606291624577484,0.07470528137601372
10,classifier__combined_without_length_correlated_and_duplicate_features,B2,5,LCA,12,0.6001991635864223,0.05894863043705932
10,classifier__combined_without_length_correlated_and_duplicate_features,B2,6,L2SCA,12,0.35533160801259894,0.03489893507711407
10,classifier__combined_without_length_correlated_and_duplicate_features,B2,7,ERRANT,49,0.17959906041923512,0.017639342541289876
10,classifier__combined_without_length_correlated_and_duplicate_features,C1,1,TAALES,334,10.564682093992763,0.4803334412759188
10,classifier__combined_without_length_correlated_and_duplicate_features,C1,2,TAASSC,126,4.706710533504678,0.21399512522326036
10,classifier__combined_without_length_correlated_and_duplicate_features,C1,3,POLKE,579,4.0255349324725955,0.18302482080274415
10,classifier__combined_without_length_correlated_and_duplicate_features,C1,4,TAALES_COVERAGE,46,1.5406329039082174,0.07004635803456226
10,classifier__combined_without_length_correlated_and_duplicate_features,C1,5,LCA,12,0.5462626960509948,0.024836359324435658
10,classifier__combined_without_length_correlated_and_duplicate_features,C1,6,L2SCA,12,0.3495703993446664,0.015893554712914378
10,classifier__combined_without_length_correlated_and_duplicate_features,C1,7,ERRANT,49,0.26108191578274176,0.011870340626164409
11,classifier__training_mutual_information_features,overall,1,TAALES,65,3.0991590686873236,0.3656951232575009
11,classifier__training_mutual_information_features,overall,2,LCA,17,1.6727066568431295,0.19737633773892793
11,classifier__training_mutual_information_features,overall,3,POLKE,20,1.1606033640614988,0.13694908227260172
11,classifier__training_mutual_information_features,overall,4,TAASSC,24,1.0138507651019022,0.11963254298711766
11,classifier__training_mutual_information_features,overall,5,TAALES_COVERAGE,57,0.7234026385005012,0.08536019326148771
11,classifier__training_mutual_information_features,overall,6,L2SCA,15,0.7181677700333479,0.08474248832059762
11,classifier__training_mutual_information_features,overall,7,ERRANT,2,0.08681686734860036,0.010244232161766346
11,classifier__training_mutual_information_features,A1,1,LCA,17,4.43298535997853,0.32610496715814363
11,classifier__training_mutual_information_features,A1,2,TAALES,65,4.333760289448609,0.31880564497707936
11,classifier__training_mutual_information_features,A1,3,POLKE,20,1.5883122297748973,0.11684146584461749
11,classifier__training_mutual_information_features,A1,4,TAASSC,24,1.37027543306991,0.10080196274346331
11,classifier__training_mutual_information_features,A1,5,L2SCA,15,1.3371141237997504,0.09836250788577372
11,classifier__training_mutual_information_features,A1,6,TAALES_COVERAGE,57,0.48277741810654673,0.03551469298718625
11,classifier__training_mutual_information_features,A1,7,ERRANT,2,0.048512765367941156,0.0035687584037362575
11,classifier__training_mutual_information_features,A2,1,TAALES,65,2.7657734313256137,0.39543975392449926
11,classifier__training_mutual_information_features,A2,2,POLKE,20,1.7465127194045698,0.24970973839181484
11,classifier__training_mutual_information_features,A2,3,TAASSC,24,0.6971968247579705,0.09968254727470338
11,classifier__training_mutual_information_features,A2,4,LCA,17,0.6769351691314617,0.09678561290390447
11,classifier__training_mutual_information_features,A2,5,TAALES_COVERAGE,57,0.5224414056755633,0.07469668287372884
11,classifier__training_mutual_information_features,A2,6,L2SCA,15,0.49731427334225314,0.07110410116975675
11,classifier__training_mutual_information_features,A2,7,ERRANT,2,0.08799761177591046,0.012581563461592497
11,classifier__training_mutual_information_features,B1,1,TAALES,65,1.44013680752306,0.35425492552304094
11,classifier__training_mutual_information_features,B1,2,LCA,17,0.6712481368160418,0.1651183120055344
11,classifier__training_mutual_information_features,B1,3,POLKE,20,0.5731071697012121,0.14097691042868005
11,classifier__training_mutual_information_features,B1,4,TAALES_COVERAGE,57,0.5721005054650132,0.1407292841183473
11,classifier__training_mutual_information_features,B1,5,TAASSC,24,0.4834304590694478,0.11891760586813171
11,classifier__training_mutual_information_features,B1,6,L2SCA,15,0.22182368023242793,0.054565740497350156
11,classifier__training_mutual_information_features,B1,7,ERRANT,2,0.10340880650855108,0.025437221558915493
11,classifier__training_mutual_information_features,B2,1,TAALES,65,2.6728697628999902,0.39942877573169955
11,classifier__training_mutual_information_features,B2,2,TAASSC,24,1.2185419834841564,0.18209668850931027
11,classifier__training_mutual_information_features,B2,3,POLKE,20,0.8522293591428507,0.12735559894834148
11,classifier__training_mutual_information_features,B2,4,TAALES_COVERAGE,57,0.7932812580956189,0.11854650238859814
11,classifier__training_mutual_information_features,B2,5,L2SCA,15,0.538687259376659,0.08050044020163291
11,classifier__training_mutual_information_features,B2,6,LCA,17,0.523289579775968,0.07819943908389043
11,classifier__training_mutual_information_features,B2,7,ERRANT,2,0.09283140177034517,0.013872555136527201
11,classifier__training_mutual_information_features,C1,1,TAALES,65,4.283255052239345,0.38837561893316186
11,classifier__training_mutual_information_features,C1,2,LCA,17,2.059075038513645,0.18670252711065377
11,classifier__training_mutual_information_features,C1,3,TAASSC,24,1.2998091251280268,0.11785760299346293
11,classifier__training_mutual_information_features,C1,4,TAALES_COVERAGE,57,1.2464126051597637,0.11301597991974262
11,classifier__training_mutual_information_features,C1,5,POLKE,20,1.0428553422839646,0.09455883062708098
11,classifier__training_mutual_information_features,C1,6,L2SCA,15,0.9958995134156489,0.09030120438796232
11,classifier__training_mutual_information_features,C1,7,ERRANT,2,0.10133375132025393,0.009188236027935599
12,classifier__training_information_gain_features,overall,1,TAALES,67,3.0069404954963055,0.3692261045264146
12,classifier__training_information_gain_features,overall,2,LCA,18,1.5920672626705337,0.19549199407846926
12,classifier__training_information_gain_features,overall,3,POLKE,26,1.1282118543085287,0.13853458978346206
12,classifier__training_information_gain_features,overall,4,TAASSC,31,1.0643017076320282,0.13068698038366872
12,classifier__training_information_gain_features,overall,5,L2SCA,15,0.7344748182702892,0.09018711092848705
12,classifier__training_information_gain_features,overall,6,TAALES_COVERAGE,43,0.6179039234912824,0.07587322029949835
12,classifier__training_information_gain_features,A1,1,TAALES,67,4.230613093138027,0.329273888192232
12,classifier__training_information_gain_features,A1,2,LCA,18,4.011917766151916,0.31225255840837907
12,classifier__training_information_gain_features,A1,3,TAASSC,31,1.6600619278098696,0.12920468820380837
12,classifier__training_information_gain_features,A1,4,L2SCA,15,1.4916714170022065,0.11609864494065851
12,classifier__training_information_gain_features,A1,5,POLKE,26,1.0358557154308745,0.08062194096153483
12,classifier__training_information_gain_features,A1,6,TAALES_COVERAGE,43,0.41819039248362005,0.03254827929338718
12,classifier__training_information_gain_features,A2,1,TAALES,67,2.58224904972372,0.39650040226276034
12,classifier__training_information_gain_features,A2,2,POLKE,26,1.4767197583906178,0.22674806610690482
12,classifier__training_information_gain_features,A2,3,TAASSC,31,0.7750872426561205,0.11901346368382498
12,classifier__training_information_gain_features,A2,4,L2SCA,15,0.6631888794941332,0.1018316407256485
12,classifier__training_information_gain_features,A2,5,LCA,18,0.6192151548338516,0.09507954238770584
12,classifier__training_information_gain_features,A2,6,TAALES_COVERAGE,43,0.39614125146329543,0.060826884833155494
12,classifier__training_information_gain_features,B1,1,TAALES,67,1.5454657985323255,0.3952134477697021
12,classifier__training_information_gain_features,B1,2,POLKE,26,0.6047762314190738,0.15465609124141355
12,classifier__training_information_gain_features,B1,3,LCA,18,0.5936821937493417,0.15181907415484613
12,classifier__training_information_gain_features,B1,4,TAALES_COVERAGE,43,0.5612636153145542,0.14352884983078004
12,classifier__training_information_gain_features,B1,5,TAASSC,31,0.3973567859470876,0.10161386005304814
12,classifier__training_information_gain_features,B1,6,L2SCA,15,0.2079139063801432,0.053168676950209943
12,classifier__training_information_gain_features,B2,1,TAALES,67,2.5721418776721943,0.42782273335069165
12,classifier__training_information_gain_features,B2,2,TAASSC,31,1.1016153030472404,0.18323097731962867
12,classifier__training_information_gain_features,B2,3,POLKE,26,0.6462172801259858,0.10748491190235308
12,classifier__training_information_gain_features,B2,4,TAALES_COVERAGE,43,0.5931053407753215,0.09865083658800014
12,classifier__training_information_gain_features,B2,5,L2SCA,15,0.5796018374483896,0.0964048074115822
12,classifier__training_information_gain_features,B2,6,LCA,18,0.5194857311107443,0.0864057334277442
12,classifier__training_information_gain_features,C1,1,TAALES,67,4.1042326584152615,0.3588882497101202
12,classifier__training_information_gain_features,C1,2,LCA,18,2.216035467506815,0.19377777928801818
12,classifier__training_information_gain_features,C1,3,POLKE,26,1.877490286176091,0.16417422176881735
12,classifier__training_information_gain_features,C1,4,TAASSC,31,1.3873872786998227,0.12131792555710602
12,classifier__training_information_gain_features,C1,5,TAALES_COVERAGE,43,1.1208190174196213,0.09800827800996595
12,classifier__training_information_gain_features,C1,6,L2SCA,15,0.7299980510265733,0.0638335456659724
13,classifier__polke,overall,1,POLKE,618,6.5521436043559405,1.0
13,classifier__polke,A1,1,POLKE,618,10.873145534012155,1.0
13,classifier__polke,A2,1,POLKE,618,5.497630320127333,1.0
13,classifier__polke,B1,1,POLKE,618,2.9302803253153935,1.0
13,classifier__polke,B2,1,POLKE,618,4.73923024175633,1.0
13,classifier__polke,C1,1,POLKE,618,8.720431600568492,1.0
14,classifier__length_only,overall,1,LCA,5,1.79815884226308,0.5649719599282743
14,classifier__length_only,overall,2,TAALES,1,0.6356132743440093,0.19970631566153044
14,classifier__length_only,overall,3,POLKE,1,0.30148129662200707,0.0947238225183072
14,classifier__length_only,overall,4,TAASSC,1,0.23247651515312234,0.07304288659952465
14,classifier__length_only,overall,5,L2SCA,1,0.21501004775989677,0.06755501529236334
14,classifier__length_only,A1,1,LCA,5,4.306417090455605,0.6972849975442628
14,classifier__length_only,A1,2,TAALES,1,1.2140716077994795,0.19657963924099525
14,classifier__length_only,A1,3,POLKE,1,0.309458346202345,0.050106772669556925
14,classifier__length_only,A1,4,TAASSC,1,0.18058699680372028,0.029240224757116105
14,classifier__length_only,A1,5,L2SCA,1,0.16544436874650129,0.026788365788068924
14,classifier__length_only,A2,1,LCA,5,1.146830513668572,0.3823449082457295
14,classifier__length_only,A2,2,TAALES,1,1.0477835508200222,0.3493233750104434
14,classifier__length_only,A2,3,POLKE,1,0.461548118538678,0.1538767681277959
14,classifier__length_only,A2,4,TAASSC,1,0.20399052249731106,0.06800894873100044
14,classifier__length_only,A2,5,L2SCA,1,0.1393131927672145,0.04644599988503075
14,classifier__length_only,B1,1,LCA,5,1.1281766503185164,0.6315552787204206
14,classifier__length_only,B1,2,TAASSC,1,0.2748905056247574,0.153884189899185
14,classifier__length_only,B1,3,POLKE,1,0.1458652820541084,0.08165564217031661
14,classifier__length_only,B1,4,TAALES,1,0.14206836273152926,0.07953012003655023
14,classifier__length_only,B1,5,L2SCA,1,0.09534583959098061,0.05337476917352751
14,classifier__length_only,B2,1,TAALES,1,0.5304141298328469,0.2790047358989271
14,classifier__length_only,B2,2,LCA,5,0.40323943880394936,0.21210919317511806
14,classifier__length_only,B2,3,POLKE,1,0.3700692206990355,0.19466122672485062
14,classifier__length_only,B2,4,L2SCA,1,0.35121804147884556,0.18474526109744566
14,classifier__length_only,B2,5,TAASSC,1,0.24615281235916456,0.12947958310365862
14,classifier__length_only,C1,1,LCA,5,2.006130518068757,0.6575719367070066
14,classifier__length_only,C1,2,L2SCA,1,0.3237287962159418,0.10611222429359843
14,classifier__length_only,C1,3,TAASSC,1,0.2567617384806582,0.08416167947413562
14,classifier__length_only,C1,4,TAALES,1,0.24372872053616845,0.07988970077000548
14,classifier__length_only,C1,5,POLKE,1,0.22046551561586844,0.07226445875525371
15,classifier__accuracy,overall,1,ERRANT,69,2.456266761165204,1.0
15,classifier__accuracy,A1,1,ERRANT,69,3.8656467113896555,1.0
15,classifier__accuracy,A2,1,ERRANT,69,1.7653968748442666,1.0
15,classifier__accuracy,B1,1,ERRANT,69,0.7949520560643274,1.0
15,classifier__accuracy,B2,1,ERRANT,69,1.779278386891201,1.0
15,classifier__accuracy,C1,1,ERRANT,69,4.07605977663657,1.0
