group_type,cefr,level,text_count,original_word_count,corrected_word_count,total_errors,errors_per_100_words,mean_errors_per_text,mean_distinct_error_types,missing_errors,missing_errors_per_100_words,unnecessary_errors,unnecessary_errors_per_100_words,replacement_errors,replacement_errors_per_100_words,other_errors,other_errors_per_100_words,affected_original_tokens,affected_original_tokens_per_100_words,correction_token_equivalents,correction_token_equivalents_per_100_words,error_free_texts,error_free_text_percent,mean_surface_accuracy_proxy,token_weighted_surface_accuracy_proxy
overall,,,406062,25375934,25368365,1105310,4.355741152227146,2.7220227452950536,1.4303825524181037,92,0.00036254823172222943,244927,0.9651940299025052,860291,3.390184574092918,0,0.0,1132629,4.463398273340402,1133513,4.466881888958254,68628,16.900867355231465,0.9486787456229832,0.9553311811104175
cefr,A1,,191663,7623795,7622110,437463,5.738126484250953,2.2824593166130134,1.2861167778861857,28,0.00036727115563836647,91391,1.198759935176641,346044,4.538999277918674,0,0.0,446204,5.852780668945059,446409,5.855469618477412,38362,20.01533942388463,0.9364890404638887,0.9414453038152258
cefr,A2,,129591,8845843,8842176,347534,3.9287832714191286,2.68177574059927,1.396223503175375,41,0.0004634945476649314,79196,0.8952905901676076,268297,3.0330291867038564,0,0.0,358615,4.054051151484376,359092,4.059443514880379,22425,17.304442438132277,0.9583960463282479,0.9594055648511962
cefr,B1,,61506,5683547,5681956,215087,3.7843797192140753,3.4970084219425748,1.7769160732286282,20,0.0003518929288347576,47415,0.8342501610350016,167652,2.949777665250239,0,0.0,219371,3.8597551845704805,219530,3.8625527333547165,5981,9.724254544272103,0.9597585969908369,0.9613744726664528
cefr,B2,,18187,2349047,2348590,79889,3.400911092881496,4.3926430967174355,1.8629240666410074,1,4.2570455167563695e-05,20583,0.8762276787139636,59305,2.524640843712365,0,0.0,82699,3.5205340719023503,82732,3.52193889692288,1560,8.577555396711936,0.96439028038406,0.9647806110307712
cefr,C1,,5115,873702,873533,25337,2.899959024930697,4.95347018572825,1.996676441837732,2,0.00022891100169165232,6342,0.7258767863642295,18993,2.173853327564776,0,0.0,25740,2.946084591771565,25750,2.9472291467800233,300,5.865102639296188,0.9701484862541448,0.9705277085321997
level,A1,1,96762,3403704,3402905,248016,7.286650072979319,2.563154957524648,1.4107087493024122,15,0.00044069637077724736,45134,1.3260259999106856,202867,5.960183376697856,0,0.0,252899,7.430111431546339,252984,7.432608710980744,14557,15.044128893573923,0.9219849581103877,0.9256739128901925
level,A1,2,56839,2539502,2538956,112286,4.421575568753243,1.9755097732190925,1.1520258977110787,10,0.00039377799269305557,28085,1.1059254924784465,84191,3.315256298282104,0,0.0,114237,4.498401655127659,114287,4.500370545091124,13515,23.777687855169866,0.9526502536568633,0.9549962945490887
level,A1,3,38062,1680589,1680249,77161,4.591306976304141,2.0272450212810678,1.1696179916977563,3,0.00017850884422068692,18172,1.0812875723927742,58986,3.5098408950671462,0,0.0,79068,4.704779098280424,79138,4.7089443046455735,10290,27.034837896064317,0.9492276464229338,0.9529105569535443
level,A2,4,70470,4679479,4677423,166423,3.556442928796133,2.3616148715765575,1.285639279125869,12,0.0002564388044053622,38429,0.8212239012078054,127982,2.7349625887839224,0,0.0,171360,3.6619461269085725,171445,3.663762568439777,13797,19.578544061302683,0.9619308932363394,0.9633623743156022
level,A2,5,37277,2628777,2627849,111074,4.225310857482396,2.979692571827132,1.5362019475816187,28,0.001065134090871915,25041,0.9525722417687008,86005,3.2716734816228232,0,0.0,115369,4.388694818921499,115667,4.400030888888636,5349,14.349330686482281,0.9553223275504654,0.9559996911111136
level,A2,6,21844,1537587,1536904,70037,4.554994286502162,3.2062351217725693,1.5140999816883354,1,6.503697026574757e-05,15726,1.022771394399146,54310,3.53215785513275,0,0.0,71886,4.675247644523529,71980,4.68136111972851,3279,15.010986998718183,0.9522377581605941,0.9531863888027149
level,B1,7,37460,3384840,3383814,137014,4.047872277567034,3.6576081153230113,1.8736252002135612,15,0.0004431524089764952,26570,0.7849706337670318,110429,3.2624584913910257,0,0.0,139947,4.134523345268905,140049,4.137536781649945,3157,8.427656166577682,0.9563573368754188,0.9586246321835006
level,B1,8,14157,1288580,1288296,42770,3.319157522233777,3.0211202938475665,1.5855760401214947,2,0.00015520961057908706,10531,0.8172562045041829,32237,2.501746108119015,0,0.0,43429,3.370299088919586,43453,3.3721616042465348,1813,12.806385533658261,0.9657772786530983,0.9662783839575346
level,B1,9,9889,1010127,1009846,35303,3.4949070760409335,3.5699261806047122,1.6844979269895843,3,0.0002969923583866187,10314,1.0210597281331952,24986,2.4735503555493517,0,0.0,35995,3.5634133133754466,36028,3.5666802293177,1011,10.223480635049045,0.9640264428428379,0.964333197706823
level,B2,10,10458,1311797,1311574,43733,3.3338237547425402,4.181774717919296,1.8142092178236757,1,7.623130713060023e-05,11846,0.9030360642690904,31886,2.4307114591663193,0,0.0,44217,3.370719707393751,44239,3.372396796150624,1041,9.954102122776822,0.9661085159570444,0.9662760320384938
level,B2,11,5010,672837,672678,25729,3.8239573626301766,5.135528942115768,2.0520958083832337,0,0.0,5599,0.8321480536890807,20130,2.9918093089410958,0,0.0,27843,4.138149358611372,27850,4.139189729458992,271,5.409181636726547,0.957416731562473,0.9586081027054101
level,B2,12,2719,364413,364338,10427,2.8613139487339914,3.8348657594703934,1.7017285766826038,0,0.0,3138,0.8611108824328441,7289,2.000203066301147,0,0.0,10639,2.919489699873495,10643,2.9205873555553725,248,9.121000367782273,0.9706308732394718,0.9707941264444463
level,C1,13,3264,553351,553272,16345,2.953821353896532,5.00765931372549,2.0042892156862746,0,0.0,4109,0.7425666529924044,12236,2.211254700904128,0,0.0,16569,2.9943019891533584,16572,2.994844140518405,173,5.300245098039215,0.969613107819379,0.970051558594816
level,C1,14,1194,205296,205227,5537,2.6970812875068195,4.6373534338358455,1.9807370184254607,2,0.0009742031018626764,1464,0.713116670563479,4071,1.9829904138414776,0,0.0,5637,2.7457914425999532,5644,2.7492011534564726,74,6.197654941373535,0.9721307605168557,0.9725079884654353
level,C1,15,657,115055,115034,3455,3.002911650949546,5.258751902587519,1.9878234398782344,0,0.0,769,0.6683759940897831,2686,2.334535656859763,0,0.0,3534,3.0715744643865976,3534,3.0715744643865976,53,8.066971080669711,0.9692057765758987,0.969284255356134
