group_type,cefr,level,rank_by_error_count_within_group,rank_by_text_percentage_within_group,error_type,is_text_length_feature,operation,error_family,error_count,errors_per_100_words,texts_with_error,total_texts,percentage_of_texts_with_error,share_of_group_errors_percent
overall,,,1,1,R:SPELL,no,R,SPELL,501256,1.975320396088672,247211,406062,60.88011190409346,45.349811365137384
overall,,,2,2,R:ORTH,no,R,ORTH,250348,0.9865567903825727,145528,406062,35.838862045697454,22.64957342284065
overall,,,3,3,U:SPACE,no,U,SPACE,242691,0.9563825315749954,96359,406062,23.730120030931236,21.956826591634925
overall,,,4,4,R:NOUN,no,R,NOUN,70911,0.27944193108320664,57900,406062,14.258906275396368,6.415485248482327
overall,,,5,5,R:OTHER,no,R,OTHER,16189,0.06379666655816492,13876,406062,3.4172121498687393,1.4646569740615756
overall,,,6,6,R:VERB,no,R,VERB,10483,0.04131079470808838,7617,406062,1.8758219188202787,0.9484217097465869
overall,,,7,7,R:MORPH,no,R,MORPH,4731,0.018643648742150732,4309,406062,1.0611679989755258,0.42802471704770606
overall,,,8,8,R:VERB:INFL,no,R,VERB,2753,0.0108488617601228,2427,406062,0.5976919780723141,0.2490703965403371
overall,,,9,9,R:NOUN:INFL,no,R,NOUN,1571,0.006190905130821983,1487,406062,0.3662002354320276,0.14213207154553925
overall,,,10,10,R:ADJ,no,R,ADJ,636,0.0025063116888623684,625,406062,0.15391738207465855,0.05754041852511965
overall,,,11,11,U:VERB,no,U,VERB,591,0.0023289783146504084,538,406062,0.13249208248986608,0.05346916249739892
overall,,,12,12,U:ADV,no,U,ADV,552,0.0021752893903333767,475,406062,0.1169772103767405,0.04994074060670762
overall,,,13,13,U:PUNCT,no,U,PUNCT,353,0.0013910818021515977,343,406062,0.08446985928257261,0.03193674172856484
overall,,,14,14,R:PUNCT,no,R,PUNCT,336,0.0013240891941159684,329,406062,0.08102210992410026,0.03039871167364812
overall,,,15,15,U:VERB:TENSE,no,U,VERB,299,0.0011782817530972456,267,406062,0.06575350562229414,0.02705123449529996
overall,,,16,16,U:OTHER,no,U,OTHER,222,0.0008748446461123362,217,406062,0.05344011505632145,0.020084863070088933
overall,,,17,17,R:ADV,no,R,ADV,218,0.0008590816795157175,217,406062,0.05344011505632145,0.019722973645402646
overall,,,18,20,R:PRON,no,R,PRON,181,0.0007132742384969948,144,406062,0.03546256483000133,0.016375496467054492
overall,,,19,18,R:NOUN:NUM,no,R,NOUN,170,0.0006699260803562935,168,406062,0.041372992301668216,0.015380300549167203
overall,,,20,19,R:VERB:TENSE,no,R,VERB,159,0.0006265779222155921,148,406062,0.03644763607527914,0.014385104631279913
overall,,,21,21,R:DET,no,R,DET,128,0.0005044149310917974,124,406062,0.030537208603612257,0.011580461589961188
overall,,,22,22,U:NOUN,no,U,NOUN,117,0.0004610667729510961,114,406062,0.02807453049041772,0.010585265672073898
overall,,,23,23,R:VERB:SVA,no,R,VERB,89,0.0003507260067747654,88,406062,0.021671567396111924,0.008052039699269889
overall,,,24,24,U:PRON,no,U,PRON,89,0.0003507260067747654,83,406062,0.020440228339514654,0.008052039699269889
overall,,,25,25,R:PREP,no,R,PREP,46,0.00018127411586111471,46,406062,0.01132831932069487,0.004161728383892302
overall,,,26,26,R:VERB:FORM,no,R,VERB,44,0.00017339263256280538,43,406062,0.010589515886736508,0.003980783671549158
overall,,,27,27,M:PUNCT,no,M,PUNCT,37,0.0001458074410187227,37,406062,0.009111909018819786,0.003347477178348156
overall,,,28,29,M:NOUN,no,M,NOUN,36,0.00014186669936956802,30,406062,0.00738803433958361,0.0032570048221765837
overall,,,29,28,R:CONJ,no,R,CONJ,33,0.00013004447442210404,33,406062,0.008126837773541971,0.0029855877536618686
overall,,,30,30,U:NOUN:POSS,no,U,NOUN,8,3.152593319323734e-05,8,406062,0.0019701424905556294,0.0007237788493725742
overall,,,31,31,M:OTHER,no,M,OTHER,7,2.7585191544082673e-05,7,406062,0.0017238746792361758,0.0006333064932010024
overall,,,32,32,R:NOUN:POSS,no,R,NOUN,7,2.7585191544082673e-05,7,406062,0.0017238746792361758,0.0006333064932010024
overall,,,33,33,M:PRON,no,M,PRON,4,1.576296659661867e-05,4,406062,0.0009850712452778147,0.0003618894246862871
overall,,,34,34,M:ADV,no,M,ADV,3,1.1822224947464003e-05,3,406062,0.000738803433958361,0.0002714170685147153
overall,,,35,35,U:PREP,no,U,PREP,3,1.1822224947464003e-05,3,406062,0.000738803433958361,0.0002714170685147153
overall,,,36,36,M:VERB:TENSE,no,M,VERB,2,7.881483298309335e-06,2,406062,0.0004925356226389073,0.00018094471234314356
overall,,,37,37,R:CONTR,no,R,CONTR,2,7.881483298309335e-06,2,406062,0.0004925356226389073,0.00018094471234314356
overall,,,38,38,M:CONJ,no,M,CONJ,1,3.940741649154667e-06,1,406062,0.00024626781131945367,9.047235617157178e-05
overall,,,39,39,M:DET,no,M,DET,1,3.940741649154667e-06,1,406062,0.00024626781131945367,9.047235617157178e-05
overall,,,40,40,M:PREP,no,M,PREP,1,3.940741649154667e-06,1,406062,0.00024626781131945367,9.047235617157178e-05
overall,,,41,41,U:CONJ,no,U,CONJ,1,3.940741649154667e-06,1,406062,0.00024626781131945367,9.047235617157178e-05
overall,,,42,42,U:DET,no,U,DET,1,3.940741649154667e-06,1,406062,0.00024626781131945367,9.047235617157178e-05
cefr,A1,,1,1,R:SPELL,no,R,SPELL,223131,2.926770722455155,115474,191663,60.24845692700208,51.00568505222156
cefr,A1,,2,3,U:SPACE,no,U,SPACE,90799,1.190994773600287,40984,191663,21.383365594820074,20.755812491570715
cefr,A1,,3,2,R:ORTH,no,R,ORTH,71147,0.933222889650102,45266,191663,23.617495291214265,16.263546859963014
cefr,A1,,4,4,R:NOUN,no,R,NOUN,38813,0.5091034058497114,32369,191663,16.888496997333863,8.872293199653456
cefr,A1,,5,5,R:OTHER,no,R,OTHER,8051,0.10560357407301744,7135,191663,3.7226799121374494,1.840384215350784
cefr,A1,,6,6,R:VERB,no,R,VERB,1553,0.020370432310942255,1488,191663,0.7763626782425402,0.35500145155133117
cefr,A1,,7,7,R:MORPH,no,R,MORPH,1289,0.016907589986351942,1203,191663,0.6276641814017312,0.29465349069521307
cefr,A1,,8,8,R:VERB:INFL,no,R,VERB,906,0.011883845250298572,882,191663,0.4601827165389251,0.20710322930167807
cefr,A1,,9,9,R:NOUN:INFL,no,R,NOUN,458,0.006007506760084709,432,191663,0.22539561626396332,0.10469456845493219
cefr,A1,,10,10,R:ADJ,no,R,ADJ,242,0.003174272130874453,237,191663,0.12365453947814654,0.05531896411810827
cefr,A1,,11,11,U:PUNCT,no,U,PUNCT,211,0.002767650494274833,203,191663,0.10591506967959387,0.04823265053273077
cefr,A1,,12,12,U:VERB,no,U,VERB,164,0.002151159625881861,152,191663,0.07930586498176487,0.037488884774255195
cefr,A1,,13,13,R:PUNCT,no,R,PUNCT,126,0.0016527202003726491,125,191663,0.06521863896526717,0.028802435863147284
cefr,A1,,14,14,U:OTHER,no,U,OTHER,95,0.001246098563773029,93,191663,0.048522667390158765,0.021716122277769777
cefr,A1,,15,16,R:PRON,no,R,PRON,77,0.0010099956780055077,64,191663,0.033391943150216784,0.017601488583034453
cefr,A1,,16,15,U:NOUN,no,U,NOUN,71,0.0009312947160830007,71,191663,0.037044186932271746,0.016229944018122677
cefr,A1,,17,17,R:VERB:SVA,no,R,VERB,57,0.0007476591382638174,56,191663,0.02921795025643969,0.013029673366661866
cefr,A1,,18,18,R:ADV,no,R,ADV,53,0.0006951918303154794,53,191663,0.027652702921273278,0.012115310323387349
cefr,A1,,19,19,R:DET,no,R,DET,41,0.0005377899064704652,39,191663,0.020348215357163354,0.009372221193563799
cefr,A1,,20,20,R:VERB:TENSE,no,R,VERB,39,0.0005115562524962961,36,191663,0.018782968021996943,0.00891503967192654
cefr,A1,,21,21,U:ADV,no,U,ADV,32,0.0004197384635867045,32,191663,0.016695971575108392,0.007314904346196136
cefr,A1,,22,22,R:NOUN:NUM,no,R,NOUN,26,0.0003410375016641974,25,191663,0.013043727793053432,0.00594335978128436
cefr,A1,,23,23,R:PREP,no,R,PREP,20,0.0002623365397416903,20,191663,0.010434982234442745,0.004571815216372585
cefr,A1,,24,24,M:PUNCT,no,M,PUNCT,16,0.00020986923179335226,16,191663,0.008347985787554196,0.003657452173098068
cefr,A1,,25,25,U:PRON,no,U,PRON,10,0.00013116826987084516,10,191663,0.005217491117221373,0.0022859076081862923
cefr,A1,,26,26,R:CONJ,no,R,CONJ,9,0.00011805144288376064,9,191663,0.004695742005499236,0.002057316847367663
cefr,A1,,27,27,M:OTHER,no,M,OTHER,4,5.2467307948338065e-05,4,191663,0.002086996446888549,0.000914363043274517
cefr,A1,,28,28,M:PRON,no,M,PRON,4,5.2467307948338065e-05,4,191663,0.002086996446888549,0.000914363043274517
cefr,A1,,29,29,R:NOUN:POSS,no,R,NOUN,4,5.2467307948338065e-05,4,191663,0.002086996446888549,0.000914363043274517
cefr,A1,,30,30,U:NOUN:POSS,no,U,NOUN,3,3.935048096125355e-05,3,191663,0.0015652473351664118,0.0006857722824558877
cefr,A1,,31,31,U:PREP,no,U,PREP,2,2.6233653974169032e-05,2,191663,0.0010434982234442745,0.0004571815216372585
cefr,A1,,32,32,U:VERB:TENSE,no,U,VERB,2,2.6233653974169032e-05,2,191663,0.0010434982234442745,0.0004571815216372585
cefr,A1,,33,33,M:ADV,no,M,ADV,1,1.3116826987084516e-05,1,191663,0.0005217491117221372,0.00022859076081862924
cefr,A1,,34,34,M:CONJ,no,M,CONJ,1,1.3116826987084516e-05,1,191663,0.0005217491117221372,0.00022859076081862924
cefr,A1,,35,35,M:DET,no,M,DET,1,1.3116826987084516e-05,1,191663,0.0005217491117221372,0.00022859076081862924
cefr,A1,,36,36,M:NOUN,no,M,NOUN,1,1.3116826987084516e-05,1,191663,0.0005217491117221372,0.00022859076081862924
cefr,A1,,37,37,R:CONTR,no,R,CONTR,1,1.3116826987084516e-05,1,191663,0.0005217491117221372,0.00022859076081862924
cefr,A1,,38,38,R:VERB:FORM,no,R,VERB,1,1.3116826987084516e-05,1,191663,0.0005217491117221372,0.00022859076081862924
cefr,A1,,39,39,U:CONJ,no,U,CONJ,1,1.3116826987084516e-05,1,191663,0.0005217491117221372,0.00022859076081862924
cefr,A1,,40,40,U:DET,no,U,DET,1,1.3116826987084516e-05,1,191663,0.0005217491117221372,0.00022859076081862924
cefr,A1,,41,41,M:PREP,no,M,PREP,0,0.0,0,191663,0.0,0.0
cefr,A1,,42,42,M:VERB:TENSE,no,M,VERB,0,0.0,0,191663,0.0,0.0
cefr,A2,,1,1,R:SPELL,no,R,SPELL,157259,1.777772904176572,77964,129591,60.16158529527514,45.24996115487981
cefr,A2,,2,2,R:ORTH,no,R,ORTH,81375,0.9199236296642389,48175,129591,37.174649474114716,23.414975225445566
cefr,A2,,3,3,U:SPACE,no,U,SPACE,78448,0.8868346408589888,30654,129591,23.654420445864297,22.572755471407113
cefr,A2,,4,4,R:NOUN,no,R,NOUN,15407,0.17417220721642923,12904,129591,9.957481615235626,4.433235309351027
cefr,A2,,5,6,R:VERB,no,R,VERB,5694,0.06436921840010047,3207,129591,2.4747088918211912,1.6384008471113618
cefr,A2,,6,5,R:OTHER,no,R,OTHER,4816,0.05444365223303194,4003,129591,3.088949078253891,1.385763695062929
cefr,A2,,7,7,R:MORPH,no,R,MORPH,1621,0.01832499175036229,1496,129591,1.1544011544011543,0.4664291839071861
cefr,A2,,8,8,R:VERB:INFL,no,R,VERB,1055,0.011926506043573235,787,129591,0.6072952597016769,0.30356742074156773
cefr,A2,,9,9,R:NOUN:INFL,no,R,NOUN,466,0.0052680112002892205,440,129591,0.33952975129445717,0.1340876000621522
cefr,A2,,10,10,U:ADV,no,U,ADV,192,0.002170511052479679,186,129591,0.14352848577447508,0.05524639315865498
cefr,A2,,11,11,U:VERB,no,U,VERB,171,0.001933111406114714,154,129591,0.11883541295306001,0.04920381890692709
cefr,A2,,12,12,R:ADJ,no,R,ADJ,147,0.001661797524554754,144,129591,0.1111188276963678,0.04229801976209522
cefr,A2,,13,15,U:VERB:TENSE,no,U,VERB,107,0.0012096077219548211,87,129591,0.06713429173322222,0.030788354520708765
cefr,A2,,14,13,R:PUNCT,no,R,PUNCT,102,0.0011530839966298295,98,129591,0.07562253551558365,0.02934964636553546
cefr,A2,,15,14,U:PUNCT,no,U,PUNCT,100,0.0011304745064998328,98,129591,0.07562253551558365,0.028774163103466137
cefr,A2,,16,16,U:OTHER,no,U,OTHER,90,0.0010174270558498495,87,129591,0.06713429173322222,0.025896746793119523
cefr,A2,,17,17,R:ADV,no,R,ADV,83,0.0009382938403948612,82,129591,0.06327599910487611,0.023882555375876892
cefr,A2,,18,19,R:VERB:TENSE,no,R,VERB,66,0.0007461131742898897,62,129591,0.04784282859149169,0.01899094764828765
cefr,A2,,19,18,R:NOUN:NUM,no,R,NOUN,63,0.0007121989390948947,63,129591,0.04861448711716091,0.018127722755183664
cefr,A2,,20,21,R:PRON,no,R,PRON,60,0.0006782847038998997,45,129591,0.03472463365511494,0.017264497862079682
cefr,A2,,21,20,U:PRON,no,U,PRON,60,0.0006782847038998997,54,129591,0.04166956038613793,0.017264497862079682
cefr,A2,,22,22,R:DET,no,R,DET,37,0.0004182755674049381,37,129591,0.02855136544976117,0.01064644034828247
cefr,A2,,23,24,M:NOUN,no,M,NOUN,24,0.0002713138815599599,20,129591,0.015433170513384418,0.006905799144831873
cefr,A2,,24,23,U:NOUN,no,U,NOUN,24,0.0002713138815599599,24,129591,0.0185198046160613,0.006905799144831873
cefr,A2,,25,25,R:CONJ,no,R,CONJ,19,0.0002147901562349682,19,129591,0.014661511987715196,0.005467090989658566
cefr,A2,,26,26,M:PUNCT,no,M,PUNCT,13,0.00014696168584497825,13,129591,0.010031560833699871,0.003740641203450598
cefr,A2,,27,27,R:VERB:SVA,no,R,VERB,12,0.00013565694077997994,12,129591,0.00925990230803065,0.0034528995724159364
cefr,A2,,28,28,R:PREP,no,R,PREP,7,7.91332154549883e-05,7,129591,0.005401609679684546,0.0020141914172426296
cefr,A2,,29,29,R:VERB:FORM,no,R,VERB,5,5.652372532499164e-05,5,129591,0.0038582926283461045,0.0014387081551733068
cefr,A2,,30,30,M:OTHER,no,M,OTHER,3,3.3914235194994984e-05,3,129591,0.0023149755770076625,0.0008632248931039841
cefr,A2,,31,31,U:NOUN:POSS,no,U,NOUN,3,3.3914235194994984e-05,3,129591,0.0023149755770076625,0.0008632248931039841
cefr,A2,,32,32,R:NOUN:POSS,no,R,NOUN,2,2.2609490129996654e-05,2,129591,0.0015433170513384417,0.0005754832620693227
cefr,A2,,33,33,M:VERB:TENSE,no,M,VERB,1,1.1304745064998327e-05,1,129591,0.0007716585256692209,0.00028774163103466137
cefr,A2,,34,34,R:CONTR,no,R,CONTR,1,1.1304745064998327e-05,1,129591,0.0007716585256692209,0.00028774163103466137
cefr,A2,,35,35,U:PREP,no,U,PREP,1,1.1304745064998327e-05,1,129591,0.0007716585256692209,0.00028774163103466137
cefr,A2,,36,36,M:ADV,no,M,ADV,0,0.0,0,129591,0.0,0.0
cefr,A2,,37,37,M:CONJ,no,M,CONJ,0,0.0,0,129591,0.0,0.0
cefr,A2,,38,38,M:DET,no,M,DET,0,0.0,0,129591,0.0,0.0
cefr,A2,,39,39,M:PREP,no,M,PREP,0,0.0,0,129591,0.0,0.0
cefr,A2,,40,40,M:PRON,no,M,PRON,0,0.0,0,129591,0.0,0.0
cefr,A2,,41,41,U:CONJ,no,U,CONJ,0,0.0,0,129591,0.0,0.0
cefr,A2,,42,42,U:DET,no,U,DET,0,0.0,0,129591,0.0,0.0
cefr,B1,,1,1,R:SPELL,no,R,SPELL,81713,1.4377113446937273,38257,61506,62.20043572984749,37.99067354140418
cefr,B1,,2,2,R:ORTH,no,R,ORTH,65756,1.156953571422916,37421,61506,60.84121874288687,30.571815125972282
cefr,B1,,3,3,U:SPACE,no,U,SPACE,46882,0.8248722144815552,16642,61506,27.05752284329984,21.796761310539456
cefr,B1,,4,4,R:NOUN,no,R,NOUN,12282,0.21609744759742464,9462,61506,15.383864988781582,5.7102474812517725
cefr,B1,,5,5,R:VERB,no,R,VERB,2640,0.046449866606188,2368,61506,3.8500308912951584,1.2274103037375574
cefr,B1,,6,6,R:OTHER,no,R,OTHER,2492,0.043845858932810795,2072,61506,3.3687770298832636,1.1586009382249973
cefr,B1,,7,7,R:MORPH,no,R,MORPH,1229,0.021623820476895855,1113,61506,1.8095795532143206,0.5713966906414614
cefr,B1,,8,8,R:VERB:INFL,no,R,VERB,530,0.009325162614121077,516,61506,0.8389425421910057,0.24641191703822174
cefr,B1,,9,9,R:NOUN:INFL,no,R,NOUN,493,0.008674160695776775,469,61506,0.7625272331154684,0.22920957566008174
cefr,B1,,10,10,U:ADV,no,U,ADV,232,0.004081957974483188,165,61506,0.26826651058433326,0.1078633297223914
cefr,B1,,11,11,R:ADJ,no,R,ADJ,153,0.0026919809055858954,152,61506,0.2471303612655676,0.07113400623933572
cefr,B1,,12,12,U:VERB,no,U,VERB,138,0.0024280612089598273,130,61506,0.21136149318765649,0.06416008405900868
cefr,B1,,13,13,R:PUNCT,no,R,PUNCT,91,0.001601112826198147,89,61506,0.14470132995154944,0.042308461227317316
cefr,B1,,14,14,U:VERB:TENSE,no,U,VERB,80,0.0014075717153390305,74,61506,0.1203134653529737,0.03719425162841083
cefr,B1,,15,15,R:ADV,no,R,ADV,52,0.0009149216149703697,52,61506,0.0845445972750626,0.02417626355846704
cefr,B1,,16,16,R:NOUN:NUM,no,R,NOUN,46,0.0008093537363199425,45,61506,0.07316359379572725,0.021386694686336225
cefr,B1,,17,18,R:VERB:TENSE,no,R,VERB,40,0.0007037858576695152,37,61506,0.06015673267648685,0.018597125814205414
cefr,B1,,18,17,R:DET,no,R,DET,39,0.0006861912112277773,38,61506,0.0617825903163919,0.01813219766885028
cefr,B1,,19,19,R:VERB:FORM,no,R,VERB,32,0.0005630286861356121,31,61506,0.05040158683705655,0.014877700651364331
cefr,B1,,20,20,U:PUNCT,no,U,PUNCT,31,0.0005454340396938743,31,61506,0.05040158683705655,0.014412772506009197
cefr,B1,,21,22,R:PRON,no,R,PRON,30,0.0005278393932521364,24,61506,0.0390205833577212,0.013947844360654061
cefr,B1,,22,21,U:OTHER,no,U,OTHER,29,0.0005102447468103985,29,61506,0.047149871557246446,0.013482916215298926
cefr,B1,,23,23,R:VERB:SVA,no,R,VERB,17,0.00029910898950954393,17,61506,0.027639579878385848,0.007903778471037301
cefr,B1,,24,24,U:NOUN,no,U,NOUN,17,0.00029910898950954393,15,61506,0.02438786459857575,0.007903778471037301
cefr,B1,,25,25,R:PREP,no,R,PREP,13,0.00022873040374259243,13,61506,0.02113614931876565,0.00604406588961676
cefr,B1,,26,27,M:NOUN,no,M,NOUN,8,0.00014075717153390303,7,61506,0.01138100347933535,0.003719425162841083
cefr,B1,,27,26,M:PUNCT,no,M,PUNCT,8,0.00014075717153390303,8,61506,0.013006861119240399,0.003719425162841083
cefr,B1,,28,28,U:PRON,no,U,PRON,5,8.79732322086894e-05,5,61506,0.008129288199525249,0.0023246407267756767
cefr,B1,,29,29,R:CONJ,no,R,CONJ,3,5.278393932521364e-05,3,61506,0.00487757291971515,0.001394784436065406
cefr,B1,,30,30,M:ADV,no,M,ADV,2,3.518929288347576e-05,2,61506,0.0032517152798100996,0.0009298562907102707
cefr,B1,,31,31,M:PREP,no,M,PREP,1,1.759464644173788e-05,1,61506,0.0016258576399050498,0.00046492814535513535
cefr,B1,,32,32,M:VERB:TENSE,no,M,VERB,1,1.759464644173788e-05,1,61506,0.0016258576399050498,0.00046492814535513535
cefr,B1,,33,33,R:NOUN:POSS,no,R,NOUN,1,1.759464644173788e-05,1,61506,0.0016258576399050498,0.00046492814535513535
cefr,B1,,34,34,U:NOUN:POSS,no,U,NOUN,1,1.759464644173788e-05,1,61506,0.0016258576399050498,0.00046492814535513535
cefr,B1,,35,35,M:CONJ,no,M,CONJ,0,0.0,0,61506,0.0,0.0
cefr,B1,,36,36,M:DET,no,M,DET,0,0.0,0,61506,0.0,0.0
cefr,B1,,37,37,M:OTHER,no,M,OTHER,0,0.0,0,61506,0.0,0.0
cefr,B1,,38,38,M:PRON,no,M,PRON,0,0.0,0,61506,0.0,0.0
cefr,B1,,39,39,R:CONTR,no,R,CONTR,0,0.0,0,61506,0.0,0.0
cefr,B1,,40,40,U:CONJ,no,U,CONJ,0,0.0,0,61506,0.0,0.0
cefr,B1,,41,41,U:DET,no,U,DET,0,0.0,0,61506,0.0,0.0
cefr,B1,,42,42,U:PREP,no,U,PREP,0,0.0,0,61506,0.0,0.0
cefr,B2,,1,1,R:SPELL,no,R,SPELL,30390,1.2937161325422608,12193,18187,67.04239291801836,38.040280889734504
cefr,B2,,2,2,R:ORTH,no,R,ORTH,23618,1.0054290101475194,11067,18187,60.85115742013526,29.56351938314411
cefr,B2,,3,3,U:SPACE,no,U,SPACE,20310,0.8646059444532187,6197,18187,34.07378897014351,25.422774099062448
cefr,B2,,4,4,R:NOUN,no,R,NOUN,3395,0.14452669529387877,2502,18187,13.75707923241876,4.2496463843582974
cefr,B2,,5,5,R:OTHER,no,R,OTHER,649,0.02762822540374884,518,18187,2.848188266344092,0.8123771733279926
cefr,B2,,6,7,R:MORPH,no,R,MORPH,383,0.016304484329176895,337,18187,1.8529719030076428,0.4794151885741466
cefr,B2,,7,6,R:VERB,no,R,VERB,375,0.015963920687836388,353,18187,1.9409468301534063,0.4694012942958355
cefr,B2,,8,8,R:VERB:INFL,no,R,VERB,223,0.009493211502366705,205,18187,1.1271787540550944,0.2791373030079235
cefr,B2,,9,9,R:NOUN:INFL,no,R,NOUN,104,0.004427327337426625,97,18187,0.533347995821191,0.13018062561804503
cefr,B2,,10,11,U:VERB,no,U,VERB,95,0.004044193240918551,80,18187,0.4398746357288173,0.11891499455494499
cefr,B2,,11,10,U:VERB:TENSE,no,U,VERB,86,0.003661059144410478,81,18187,0.44537306867542753,0.10764936349184494
cefr,B2,,12,12,R:ADJ,no,R,ADJ,76,0.003235354592734841,74,18187,0.406884038049156,0.09513199564395598
cefr,B2,,13,13,U:ADV,no,U,ADV,63,0.002681938675556513,60,18187,0.329905976796613,0.07885941744170036
cefr,B2,,14,14,R:ADV,no,R,ADV,25,0.0010642613791890924,25,18187,0.13746082366525542,0.03129341961972237
cefr,B2,,15,15,R:NOUN:NUM,no,R,NOUN,20,0.000851409103351274,20,18187,0.10996865893220432,0.025034735695777893
cefr,B2,,16,16,R:PUNCT,no,R,PUNCT,14,0.0005959863723458918,14,18187,0.07697806125254303,0.017524314987044525
cefr,B2,,17,17,R:VERB:TENSE,no,R,VERB,11,0.0004682750068432007,10,18187,0.05498432946610216,0.01376910463267784
cefr,B2,,18,18,U:PRON,no,U,PRON,10,0.000425704551675637,10,18187,0.05498432946610216,0.012517367847888946
cefr,B2,,19,19,U:PUNCT,no,U,PUNCT,9,0.00038313409650807327,9,18187,0.049485896519491944,0.011265631063100051
cefr,B2,,20,21,R:PRON,no,R,PRON,8,0.00034056364134050956,6,18187,0.032990597679661296,0.010013894278311156
cefr,B2,,21,22,R:DET,no,R,DET,7,0.0002979931861729459,6,18187,0.032990597679661296,0.008762157493522263
cefr,B2,,22,20,U:OTHER,no,U,OTHER,7,0.0002979931861729459,7,18187,0.038489030626271514,0.008762157493522263
cefr,B2,,23,23,U:NOUN,no,U,NOUN,3,0.0001277113655026911,2,18187,0.010996865893220431,0.0037552103543666837
cefr,B2,,24,24,R:CONJ,no,R,CONJ,2,8.514091033512739e-05,2,18187,0.010996865893220431,0.002503473569577789
cefr,B2,,25,25,R:PREP,no,R,PREP,2,8.514091033512739e-05,2,18187,0.010996865893220431,0.002503473569577789
cefr,B2,,26,26,R:VERB:SVA,no,R,VERB,2,8.514091033512739e-05,2,18187,0.010996865893220431,0.002503473569577789
cefr,B2,,27,27,M:NOUN,no,M,NOUN,1,4.2570455167563695e-05,1,18187,0.005498432946610216,0.0012517367847888945
cefr,B2,,28,28,R:VERB:FORM,no,R,VERB,1,4.2570455167563695e-05,1,18187,0.005498432946610216,0.0012517367847888945
cefr,B2,,29,29,M:ADV,no,M,ADV,0,0.0,0,18187,0.0,0.0
cefr,B2,,30,30,M:CONJ,no,M,CONJ,0,0.0,0,18187,0.0,0.0
cefr,B2,,31,31,M:DET,no,M,DET,0,0.0,0,18187,0.0,0.0
cefr,B2,,32,32,M:OTHER,no,M,OTHER,0,0.0,0,18187,0.0,0.0
cefr,B2,,33,33,M:PREP,no,M,PREP,0,0.0,0,18187,0.0,0.0
cefr,B2,,34,34,M:PRON,no,M,PRON,0,0.0,0,18187,0.0,0.0
cefr,B2,,35,35,M:PUNCT,no,M,PUNCT,0,0.0,0,18187,0.0,0.0
cefr,B2,,36,36,M:VERB:TENSE,no,M,VERB,0,0.0,0,18187,0.0,0.0
cefr,B2,,37,37,R:CONTR,no,R,CONTR,0,0.0,0,18187,0.0,0.0
cefr,B2,,38,38,R:NOUN:POSS,no,R,NOUN,0,0.0,0,18187,0.0,0.0
cefr,B2,,39,39,U:CONJ,no,U,CONJ,0,0.0,0,18187,0.0,0.0
cefr,B2,,40,40,U:DET,no,U,DET,0,0.0,0,18187,0.0,0.0
cefr,B2,,41,41,U:NOUN:POSS,no,U,NOUN,0,0.0,0,18187,0.0,0.0
cefr,B2,,42,42,U:PREP,no,U,PREP,0,0.0,0,18187,0.0,0.0
cefr,C1,,1,2,R:SPELL,no,R,SPELL,8763,1.0029735539119746,3323,5115,64.96578690127077,34.58578363657892
cefr,C1,,2,1,R:ORTH,no,R,ORTH,8452,0.9673778931489226,3599,5115,70.36168132942326,33.35832971543592
cefr,C1,,3,3,U:SPACE,no,U,SPACE,6252,0.7155757912881051,1882,5115,36.79374389051809,24.675375932430832
cefr,C1,,4,4,R:NOUN,no,R,NOUN,1014,0.11605787785766772,663,5115,12.961876832844574,4.0020523345305286
cefr,C1,,5,5,R:VERB,no,R,VERB,221,0.025294665686927578,201,5115,3.929618768328446,0.8722421754746024
cefr,C1,,6,6,R:MORPH,no,R,MORPH,209,0.023921199676777666,160,5115,3.1280547409579667,0.8248806093854837
cefr,C1,,7,7,R:OTHER,no,R,OTHER,181,0.020716445653094533,148,5115,2.8934506353861194,0.7143702885108735
cefr,C1,,8,8,R:NOUN:INFL,no,R,NOUN,50,0.005722775042291308,49,5115,0.9579667644183774,0.19733985870466117
cefr,C1,,9,9,R:VERB:INFL,no,R,VERB,39,0.00446376453298722,37,5115,0.7233626588465298,0.1539250897896357
cefr,C1,,10,10,U:ADV,no,U,ADV,33,0.003777031527912263,32,5115,0.6256109481915934,0.13024430674507637
cefr,C1,,11,11,U:VERB:TENSE,no,U,VERB,24,0.0027469320202998275,23,5115,0.4496578690127077,0.09472313217823736
cefr,C1,,12,12,U:VERB,no,U,VERB,23,0.0026324765194540014,22,5115,0.43010752688172044,0.09077633500414414
cefr,C1,,13,13,R:ADJ,no,R,ADJ,18,0.002060199015224871,18,5115,0.3519061583577713,0.07104234913367802
cefr,C1,,14,14,R:NOUN:NUM,no,R,NOUN,15,0.0017168325126873923,15,5115,0.2932551319648094,0.05920195761139835
cefr,C1,,15,15,R:PRON,no,R,PRON,6,0.0006867330050749569,5,5115,0.09775171065493646,0.02368078304455934
cefr,C1,,16,16,R:ADV,no,R,ADV,5,0.0005722775042291307,5,5115,0.09775171065493646,0.01973398587046612
cefr,C1,,17,17,R:VERB:FORM,no,R,VERB,5,0.0005722775042291307,5,5115,0.09775171065493646,0.01973398587046612
cefr,C1,,18,18,R:DET,no,R,DET,4,0.00045782200338330463,4,5115,0.07820136852394917,0.015787188696372894
cefr,C1,,19,19,R:PREP,no,R,PREP,4,0.00045782200338330463,4,5115,0.07820136852394917,0.015787188696372894
cefr,C1,,20,20,U:PRON,no,U,PRON,4,0.00045782200338330463,4,5115,0.07820136852394917,0.015787188696372894
cefr,C1,,21,21,R:PUNCT,no,R,PUNCT,3,0.00034336650253747843,3,5115,0.05865102639296188,0.01184039152227967
cefr,C1,,22,22,R:VERB:TENSE,no,R,VERB,3,0.00034336650253747843,3,5115,0.05865102639296188,0.01184039152227967
cefr,C1,,23,25,M:NOUN,no,M,NOUN,2,0.00022891100169165232,1,5115,0.019550342130987292,0.007893594348186447
cefr,C1,,24,23,U:NOUN,no,U,NOUN,2,0.00022891100169165232,2,5115,0.039100684261974585,0.007893594348186447
cefr,C1,,25,24,U:PUNCT,no,U,PUNCT,2,0.00022891100169165232,2,5115,0.039100684261974585,0.007893594348186447
cefr,C1,,26,26,R:VERB:SVA,no,R,VERB,1,0.00011445550084582616,1,5115,0.019550342130987292,0.0039467971740932235
cefr,C1,,27,27,U:NOUN:POSS,no,U,NOUN,1,0.00011445550084582616,1,5115,0.019550342130987292,0.0039467971740932235
cefr,C1,,28,28,U:OTHER,no,U,OTHER,1,0.00011445550084582616,1,5115,0.019550342130987292,0.0039467971740932235
cefr,C1,,29,29,M:ADV,no,M,ADV,0,0.0,0,5115,0.0,0.0
cefr,C1,,30,30,M:CONJ,no,M,CONJ,0,0.0,0,5115,0.0,0.0
cefr,C1,,31,31,M:DET,no,M,DET,0,0.0,0,5115,0.0,0.0
cefr,C1,,32,32,M:OTHER,no,M,OTHER,0,0.0,0,5115,0.0,0.0
cefr,C1,,33,33,M:PREP,no,M,PREP,0,0.0,0,5115,0.0,0.0
cefr,C1,,34,34,M:PRON,no,M,PRON,0,0.0,0,5115,0.0,0.0
cefr,C1,,35,35,M:PUNCT,no,M,PUNCT,0,0.0,0,5115,0.0,0.0
cefr,C1,,36,36,M:VERB:TENSE,no,M,VERB,0,0.0,0,5115,0.0,0.0
cefr,C1,,37,37,R:CONJ,no,R,CONJ,0,0.0,0,5115,0.0,0.0
cefr,C1,,38,38,R:CONTR,no,R,CONTR,0,0.0,0,5115,0.0,0.0
cefr,C1,,39,39,R:NOUN:POSS,no,R,NOUN,0,0.0,0,5115,0.0,0.0
cefr,C1,,40,40,U:CONJ,no,U,CONJ,0,0.0,0,5115,0.0,0.0
cefr,C1,,41,41,U:DET,no,U,DET,0,0.0,0,5115,0.0,0.0
cefr,C1,,42,42,U:PREP,no,U,PREP,0,0.0,0,5115,0.0,0.0
level,A1,1,1,1,R:SPELL,no,R,SPELL,133004,3.9076253399238006,65098,96762,67.27641016101362,53.627185342881106
level,A1,1,2,3,U:SPACE,no,U,SPACE,44803,1.3163012999955344,20795,96762,21.49087451685579,18.0645603509451
level,A1,1,3,2,R:ORTH,no,R,ORTH,38001,1.1164601857270784,23758,96762,24.55302701473719,15.321995355138379
level,A1,1,4,4,R:NOUN,no,R,NOUN,25345,0.7446299678232889,20724,96762,21.417498604824207,10.21909876782143
level,A1,1,5,5,R:OTHER,no,R,OTHER,4631,0.13605765953796217,4008,96762,4.142121907360328,1.867218243984259
level,A1,1,6,6,R:MORPH,no,R,MORPH,683,0.020066374749390666,635,96762,0.6562493540852814,0.275385459002645
level,A1,1,7,7,R:VERB,no,R,VERB,518,0.015218714670840943,491,96762,0.5074306029226349,0.20885749306496354
level,A1,1,8,8,R:NOUN:INFL,no,R,NOUN,211,0.00619912894893328,201,96762,0.20772617349786074,0.0850751564415199
level,A1,1,9,9,U:PUNCT,no,U,PUNCT,142,0.0041719256433579415,136,96762,0.1405510427647217,0.05725437068576221
level,A1,1,10,10,R:ADJ,no,R,ADJ,140,0.004113166127254309,136,96762,0.1405510427647217,0.0564479710986388
level,A1,1,11,11,R:VERB:INFL,no,R,VERB,118,0.003466811450114346,117,96762,0.12091523531965027,0.04757757564028127
level,A1,1,12,12,R:PUNCT,no,R,PUNCT,83,0.002438519918300769,83,96762,0.08577747462846985,0.033465582865621575
level,A1,1,13,13,U:VERB,no,U,VERB,81,0.0023797604021971357,79,96762,0.08164362042950746,0.03265918327849816
level,A1,1,14,15,R:PRON,no,R,PRON,57,0.00167464620895354,48,96762,0.04960625038754883,0.022982388233017223
level,A1,1,15,14,U:OTHER,no,U,OTHER,52,0.0015277474186944577,50,96762,0.051673177487030035,0.020966389265208697
level,A1,1,16,16,U:NOUN,no,U,NOUN,45,0.001322089112331742,45,96762,0.04650585973832703,0.018143990710276756
level,A1,1,17,17,R:VERB:TENSE,no,R,VERB,21,0.0006169749190881464,18,96762,0.018602343895330813,0.00846719566479582
level,A1,1,18,18,R:DET,no,R,DET,17,0.0004994558868808804,17,96762,0.01756888034559021,0.006854396490548997
level,A1,1,19,19,R:ADV,no,R,ADV,14,0.0004113166127254309,14,96762,0.014468489696368408,0.00564479710986388
level,A1,1,20,20,R:PREP,no,R,PREP,10,0.0002937975805181649,10,96762,0.010334635497406007,0.004031997935617057
level,A1,1,21,21,M:PUNCT,no,M,PUNCT,8,0.00023503806441453194,8,96762,0.008267708397924805,0.0032255983484936455
level,A1,1,22,22,R:NOUN:NUM,no,R,NOUN,8,0.00023503806441453194,8,96762,0.008267708397924805,0.0032255983484936455
level,A1,1,23,23,U:PRON,no,U,PRON,4,0.00011751903220726597,4,96762,0.004133854198962402,0.0016127991742468227
level,A1,1,24,24,M:OTHER,no,M,OTHER,3,8.813927415544947e-05,3,96762,0.003100390649221802,0.0012095993806851171
level,A1,1,25,25,M:PRON,no,M,PRON,3,8.813927415544947e-05,3,96762,0.003100390649221802,0.0012095993806851171
level,A1,1,26,26,U:ADV,no,U,ADV,3,8.813927415544947e-05,3,96762,0.003100390649221802,0.0012095993806851171
level,A1,1,27,27,R:NOUN:POSS,no,R,NOUN,2,5.8759516103632986e-05,2,96762,0.002066927099481201,0.0008063995871234114
level,A1,1,28,28,R:VERB:SVA,no,R,VERB,2,5.8759516103632986e-05,2,96762,0.002066927099481201,0.0008063995871234114
level,A1,1,29,29,M:NOUN,no,M,NOUN,1,2.9379758051816493e-05,1,96762,0.0010334635497406006,0.0004031997935617057
level,A1,1,30,30,R:CONJ,no,R,CONJ,1,2.9379758051816493e-05,1,96762,0.0010334635497406006,0.0004031997935617057
level,A1,1,31,31,R:VERB:FORM,no,R,VERB,1,2.9379758051816493e-05,1,96762,0.0010334635497406006,0.0004031997935617057
level,A1,1,32,32,U:CONJ,no,U,CONJ,1,2.9379758051816493e-05,1,96762,0.0010334635497406006,0.0004031997935617057
level,A1,1,33,33,U:DET,no,U,DET,1,2.9379758051816493e-05,1,96762,0.0010334635497406006,0.0004031997935617057
level,A1,1,34,34,U:NOUN:POSS,no,U,NOUN,1,2.9379758051816493e-05,1,96762,0.0010334635497406006,0.0004031997935617057
level,A1,1,35,35,U:VERB:TENSE,no,U,VERB,1,2.9379758051816493e-05,1,96762,0.0010334635497406006,0.0004031997935617057
level,A1,1,36,36,M:ADV,no,M,ADV,0,0.0,0,96762,0.0,0.0
level,A1,1,37,37,M:CONJ,no,M,CONJ,0,0.0,0,96762,0.0,0.0
level,A1,1,38,38,M:DET,no,M,DET,0,0.0,0,96762,0.0,0.0
level,A1,1,39,39,M:PREP,no,M,PREP,0,0.0,0,96762,0.0,0.0
level,A1,1,40,40,M:VERB:TENSE,no,M,VERB,0,0.0,0,96762,0.0,0.0
level,A1,1,41,41,R:CONTR,no,R,CONTR,0,0.0,0,96762,0.0,0.0
level,A1,1,42,42,U:PREP,no,U,PREP,0,0.0,0,96762,0.0,0.0
level,A1,2,1,1,R:SPELL,no,R,SPELL,58041,2.2855268473897636,32079,56839,56.438360984535265,51.69032648771886
level,A1,2,2,3,U:SPACE,no,U,SPACE,27951,1.1006488673763597,12141,56839,21.36033357377857,24.892684751438292
level,A1,2,3,2,R:ORTH,no,R,ORTH,16307,0.6421337726845657,12636,56839,22.231214483013424,14.522736583367472
level,A1,2,4,4,R:NOUN,no,R,NOUN,6880,0.2709192589728222,5756,56839,10.126849522335016,6.127210872236966
level,A1,2,5,5,R:OTHER,no,R,OTHER,1682,0.06623345837097194,1495,56839,2.6302362814264852,1.4979605649858396
level,A1,2,6,6,R:MORPH,no,R,MORPH,466,0.01835005445949639,443,56839,0.7793944298808917,0.4150116666369806
level,A1,2,7,7,R:VERB:INFL,no,R,VERB,321,0.012640273565447084,313,56839,0.5506782314959798,0.28587713517268404
level,A1,2,8,8,R:VERB,no,R,VERB,161,0.006339825682358195,157,56839,0.27621879343408573,0.14338385907414994
level,A1,2,9,9,R:NOUN:INFL,no,R,NOUN,95,0.003740890930584028,92,56839,0.16186069424162985,0.08460538268350462
level,A1,2,10,10,R:ADJ,no,R,ADJ,77,0.003032090543736528,77,56839,0.13547036365875542,0.06857488912241953
level,A1,2,11,11,R:VERB:SVA,no,R,VERB,53,0.0020870233612731944,52,56839,0.09148647935396471,0.04720089770763942
level,A1,2,12,12,U:VERB,no,U,VERB,40,0.0015751119707722223,34,56839,0.05981808265451539,0.035623319024633525
level,A1,2,13,13,U:PUNCT,no,U,PUNCT,33,0.0012994673758870833,33,56839,0.05805872728232376,0.02938923819532266
level,A1,2,14,14,R:ADV,no,R,ADV,25,0.0009844449817326389,25,56839,0.04398388430479072,0.022264574390395954
level,A1,2,15,16,R:PUNCT,no,R,PUNCT,25,0.0009844449817326389,24,56839,0.04222452893259909,0.022264574390395954
level,A1,2,16,15,U:OTHER,no,U,OTHER,25,0.0009844449817326389,25,56839,0.04398388430479072,0.022264574390395954
level,A1,2,17,17,U:ADV,no,U,ADV,18,0.0007088003868475,18,56839,0.03166839669944932,0.016030493561085088
level,A1,2,18,18,R:DET,no,R,DET,17,0.0006694225875781945,15,56839,0.026390330582874436,0.015139910585469249
level,A1,2,19,21,R:PRON,no,R,PRON,13,0.0005119113905009723,10,56839,0.01759355372191629,0.011577578683005896
level,A1,2,20,19,R:VERB:TENSE,no,R,VERB,13,0.0005119113905009723,13,56839,0.02287161983849118,0.011577578683005896
level,A1,2,21,20,U:NOUN,no,U,NOUN,11,0.00043315579196236115,11,56839,0.019352909094107917,0.00979641273177422
level,A1,2,22,22,R:NOUN:NUM,no,R,NOUN,9,0.00035440019342375,8,56839,0.014074842977533033,0.008015246780542544
level,A1,2,23,23,M:PUNCT,no,M,PUNCT,6,0.00023626679561583334,6,56839,0.010556132233149773,0.005343497853695029
level,A1,2,24,24,R:PREP,no,R,PREP,6,0.00023626679561583334,6,56839,0.010556132233149773,0.005343497853695029
level,A1,2,25,25,U:NOUN:POSS,no,U,NOUN,2,7.875559853861112e-05,2,56839,0.003518710744383258,0.0017811659512316762
level,A1,2,26,26,U:PREP,no,U,PREP,2,7.875559853861112e-05,2,56839,0.003518710744383258,0.0017811659512316762
level,A1,2,27,27,U:PRON,no,U,PRON,2,7.875559853861112e-05,2,56839,0.003518710744383258,0.0017811659512316762
level,A1,2,28,28,M:CONJ,no,M,CONJ,1,3.937779926930556e-05,1,56839,0.001759355372191629,0.0008905829756158381
level,A1,2,29,29,M:DET,no,M,DET,1,3.937779926930556e-05,1,56839,0.001759355372191629,0.0008905829756158381
level,A1,2,30,30,M:OTHER,no,M,OTHER,1,3.937779926930556e-05,1,56839,0.001759355372191629,0.0008905829756158381
level,A1,2,31,31,M:PRON,no,M,PRON,1,3.937779926930556e-05,1,56839,0.001759355372191629,0.0008905829756158381
level,A1,2,32,32,U:VERB:TENSE,no,U,VERB,1,3.937779926930556e-05,1,56839,0.001759355372191629,0.0008905829756158381
level,A1,2,33,33,M:ADV,no,M,ADV,0,0.0,0,56839,0.0,0.0
level,A1,2,34,34,M:NOUN,no,M,NOUN,0,0.0,0,56839,0.0,0.0
level,A1,2,35,35,M:PREP,no,M,PREP,0,0.0,0,56839,0.0,0.0
level,A1,2,36,36,M:VERB:TENSE,no,M,VERB,0,0.0,0,56839,0.0,0.0
level,A1,2,37,37,R:CONJ,no,R,CONJ,0,0.0,0,56839,0.0,0.0
level,A1,2,38,38,R:CONTR,no,R,CONTR,0,0.0,0,56839,0.0,0.0
level,A1,2,39,39,R:NOUN:POSS,no,R,NOUN,0,0.0,0,56839,0.0,0.0
level,A1,2,40,40,R:VERB:FORM,no,R,VERB,0,0.0,0,56839,0.0,0.0
level,A1,2,41,41,U:CONJ,no,U,CONJ,0,0.0,0,56839,0.0,0.0
level,A1,2,42,42,U:DET,no,U,DET,0,0.0,0,56839,0.0,0.0
level,A1,3,1,1,R:SPELL,no,R,SPELL,32086,1.9092115918883201,18297,38062,48.07156744259366,41.58318321431811
level,A1,3,2,3,U:SPACE,no,U,SPACE,18045,1.0737306979874317,8048,38062,21.1444485313436,23.38616658674719
level,A1,3,3,2,R:ORTH,no,R,ORTH,16839,1.0019701426107157,8872,38062,23.309337396878778,21.823200839802492
level,A1,3,4,4,R:NOUN,no,R,NOUN,6588,0.39200542190862847,5889,38062,15.472124428563921,8.537991990772541
level,A1,3,5,5,R:OTHER,no,R,OTHER,1738,0.10341612375185129,1632,38062,4.287741054069675,2.2524332240380502
level,A1,3,6,6,R:VERB,no,R,VERB,874,0.05200557661629345,840,38062,2.2069255425358625,1.132696569510504
level,A1,3,7,7,R:VERB:INFL,no,R,VERB,467,0.027787876750353595,452,38062,1.1875361252692975,0.6052280297041251
level,A1,3,8,8,R:NOUN:INFL,no,R,NOUN,152,0.00904444810718147,139,38062,0.3651936314434344,0.19699070774095723
level,A1,3,9,9,R:MORPH,no,R,MORPH,140,0.008330412730298723,125,38062,0.3284115390678367,0.18143880976140797
level,A1,3,10,10,U:VERB,no,U,VERB,43,0.002558626767163179,39,38062,0.10246440018916504,0.05572763442671816
level,A1,3,11,11,U:PUNCT,no,U,PUNCT,36,0.002142106130648243,34,38062,0.08932793862645158,0.04665569393864776
level,A1,3,12,12,R:ADJ,no,R,ADJ,25,0.0014875737018390576,24,38062,0.06305501550102464,0.03239978745739428
level,A1,3,13,13,R:PUNCT,no,R,PUNCT,18,0.0010710530653241215,18,38062,0.04729126162576848,0.02332784696932388
level,A1,3,14,14,U:OTHER,no,U,OTHER,18,0.0010710530653241215,18,38062,0.04729126162576848,0.02332784696932388
level,A1,3,15,15,U:NOUN,no,U,NOUN,15,0.0008925442211034346,15,38062,0.039409384688140404,0.019439872474436567
level,A1,3,16,16,R:ADV,no,R,ADV,14,0.0008330412730298722,14,38062,0.03678209237559771,0.018143880976140798
level,A1,3,17,17,U:ADV,no,U,ADV,11,0.0006545324288091853,11,38062,0.02890021543796963,0.014255906481253484
level,A1,3,18,18,R:NOUN:NUM,no,R,NOUN,9,0.0005355265326620608,9,38062,0.02364563081288424,0.01166392348466194
level,A1,3,19,19,R:CONJ,no,R,CONJ,8,0.00047602358458849844,8,38062,0.021018338500341547,0.01036793198636617
level,A1,3,20,20,R:DET,no,R,DET,7,0.0004165206365149361,7,38062,0.018391046187798854,0.009071940488070399
level,A1,3,21,21,R:PRON,no,R,PRON,7,0.0004165206365149361,6,38062,0.01576375387525616,0.009071940488070399
level,A1,3,22,22,R:VERB:TENSE,no,R,VERB,5,0.0002975147403678115,5,38062,0.013136461562713468,0.006479957491478856
level,A1,3,23,23,R:PREP,no,R,PREP,4,0.00023801179229424922,4,38062,0.010509169250170773,0.005183965993183085
level,A1,3,24,24,U:PRON,no,U,PRON,4,0.00023801179229424922,4,38062,0.010509169250170773,0.005183965993183085
level,A1,3,25,25,M:PUNCT,no,M,PUNCT,2,0.00011900589614712461,2,38062,0.005254584625085387,0.0025919829965915424
level,A1,3,26,26,R:NOUN:POSS,no,R,NOUN,2,0.00011900589614712461,2,38062,0.005254584625085387,0.0025919829965915424
level,A1,3,27,27,R:VERB:SVA,no,R,VERB,2,0.00011900589614712461,2,38062,0.005254584625085387,0.0025919829965915424
level,A1,3,28,28,M:ADV,no,M,ADV,1,5.9502948073562305e-05,1,38062,0.0026272923125426934,0.0012959914982957712
level,A1,3,29,29,R:CONTR,no,R,CONTR,1,5.9502948073562305e-05,1,38062,0.0026272923125426934,0.0012959914982957712
level,A1,3,30,30,M:CONJ,no,M,CONJ,0,0.0,0,38062,0.0,0.0
level,A1,3,31,31,M:DET,no,M,DET,0,0.0,0,38062,0.0,0.0
level,A1,3,32,32,M:NOUN,no,M,NOUN,0,0.0,0,38062,0.0,0.0
level,A1,3,33,33,M:OTHER,no,M,OTHER,0,0.0,0,38062,0.0,0.0
level,A1,3,34,34,M:PREP,no,M,PREP,0,0.0,0,38062,0.0,0.0
level,A1,3,35,35,M:PRON,no,M,PRON,0,0.0,0,38062,0.0,0.0
level,A1,3,36,36,M:VERB:TENSE,no,M,VERB,0,0.0,0,38062,0.0,0.0
level,A1,3,37,37,R:VERB:FORM,no,R,VERB,0,0.0,0,38062,0.0,0.0
level,A1,3,38,38,U:CONJ,no,U,CONJ,0,0.0,0,38062,0.0,0.0
level,A1,3,39,39,U:DET,no,U,DET,0,0.0,0,38062,0.0,0.0
level,A1,3,40,40,U:NOUN:POSS,no,U,NOUN,0,0.0,0,38062,0.0,0.0
level,A1,3,41,41,U:PREP,no,U,PREP,0,0.0,0,38062,0.0,0.0
level,A1,3,42,42,U:VERB:TENSE,no,U,VERB,0,0.0,0,38062,0.0,0.0
level,A2,4,1,1,R:SPELL,no,R,SPELL,84162,1.798533554697008,42759,70470,60.676883780332055,50.57113499936908
level,A2,4,2,3,U:SPACE,no,U,SPACE,38085,0.8138726554815183,15362,70470,21.799347239960266,22.88445707624547
level,A2,4,3,2,R:ORTH,no,R,ORTH,29498,0.6303693210291146,20999,70470,29.798495813821486,17.724713531182587
level,A2,4,4,4,R:NOUN,no,R,NOUN,7341,0.15687643859498035,6226,70470,8.834965233432666,4.41104895357012
level,A2,4,5,6,R:VERB,no,R,VERB,2958,0.06321216528592179,1611,70470,2.286079182630907,1.7773985566898807
level,A2,4,6,5,R:OTHER,no,R,OTHER,2170,0.04637268379663634,1774,70470,2.5173832836668084,1.303906311026721
level,A2,4,7,7,R:MORPH,no,R,MORPH,729,0.015578657367625755,672,70470,0.9535972754363559,0.438040415086857
level,A2,4,8,8,R:VERB:INFL,no,R,VERB,690,0.014745231253308328,442,70470,0.627217255569746,0.4146061541974366
level,A2,4,9,9,R:NOUN:INFL,no,R,NOUN,225,0.004808227582600542,220,70470,0.31218958422023557,0.135197658977425
level,A2,4,10,10,U:VERB,no,U,VERB,94,0.002008770634508671,83,70470,0.11778061586490705,0.05648257752834644
level,A2,4,11,11,U:PUNCT,no,U,PUNCT,58,0.0012394542212925842,58,70470,0.0823045267489712,0.034850952091958445
level,A2,4,12,14,U:VERB:TENSE,no,U,VERB,52,0.001111234819089903,43,70470,0.06101887327940968,0.031245681185893777
level,A2,4,13,12,U:ADV,no,U,ADV,50,0.001068495018355676,50,70470,0.07095217823187172,0.030043924217205555
level,A2,4,14,13,U:OTHER,no,U,OTHER,50,0.001068495018355676,48,70470,0.06811409110259685,0.030043924217205555
level,A2,4,15,15,R:PUNCT,no,R,PUNCT,44,0.0009402756161529948,42,70470,0.05959982971477224,0.026438653311140887
level,A2,4,16,16,R:ADJ,no,R,ADJ,42,0.0008975358154187678,41,70470,0.05818078615013481,0.025236896342452665
level,A2,4,17,18,R:PRON,no,R,PRON,28,0.0005983572102791785,23,70470,0.03263800198666099,0.01682459756163511
level,A2,4,18,17,R:VERB:TENSE,no,R,VERB,25,0.000534247509177838,25,70470,0.03547608911593586,0.015021962108602778
level,A2,4,19,20,R:ADV,no,R,ADV,22,0.0004701378080764974,21,70470,0.02979991485738612,0.013219326655570443
level,A2,4,20,19,U:PRON,no,U,PRON,22,0.0004701378080764974,22,70470,0.031218958422023557,0.013219326655570443
level,A2,4,21,21,R:NOUN:NUM,no,R,NOUN,21,0.0004487679077093839,21,70470,0.02979991485738612,0.012618448171226333
level,A2,4,22,22,U:NOUN,no,U,NOUN,16,0.0003419184058738163,16,70470,0.02270469703419895,0.009614055749505777
level,A2,4,23,23,M:PUNCT,no,M,PUNCT,10,0.00021369900367113517,10,70470,0.014190435646374344,0.006008784843441111
level,A2,4,24,24,R:DET,no,R,DET,10,0.00021369900367113517,10,70470,0.014190435646374344,0.006008784843441111
level,A2,4,25,25,R:VERB:SVA,no,R,VERB,8,0.00017095920293690815,8,70470,0.011352348517099474,0.004807027874752888
level,A2,4,26,26,R:CONJ,no,R,CONJ,5,0.00010684950183556759,5,70470,0.007095217823187172,0.0030043924217205554
level,A2,4,27,27,R:PREP,no,R,PREP,3,6.410970110134055e-05,3,70470,0.004257130693912303,0.0018026354530323333
level,A2,4,28,28,M:OTHER,no,M,OTHER,2,4.273980073422704e-05,2,70470,0.0028380871292748686,0.001201756968688222
level,A2,4,29,29,U:NOUN:POSS,no,U,NOUN,2,4.273980073422704e-05,2,70470,0.0028380871292748686,0.001201756968688222
level,A2,4,30,30,R:VERB:FORM,no,R,VERB,1,2.136990036711352e-05,1,70470,0.0014190435646374343,0.000600878484344111
level,A2,4,31,31,M:ADV,no,M,ADV,0,0.0,0,70470,0.0,0.0
level,A2,4,32,32,M:CONJ,no,M,CONJ,0,0.0,0,70470,0.0,0.0
level,A2,4,33,33,M:DET,no,M,DET,0,0.0,0,70470,0.0,0.0
level,A2,4,34,34,M:NOUN,no,M,NOUN,0,0.0,0,70470,0.0,0.0
level,A2,4,35,35,M:PREP,no,M,PREP,0,0.0,0,70470,0.0,0.0
level,A2,4,36,36,M:PRON,no,M,PRON,0,0.0,0,70470,0.0,0.0
level,A2,4,37,37,M:VERB:TENSE,no,M,VERB,0,0.0,0,70470,0.0,0.0
level,A2,4,38,38,R:CONTR,no,R,CONTR,0,0.0,0,70470,0.0,0.0
level,A2,4,39,39,R:NOUN:POSS,no,R,NOUN,0,0.0,0,70470,0.0,0.0
level,A2,4,40,40,U:CONJ,no,U,CONJ,0,0.0,0,70470,0.0,0.0
level,A2,4,41,41,U:DET,no,U,DET,0,0.0,0,70470,0.0,0.0
level,A2,4,42,42,U:PREP,no,U,PREP,0,0.0,0,70470,0.0,0.0
level,A2,5,1,1,R:SPELL,no,R,SPELL,45562,1.7332014088680783,22125,37277,59.3529522225501,41.0195005131714
level,A2,5,2,2,R:ORTH,no,R,ORTH,29426,1.1193798484998918,16649,37277,44.662928883762106,26.492248410969264
level,A2,5,3,3,U:SPACE,no,U,SPACE,24835,0.9447358981001431,9681,37277,25.970437535209378,22.358967895277022
level,A2,5,4,4,R:NOUN,no,R,NOUN,5558,0.21142911703807513,4661,37277,12.503688601550554,5.003871293011866
level,A2,5,5,6,R:VERB,no,R,VERB,2475,0.09415024553242819,1350,37277,3.621536067816616,2.2282442335740136
level,A2,5,6,5,R:OTHER,no,R,OTHER,1921,0.07307580673446246,1588,37277,4.259999463476138,1.7294776455336083
level,A2,5,7,7,R:MORPH,no,R,MORPH,505,0.019210454138939896,467,37277,1.2527832175335998,0.4546518537191422
level,A2,5,8,8,R:VERB:INFL,no,R,VERB,203,0.007722222158821383,199,37277,0.5338412425892641,0.18276104218809083
level,A2,5,9,9,R:NOUN:INFL,no,R,NOUN,163,0.006200602029004362,145,37277,0.38897979987659953,0.14674901417073302
level,A2,5,10,10,U:ADV,no,U,ADV,76,0.0028910782466523405,73,37277,0.19583120959304665,0.06842285323297982
level,A2,5,11,11,R:ADJ,no,R,ADJ,51,0.0019400656655167022,51,37277,0.1368135847841833,0.04591533572213119
level,A2,5,12,12,U:VERB,no,U,VERB,34,0.0012933771103444682,33,37277,0.08852643721329506,0.030610223814754128
level,A2,5,13,13,R:PUNCT,no,R,PUNCT,31,0.0011792556006081916,29,37277,0.0777959599753199,0.027909321713452295
level,A2,5,14,16,U:PRON,no,U,PRON,31,0.0011792556006081916,25,37277,0.06706548273734474,0.027909321713452295
level,A2,5,15,14,U:OTHER,no,U,OTHER,30,0.001141215097362766,29,37277,0.0777959599753199,0.027009021013018348
level,A2,5,16,15,R:ADV,no,R,ADV,26,0.000989053084381064,26,37277,0.06974810204683854,0.023407818211282568
level,A2,5,17,18,M:NOUN,no,M,NOUN,24,0.0009129720778902128,20,37277,0.05365238618987579,0.02160721681041468
level,A2,5,18,20,R:VERB:TENSE,no,R,VERB,22,0.0008368910713993618,18,37277,0.048287147570888214,0.01980661540954679
level,A2,5,19,17,R:NOUN:NUM,no,R,NOUN,21,0.0007988505681539363,21,37277,0.05633500549936959,0.018906314709112845
level,A2,5,20,19,U:PUNCT,no,U,PUNCT,21,0.0007988505681539363,20,37277,0.05365238618987579,0.018906314709112845
level,A2,5,21,21,R:DET,no,R,DET,18,0.0006847290584176596,18,37277,0.048287147570888214,0.01620541260781101
level,A2,5,22,22,R:PRON,no,R,PRON,16,0.0006086480519268086,12,37277,0.032191431713925474,0.014404811206943119
level,A2,5,23,23,U:VERB:TENSE,no,U,VERB,8,0.0003043240259634043,8,37277,0.021460954475950318,0.0072024056034715594
level,A2,5,24,24,U:NOUN,no,U,NOUN,5,0.00019020251622712766,5,37277,0.013413096547468948,0.004501503502169725
level,A2,5,25,25,R:PREP,no,R,PREP,3,0.0001141215097362766,3,37277,0.008047857928481368,0.002700902101301835
level,A2,5,26,26,M:PUNCT,no,M,PUNCT,2,7.608100649085108e-05,2,37277,0.0053652386189875795,0.0018006014008678899
level,A2,5,27,27,R:VERB:SVA,no,R,VERB,2,7.608100649085108e-05,2,37277,0.0053652386189875795,0.0018006014008678899
level,A2,5,28,28,M:OTHER,no,M,OTHER,1,3.804050324542554e-05,1,37277,0.0026826193094937898,0.0009003007004339449
level,A2,5,29,29,M:VERB:TENSE,no,M,VERB,1,3.804050324542554e-05,1,37277,0.0026826193094937898,0.0009003007004339449
level,A2,5,30,30,R:CONTR,no,R,CONTR,1,3.804050324542554e-05,1,37277,0.0026826193094937898,0.0009003007004339449
level,A2,5,31,31,R:NOUN:POSS,no,R,NOUN,1,3.804050324542554e-05,1,37277,0.0026826193094937898,0.0009003007004339449
level,A2,5,32,32,U:PREP,no,U,PREP,1,3.804050324542554e-05,1,37277,0.0026826193094937898,0.0009003007004339449
level,A2,5,33,33,M:ADV,no,M,ADV,0,0.0,0,37277,0.0,0.0
level,A2,5,34,34,M:CONJ,no,M,CONJ,0,0.0,0,37277,0.0,0.0
level,A2,5,35,35,M:DET,no,M,DET,0,0.0,0,37277,0.0,0.0
level,A2,5,36,36,M:PREP,no,M,PREP,0,0.0,0,37277,0.0,0.0
level,A2,5,37,37,M:PRON,no,M,PRON,0,0.0,0,37277,0.0,0.0
level,A2,5,38,38,R:CONJ,no,R,CONJ,0,0.0,0,37277,0.0,0.0
level,A2,5,39,39,R:VERB:FORM,no,R,VERB,0,0.0,0,37277,0.0,0.0
level,A2,5,40,40,U:CONJ,no,U,CONJ,0,0.0,0,37277,0.0,0.0
level,A2,5,41,41,U:DET,no,U,DET,0,0.0,0,37277,0.0,0.0
level,A2,5,42,42,U:NOUN:POSS,no,U,NOUN,0,0.0,0,37277,0.0,0.0
level,A2,6,1,1,R:SPELL,no,R,SPELL,27535,1.7907929762673591,13080,21844,59.87914301409998,39.31493353513143
level,A2,6,2,2,R:ORTH,no,R,ORTH,22451,1.4601450194362986,10527,21844,48.1917231276323,32.05591330296843
level,A2,6,3,3,U:SPACE,no,U,SPACE,15528,1.009894074286528,5611,21844,25.686687419886468,22.17113811271185
level,A2,6,4,4,R:NOUN,no,R,NOUN,2508,0.16311272142649488,2017,21844,9.233656839406702,3.5809643474163657
level,A2,6,5,5,R:OTHER,no,R,OTHER,725,0.047151803442666985,641,21844,2.934444240981505,1.0351671259477133
level,A2,6,6,6,R:MORPH,no,R,MORPH,387,0.02516930749284431,357,21844,1.6343160593297932,0.5525650727472622
level,A2,6,7,7,R:VERB,no,R,VERB,261,0.016974649239360113,246,21844,1.126167368613807,0.3726601653411768
level,A2,6,8,8,R:VERB:INFL,no,R,VERB,162,0.010535989183051105,146,21844,0.6683757553561619,0.23130630952210973
level,A2,6,9,9,R:NOUN:INFL,no,R,NOUN,78,0.00507288368072831,75,21844,0.3433437099432338,0.11136970458471951
level,A2,6,10,10,U:ADV,no,U,ADV,66,0.0042924400375393395,63,21844,0.2884087163523164,0.09423590387937804
level,A2,6,11,11,R:ADJ,no,R,ADJ,54,0.0035119963943503686,52,21844,0.23805163889397546,0.07710210317403658
level,A2,6,12,13,U:VERB:TENSE,no,U,VERB,47,0.0030567376024901354,36,21844,0.16480498077275224,0.06710738609592072
level,A2,6,13,12,U:VERB,no,U,VERB,43,0.0027965897214271454,38,21844,0.17396081303790514,0.06139611919414024
level,A2,6,14,14,R:ADV,no,R,ADV,35,0.002276293959301165,35,21844,0.1602270646401758,0.049973585390579264
level,A2,6,15,15,R:PUNCT,no,R,PUNCT,27,0.0017559981971751843,27,21844,0.12360373557956418,0.03855105158701829
level,A2,6,16,16,R:NOUN:NUM,no,R,NOUN,21,0.0013657763755806989,21,21844,0.09613623878410547,0.02998415123434756
level,A2,6,17,17,U:PUNCT,no,U,PUNCT,21,0.0013657763755806989,20,21844,0.09155832265152902,0.02998415123434756
level,A2,6,18,18,R:VERB:TENSE,no,R,VERB,19,0.0012357024350492037,19,21844,0.08698040651895257,0.027128517783457314
level,A2,6,19,20,R:PRON,no,R,PRON,16,0.001040591524251961,10,21844,0.04577916132576451,0.02284506760712195
level,A2,6,20,19,R:CONJ,no,R,CONJ,14,0.0009105175837204659,14,21844,0.06409082585607032,0.019989434156231705
level,A2,6,21,21,U:OTHER,no,U,OTHER,10,0.0006503697026574756,10,21844,0.04577916132576451,0.014278167254451218
level,A2,6,22,22,R:DET,no,R,DET,9,0.000585332732391728,9,21844,0.04120124519318806,0.012850350529006098
level,A2,6,23,23,U:PRON,no,U,PRON,7,0.0004552587918602329,7,21844,0.03204541292803516,0.009994717078115853
level,A2,6,24,24,R:VERB:FORM,no,R,VERB,4,0.00026014788106299027,4,21844,0.018311664530305805,0.0057112669017804875
level,A2,6,25,25,U:NOUN,no,U,NOUN,3,0.0001951109107972427,3,21844,0.013733748397729353,0.004283450176335366
level,A2,6,26,26,R:VERB:SVA,no,R,VERB,2,0.00013007394053149513,2,21844,0.009155832265152902,0.0028556334508902438
level,A2,6,27,27,M:PUNCT,no,M,PUNCT,1,6.503697026574757e-05,1,21844,0.004577916132576451,0.0014278167254451219
level,A2,6,28,28,R:NOUN:POSS,no,R,NOUN,1,6.503697026574757e-05,1,21844,0.004577916132576451,0.0014278167254451219
level,A2,6,29,29,R:PREP,no,R,PREP,1,6.503697026574757e-05,1,21844,0.004577916132576451,0.0014278167254451219
level,A2,6,30,30,U:NOUN:POSS,no,U,NOUN,1,6.503697026574757e-05,1,21844,0.004577916132576451,0.0014278167254451219
level,A2,6,31,31,M:ADV,no,M,ADV,0,0.0,0,21844,0.0,0.0
level,A2,6,32,32,M:CONJ,no,M,CONJ,0,0.0,0,21844,0.0,0.0
level,A2,6,33,33,M:DET,no,M,DET,0,0.0,0,21844,0.0,0.0
level,A2,6,34,34,M:NOUN,no,M,NOUN,0,0.0,0,21844,0.0,0.0
level,A2,6,35,35,M:OTHER,no,M,OTHER,0,0.0,0,21844,0.0,0.0
level,A2,6,36,36,M:PREP,no,M,PREP,0,0.0,0,21844,0.0,0.0
level,A2,6,37,37,M:PRON,no,M,PRON,0,0.0,0,21844,0.0,0.0
level,A2,6,38,38,M:VERB:TENSE,no,M,VERB,0,0.0,0,21844,0.0,0.0
level,A2,6,39,39,R:CONTR,no,R,CONTR,0,0.0,0,21844,0.0,0.0
level,A2,6,40,40,U:CONJ,no,U,CONJ,0,0.0,0,21844,0.0,0.0
level,A2,6,41,41,U:DET,no,U,DET,0,0.0,0,21844,0.0,0.0
level,A2,6,42,42,U:PREP,no,U,PREP,0,0.0,0,21844,0.0,0.0
level,B1,7,1,2,R:SPELL,no,R,SPELL,51485,1.5210467850769904,23732,37460,63.35290977042178,37.57645204139723
level,B1,7,2,1,R:ORTH,no,R,ORTH,43727,1.291848359154347,24114,37460,64.37266417512012,31.914256937247288
level,B1,7,3,3,U:SPACE,no,U,SPACE,26344,0.7782938041384526,9770,37460,26.08115323011212,19.227232253638313
level,B1,7,4,4,R:NOUN,no,R,NOUN,9966,0.2944304605239834,7580,37460,20.2349172450614,7.2737092559884395
level,B1,7,5,5,R:VERB,no,R,VERB,1802,0.05323737606504295,1687,37460,4.503470368392953,1.315194067759499
level,B1,7,6,6,R:OTHER,no,R,OTHER,1692,0.04998759173254866,1434,37460,3.8280832888414307,1.23491030113711
level,B1,7,7,7,R:MORPH,no,R,MORPH,798,0.023575708157549544,716,37460,1.9113721302722904,0.5824222342242399
level,B1,7,8,8,R:VERB:INFL,no,R,VERB,311,0.009188026612779334,299,37460,0.798184730379071,0.22698410381420878
level,B1,7,9,9,R:NOUN:INFL,no,R,NOUN,272,0.008035830349440446,258,37460,0.6887346502936466,0.19851985928445268
level,B1,7,10,10,R:ADJ,no,R,ADJ,111,0.0032793278264260646,110,37460,0.2936465563267485,0.08101361904622885
level,B1,7,11,11,R:PUNCT,no,R,PUNCT,79,0.0023339360206095414,78,37460,0.20822210357714896,0.05765834148335207
level,B1,7,12,12,U:ADV,no,U,ADV,79,0.0023339360206095414,76,37460,0.20288307528029897,0.05765834148335207
level,B1,7,13,13,U:VERB,no,U,VERB,73,0.002156675057018943,68,37460,0.1815269620928991,0.05327922694031267
level,B1,7,14,14,R:ADV,no,R,ADV,33,0.0009749352997482895,33,37460,0.08809396689802455,0.024085129986716684
level,B1,7,15,15,R:VERB:FORM,no,R,VERB,29,0.0008567613240212241,28,37460,0.07474639615589963,0.021165720291357087
level,B1,7,16,16,U:VERB:TENSE,no,U,VERB,29,0.0008567613240212241,27,37460,0.07207688200747464,0.021165720291357087
level,B1,7,17,18,R:VERB:TENSE,no,R,VERB,27,0.0007976743361576914,24,37460,0.06406833956219968,0.01970601544367729
level,B1,7,18,17,R:NOUN:NUM,no,R,NOUN,26,0.000768130842225925,26,37460,0.06940736785904965,0.01897616301983739
level,B1,7,19,19,R:DET,no,R,DET,25,0.0007385873482941587,24,37460,0.06406833956219968,0.01824631059599749
level,B1,7,20,20,U:PUNCT,no,U,PUNCT,20,0.000590869878635327,20,37460,0.053390282968499736,0.014597048476797991
level,B1,7,21,21,R:PRON,no,R,PRON,18,0.0005317828907717943,15,37460,0.0400427122263748,0.013137343629118193
level,B1,7,22,22,R:VERB:SVA,no,R,VERB,14,0.00041360891504472883,14,37460,0.03737319807794982,0.010217933933758593
level,B1,7,23,23,U:OTHER,no,U,OTHER,13,0.0003840654211129625,13,37460,0.034703683929524824,0.009488081509918695
level,B1,7,24,24,R:PREP,no,R,PREP,11,0.0003249784332494298,11,37460,0.029364655632674853,0.008028376662238896
level,B1,7,25,25,U:NOUN,no,U,NOUN,10,0.0002954349393176635,10,37460,0.026695141484249868,0.007298524238398996
level,B1,7,26,26,M:NOUN,no,M,NOUN,8,0.00023634795145413077,7,37460,0.01868659903897491,0.005838819390719197
level,B1,7,27,27,M:PUNCT,no,M,PUNCT,4,0.00011817397572706538,4,37460,0.010678056593699947,0.0029194096953595984
level,B1,7,28,28,R:CONJ,no,R,CONJ,3,8.863048179529903e-05,3,37460,0.00800854244527496,0.0021895572715196986
level,B1,7,29,29,U:PRON,no,U,PRON,2,5.908698786353269e-05,2,37460,0.005339028296849973,0.0014597048476797992
level,B1,7,30,30,M:ADV,no,M,ADV,1,2.9543493931766346e-05,1,37460,0.0026695141484249867,0.0007298524238398996
level,B1,7,31,31,M:PREP,no,M,PREP,1,2.9543493931766346e-05,1,37460,0.0026695141484249867,0.0007298524238398996
level,B1,7,32,32,M:VERB:TENSE,no,M,VERB,1,2.9543493931766346e-05,1,37460,0.0026695141484249867,0.0007298524238398996
level,B1,7,33,33,M:CONJ,no,M,CONJ,0,0.0,0,37460,0.0,0.0
level,B1,7,34,34,M:DET,no,M,DET,0,0.0,0,37460,0.0,0.0
level,B1,7,35,35,M:OTHER,no,M,OTHER,0,0.0,0,37460,0.0,0.0
level,B1,7,36,36,M:PRON,no,M,PRON,0,0.0,0,37460,0.0,0.0
level,B1,7,37,37,R:CONTR,no,R,CONTR,0,0.0,0,37460,0.0,0.0
level,B1,7,38,38,R:NOUN:POSS,no,R,NOUN,0,0.0,0,37460,0.0,0.0
level,B1,7,39,39,U:CONJ,no,U,CONJ,0,0.0,0,37460,0.0,0.0
level,B1,7,40,40,U:DET,no,U,DET,0,0.0,0,37460,0.0,0.0
level,B1,7,41,41,U:NOUN:POSS,no,U,NOUN,0,0.0,0,37460,0.0,0.0
level,B1,7,42,42,U:PREP,no,U,PREP,0,0.0,0,37460,0.0,0.0
level,B1,8,1,1,R:SPELL,no,R,SPELL,16815,1.3049248009436745,8292,14157,58.57173129900403,39.31494037877017
level,B1,8,2,2,R:ORTH,no,R,ORTH,12184,0.9455369476477984,7510,14157,53.04796213887123,28.487257423427636
level,B1,8,3,3,U:SPACE,no,U,SPACE,10400,0.8070899750112527,3847,14157,27.173836264745354,24.316109422492403
level,B1,8,4,4,R:NOUN,no,R,NOUN,1490,0.11563115988141985,1202,14157,8.490499399590309,3.4837502922609307
level,B1,8,5,5,R:VERB,no,R,VERB,682,0.05292647720746869,532,14157,3.7578583033128488,1.5945756371288287
level,B1,8,6,6,R:OTHER,no,R,OTHER,504,0.03911282186592994,405,14157,2.860775588048315,1.1783960720130933
level,B1,8,7,7,R:MORPH,no,R,MORPH,262,0.020332458985860405,237,14157,1.6740834922653105,0.6125789104512509
level,B1,8,8,8,R:NOUN:INFL,no,R,NOUN,114,0.008846947803007963,111,14157,0.7840644204280568,0.26654196866962826
level,B1,8,9,9,R:VERB:INFL,no,R,VERB,99,0.007682875723664809,99,14157,0.6993006993006993,0.23147065700257188
level,B1,8,10,10,U:VERB,no,U,VERB,44,0.003414611432739915,42,14157,0.29667302394575124,0.10287584755669862
level,B1,8,11,11,U:VERB:TENSE,no,U,VERB,34,0.00263856337984448,33,14157,0.2331002331002331,0.07949497311199438
level,B1,8,12,12,R:ADJ,no,R,ADJ,27,0.0020953297428176754,27,14157,0.19071837253655435,0.06312836100070143
level,B1,8,13,13,U:ADV,no,U,ADV,26,0.0020177249375281318,26,14157,0.18365472910927455,0.060790273556231005
level,B1,8,14,14,R:NOUN:NUM,no,R,NOUN,16,0.0012416768846326965,15,14157,0.10595465140919687,0.03740939911152677
level,B1,8,15,15,U:OTHER,no,U,OTHER,12,0.0009312576634745223,12,14157,0.08476372112735749,0.028057049333645077
level,B1,8,16,16,R:ADV,no,R,ADV,10,0.0007760480528954353,10,14157,0.07063643427279791,0.02338087444470423
level,B1,8,17,17,R:DET,no,R,DET,10,0.0007760480528954353,10,14157,0.07063643427279791,0.02338087444470423
level,B1,8,18,18,R:PRON,no,R,PRON,7,0.0005432336370268047,6,14157,0.04238186056367874,0.016366612111292964
level,B1,8,19,19,R:PUNCT,no,R,PUNCT,7,0.0005432336370268047,6,14157,0.04238186056367874,0.016366612111292964
level,B1,8,20,20,U:NOUN,no,U,NOUN,7,0.0005432336370268047,5,14157,0.035318217136398954,0.016366612111292964
level,B1,8,21,21,R:VERB:TENSE,no,R,VERB,5,0.00038802402644771766,5,14157,0.035318217136398954,0.011690437222352116
level,B1,8,22,22,U:PUNCT,no,U,PUNCT,5,0.00038802402644771766,5,14157,0.035318217136398954,0.011690437222352116
level,B1,8,23,23,R:VERB:FORM,no,R,VERB,3,0.00023281441586863057,3,14157,0.02119093028183937,0.007014262333411269
level,B1,8,24,24,U:PRON,no,U,PRON,3,0.00023281441586863057,3,14157,0.02119093028183937,0.007014262333411269
level,B1,8,25,25,M:PUNCT,no,M,PUNCT,2,0.00015520961057908706,2,14157,0.014127286854559582,0.004676174888940846
level,B1,8,26,26,R:PREP,no,R,PREP,1,7.760480528954353e-05,1,14157,0.007063643427279791,0.002338087444470423
level,B1,8,27,27,R:VERB:SVA,no,R,VERB,1,7.760480528954353e-05,1,14157,0.007063643427279791,0.002338087444470423
level,B1,8,28,28,M:ADV,no,M,ADV,0,0.0,0,14157,0.0,0.0
level,B1,8,29,29,M:CONJ,no,M,CONJ,0,0.0,0,14157,0.0,0.0
level,B1,8,30,30,M:DET,no,M,DET,0,0.0,0,14157,0.0,0.0
level,B1,8,31,31,M:NOUN,no,M,NOUN,0,0.0,0,14157,0.0,0.0
level,B1,8,32,32,M:OTHER,no,M,OTHER,0,0.0,0,14157,0.0,0.0
level,B1,8,33,33,M:PREP,no,M,PREP,0,0.0,0,14157,0.0,0.0
level,B1,8,34,34,M:PRON,no,M,PRON,0,0.0,0,14157,0.0,0.0
level,B1,8,35,35,M:VERB:TENSE,no,M,VERB,0,0.0,0,14157,0.0,0.0
level,B1,8,36,36,R:CONJ,no,R,CONJ,0,0.0,0,14157,0.0,0.0
level,B1,8,37,37,R:CONTR,no,R,CONTR,0,0.0,0,14157,0.0,0.0
level,B1,8,38,38,R:NOUN:POSS,no,R,NOUN,0,0.0,0,14157,0.0,0.0
level,B1,8,39,39,U:CONJ,no,U,CONJ,0,0.0,0,14157,0.0,0.0
level,B1,8,40,40,U:DET,no,U,DET,0,0.0,0,14157,0.0,0.0
level,B1,8,41,41,U:NOUN:POSS,no,U,NOUN,0,0.0,0,14157,0.0,0.0
level,B1,8,42,42,U:PREP,no,U,PREP,0,0.0,0,14157,0.0,0.0
level,B1,9,1,1,R:SPELL,no,R,SPELL,13413,1.3278528343465723,6233,9889,63.02962888057438,37.99393819222163
level,B1,9,2,3,U:SPACE,no,U,SPACE,10138,1.00363617644118,3025,9889,30.589543937708566,28.71710619494094
level,B1,9,3,2,R:ORTH,no,R,ORTH,9845,0.974629922772087,5797,9889,58.62068965517241,27.88714840098575
level,B1,9,4,4,R:NOUN,no,R,NOUN,826,0.08177189600911569,680,9889,6.876327232278289,2.339744497634762
level,B1,9,5,5,R:OTHER,no,R,OTHER,296,0.029303246027479714,233,9889,2.356153301648296,0.8384556553267428
level,B1,9,6,6,R:MORPH,no,R,MORPH,169,0.016730569522446188,160,9889,1.6179593487713622,0.47871285726425516
level,B1,9,7,7,R:VERB,no,R,VERB,156,0.015443602636104174,149,9889,1.506724643543331,0.4418887913208509
level,B1,9,8,10,U:ADV,no,U,ADV,127,0.012572676505033525,63,9889,0.6370714935787238,0.3597427980624876
level,B1,9,9,8,R:VERB:INFL,no,R,VERB,120,0.011879694335464748,118,9889,1.1932450197188795,0.339914454862193
level,B1,9,10,9,R:NOUN:INFL,no,R,NOUN,107,0.010592727449122733,100,9889,1.0112245929821013,0.30309038891878876
level,B1,9,11,11,U:VERB,no,U,VERB,21,0.002078946508706331,20,9889,0.20224491859642027,0.059485029600883775
level,B1,9,12,13,U:VERB:TENSE,no,U,VERB,17,0.0016829566975241727,14,9889,0.1415714430174942,0.04815454777214401
level,B1,9,13,12,R:ADJ,no,R,ADJ,15,0.0014849617919330935,15,9889,0.1516836889473152,0.04248930685777413
level,B1,9,14,14,R:ADV,no,R,ADV,9,0.0008909770751598561,9,9889,0.09101021336838912,0.025493584114664476
level,B1,9,15,15,R:VERB:TENSE,no,R,VERB,8,0.0007919796223643166,8,9889,0.0808979674385681,0.022660963657479535
level,B1,9,16,16,U:PUNCT,no,U,PUNCT,6,0.0005939847167732374,6,9889,0.06067347557892608,0.01699572274310965
level,B1,9,17,21,R:PRON,no,R,PRON,5,0.0004949872639776979,3,9889,0.03033673778946304,0.01416310228592471
level,B1,9,18,17,R:PUNCT,no,R,PUNCT,5,0.0004949872639776979,5,9889,0.05056122964910507,0.01416310228592471
level,B1,9,19,18,R:DET,no,R,DET,4,0.0003959898111821583,4,9889,0.04044898371928405,0.011330481828739768
level,B1,9,20,19,R:NOUN:NUM,no,R,NOUN,4,0.0003959898111821583,4,9889,0.04044898371928405,0.011330481828739768
level,B1,9,21,20,U:OTHER,no,U,OTHER,4,0.0003959898111821583,4,9889,0.04044898371928405,0.011330481828739768
level,B1,9,22,22,M:PUNCT,no,M,PUNCT,2,0.00019799490559107915,2,9889,0.020224491859642025,0.005665240914369884
level,B1,9,23,23,R:VERB:SVA,no,R,VERB,2,0.00019799490559107915,2,9889,0.020224491859642025,0.005665240914369884
level,B1,9,24,24,M:ADV,no,M,ADV,1,9.899745279553958e-05,1,9889,0.010112245929821012,0.002832620457184942
level,B1,9,25,25,R:NOUN:POSS,no,R,NOUN,1,9.899745279553958e-05,1,9889,0.010112245929821012,0.002832620457184942
level,B1,9,26,26,R:PREP,no,R,PREP,1,9.899745279553958e-05,1,9889,0.010112245929821012,0.002832620457184942
level,B1,9,27,27,U:NOUN:POSS,no,U,NOUN,1,9.899745279553958e-05,1,9889,0.010112245929821012,0.002832620457184942
level,B1,9,28,28,M:CONJ,no,M,CONJ,0,0.0,0,9889,0.0,0.0
level,B1,9,29,29,M:DET,no,M,DET,0,0.0,0,9889,0.0,0.0
level,B1,9,30,30,M:NOUN,no,M,NOUN,0,0.0,0,9889,0.0,0.0
level,B1,9,31,31,M:OTHER,no,M,OTHER,0,0.0,0,9889,0.0,0.0
level,B1,9,32,32,M:PREP,no,M,PREP,0,0.0,0,9889,0.0,0.0
level,B1,9,33,33,M:PRON,no,M,PRON,0,0.0,0,9889,0.0,0.0
level,B1,9,34,34,M:VERB:TENSE,no,M,VERB,0,0.0,0,9889,0.0,0.0
level,B1,9,35,35,R:CONJ,no,R,CONJ,0,0.0,0,9889,0.0,0.0
level,B1,9,36,36,R:CONTR,no,R,CONTR,0,0.0,0,9889,0.0,0.0
level,B1,9,37,37,R:VERB:FORM,no,R,VERB,0,0.0,0,9889,0.0,0.0
level,B1,9,38,38,U:CONJ,no,U,CONJ,0,0.0,0,9889,0.0,0.0
level,B1,9,39,39,U:DET,no,U,DET,0,0.0,0,9889,0.0,0.0
level,B1,9,40,40,U:NOUN,no,U,NOUN,0,0.0,0,9889,0.0,0.0
level,B1,9,41,41,U:PREP,no,U,PREP,0,0.0,0,9889,0.0,0.0
level,B1,9,42,42,U:PRON,no,U,PRON,0,0.0,0,9889,0.0,0.0
level,B2,10,1,1,R:SPELL,no,R,SPELL,18535,1.4129472776656755,7396,10458,70.7209791547141,42.38218279102737
level,B2,10,2,3,U:SPACE,no,U,SPACE,11719,0.8933546882635042,3584,10458,34.27041499330656,26.796698145565134
level,B2,10,3,2,R:ORTH,no,R,ORTH,10714,0.816742224597251,5669,10458,54.20730541212469,24.498662337365378
level,B2,10,4,4,R:NOUN,no,R,NOUN,1718,0.13096538565037122,1408,10458,13.463377318799006,3.92838360048476
level,B2,10,5,5,R:OTHER,no,R,OTHER,374,0.02851050886684449,304,10458,2.906865557467967,0.8551894450415019
level,B2,10,6,6,R:MORPH,no,R,MORPH,186,0.014179023126291644,167,10458,1.5968636450564162,0.4253081197265223
level,B2,10,7,7,R:VERB:INFL,no,R,VERB,142,0.010824845612545233,128,10458,1.2239433926180914,0.3246975967804633
level,B2,10,8,8,R:VERB,no,R,VERB,96,0.007318205484537623,92,10458,0.8797093134442532,0.21951386824594699
level,B2,10,9,9,U:VERB,no,U,VERB,60,0.004573878427836014,47,10458,0.4494167144769554,0.13719616765371687
level,B2,10,10,10,R:ADJ,no,R,ADJ,43,0.0032779462066158103,41,10458,0.3920443679479824,0.09832392015183043
level,B2,10,11,11,U:VERB:TENSE,no,U,VERB,38,0.002896789670962809,35,10458,0.33467202141900937,0.08689090618068736
level,B2,10,12,12,R:NOUN:INFL,no,R,NOUN,31,0.0023631705210486074,30,10458,0.2868617326448652,0.07088468662108705
level,B2,10,13,13,U:ADV,no,U,ADV,18,0.0013721635283508043,18,10458,0.1721170395869191,0.04115885029611506
level,B2,10,14,14,R:ADV,no,R,ADV,10,0.0007623130713060024,10,10458,0.09562057754828839,0.022866027942286146
level,B2,10,15,15,R:NOUN:NUM,no,R,NOUN,9,0.0006860817641754022,9,10458,0.08605851979345955,0.02057942514805753
level,B2,10,16,16,R:PUNCT,no,R,PUNCT,8,0.0006098504570448019,8,10458,0.07649646203863071,0.018292822353828918
level,B2,10,17,17,R:DET,no,R,DET,6,0.00045738784278360144,5,10458,0.04781028877414419,0.013719616765371687
level,B2,10,18,18,R:VERB:TENSE,no,R,VERB,6,0.00045738784278360144,5,10458,0.04781028877414419,0.013719616765371687
level,B2,10,19,20,R:PRON,no,R,PRON,5,0.0003811565356530012,3,10458,0.02868617326448652,0.011433013971143073
level,B2,10,20,19,U:PRON,no,U,PRON,5,0.0003811565356530012,5,10458,0.04781028877414419,0.011433013971143073
level,B2,10,21,21,R:PREP,no,R,PREP,2,0.00015246261426120046,2,10458,0.019124115509657678,0.0045732055884572295
level,B2,10,22,24,U:NOUN,no,U,NOUN,2,0.00015246261426120046,1,10458,0.009562057754828839,0.0045732055884572295
level,B2,10,23,22,U:OTHER,no,U,OTHER,2,0.00015246261426120046,2,10458,0.019124115509657678,0.0045732055884572295
level,B2,10,24,23,U:PUNCT,no,U,PUNCT,2,0.00015246261426120046,2,10458,0.019124115509657678,0.0045732055884572295
level,B2,10,25,25,M:NOUN,no,M,NOUN,1,7.623130713060023e-05,1,10458,0.009562057754828839,0.0022866027942286147
level,B2,10,26,26,R:VERB:FORM,no,R,VERB,1,7.623130713060023e-05,1,10458,0.009562057754828839,0.0022866027942286147
level,B2,10,27,27,M:ADV,no,M,ADV,0,0.0,0,10458,0.0,0.0
level,B2,10,28,28,M:CONJ,no,M,CONJ,0,0.0,0,10458,0.0,0.0
level,B2,10,29,29,M:DET,no,M,DET,0,0.0,0,10458,0.0,0.0
level,B2,10,30,30,M:OTHER,no,M,OTHER,0,0.0,0,10458,0.0,0.0
level,B2,10,31,31,M:PREP,no,M,PREP,0,0.0,0,10458,0.0,0.0
level,B2,10,32,32,M:PRON,no,M,PRON,0,0.0,0,10458,0.0,0.0
level,B2,10,33,33,M:PUNCT,no,M,PUNCT,0,0.0,0,10458,0.0,0.0
level,B2,10,34,34,M:VERB:TENSE,no,M,VERB,0,0.0,0,10458,0.0,0.0
level,B2,10,35,35,R:CONJ,no,R,CONJ,0,0.0,0,10458,0.0,0.0
level,B2,10,36,36,R:CONTR,no,R,CONTR,0,0.0,0,10458,0.0,0.0
level,B2,10,37,37,R:NOUN:POSS,no,R,NOUN,0,0.0,0,10458,0.0,0.0
level,B2,10,38,38,R:VERB:SVA,no,R,VERB,0,0.0,0,10458,0.0,0.0
level,B2,10,39,39,U:CONJ,no,U,CONJ,0,0.0,0,10458,0.0,0.0
level,B2,10,40,40,U:DET,no,U,DET,0,0.0,0,10458,0.0,0.0
level,B2,10,41,41,U:NOUN:POSS,no,U,NOUN,0,0.0,0,10458,0.0,0.0
level,B2,10,42,42,U:PREP,no,U,PREP,0,0.0,0,10458,0.0,0.0
level,B2,11,1,1,R:ORTH,no,R,ORTH,9273,1.3781941242827014,3682,5010,73.49301397205589,36.041043180846515
level,B2,11,2,2,R:SPELL,no,R,SPELL,8749,1.3003149351180152,3360,5010,67.06586826347305,34.004430797932294
level,B2,11,3,3,U:SPACE,no,U,SPACE,5490,0.8159479933475715,1657,5010,33.07385229540918,21.337790042364645
level,B2,11,4,4,R:NOUN,no,R,NOUN,1375,0.2043585593539,836,5010,16.686626746506985,5.344164172723386
level,B2,11,5,5,R:VERB,no,R,VERB,222,0.03299461831022967,206,5010,4.111776447105789,0.8628395973415213
level,B2,11,6,6,R:OTHER,no,R,OTHER,199,0.029576256953764434,155,5010,3.093812375249501,0.7734463057250573
level,B2,11,7,7,R:MORPH,no,R,MORPH,133,0.019767046104777235,113,5010,2.255489021956088,0.5169264254343348
level,B2,11,8,9,R:NOUN:INFL,no,R,NOUN,62,0.009214713221775854,56,5010,1.1177644710578842,0.2409732208791636
level,B2,11,9,8,R:VERB:INFL,no,R,VERB,62,0.009214713221775854,59,5010,1.1776447105788423,0.2409732208791636
level,B2,11,10,10,U:ADV,no,U,ADV,40,0.0059449762721134536,37,5010,0.7385229540918163,0.1554665941155894
level,B2,11,11,11,U:VERB:TENSE,no,U,VERB,36,0.005350478644902109,34,5010,0.6786427145708582,0.13991993470403047
level,B2,11,12,12,U:VERB,no,U,VERB,23,0.003418361356465236,21,5010,0.41916167664670656,0.08939329161646391
level,B2,11,13,13,R:ADJ,no,R,ADJ,21,0.0031211125428595634,21,5010,0.41916167664670656,0.08161996191068444
level,B2,11,14,14,R:ADV,no,R,ADV,14,0.002080741695239709,14,5010,0.27944111776447106,0.0544133079404563
level,B2,11,15,15,R:NOUN:NUM,no,R,NOUN,8,0.0011889952544226908,8,5010,0.1596806387225549,0.03109331882311788
level,B2,11,16,16,R:PUNCT,no,R,PUNCT,5,0.0007431220340141817,5,5010,0.0998003992015968,0.019433324264448677
level,B2,11,17,17,U:PUNCT,no,U,PUNCT,4,0.0005944976272113454,4,5010,0.07984031936127745,0.01554665941155894
level,B2,11,18,18,U:OTHER,no,U,OTHER,3,0.00044587322040850905,3,5010,0.059880239520958084,0.011659994558669206
level,B2,11,19,19,U:PRON,no,U,PRON,3,0.00044587322040850905,3,5010,0.059880239520958084,0.011659994558669206
level,B2,11,20,20,R:CONJ,no,R,CONJ,2,0.0002972488136056727,2,5010,0.03992015968063872,0.00777332970577947
level,B2,11,21,21,R:PRON,no,R,PRON,2,0.0002972488136056727,2,5010,0.03992015968063872,0.00777332970577947
level,B2,11,22,22,R:VERB:SVA,no,R,VERB,2,0.0002972488136056727,2,5010,0.03992015968063872,0.00777332970577947
level,B2,11,23,23,R:VERB:TENSE,no,R,VERB,1,0.00014862440680283635,1,5010,0.01996007984031936,0.003886664852889735
level,B2,11,24,24,M:ADV,no,M,ADV,0,0.0,0,5010,0.0,0.0
level,B2,11,25,25,M:CONJ,no,M,CONJ,0,0.0,0,5010,0.0,0.0
level,B2,11,26,26,M:DET,no,M,DET,0,0.0,0,5010,0.0,0.0
level,B2,11,27,27,M:NOUN,no,M,NOUN,0,0.0,0,5010,0.0,0.0
level,B2,11,28,28,M:OTHER,no,M,OTHER,0,0.0,0,5010,0.0,0.0
level,B2,11,29,29,M:PREP,no,M,PREP,0,0.0,0,5010,0.0,0.0
level,B2,11,30,30,M:PRON,no,M,PRON,0,0.0,0,5010,0.0,0.0
level,B2,11,31,31,M:PUNCT,no,M,PUNCT,0,0.0,0,5010,0.0,0.0
level,B2,11,32,32,M:VERB:TENSE,no,M,VERB,0,0.0,0,5010,0.0,0.0
level,B2,11,33,33,R:CONTR,no,R,CONTR,0,0.0,0,5010,0.0,0.0
level,B2,11,34,34,R:DET,no,R,DET,0,0.0,0,5010,0.0,0.0
level,B2,11,35,35,R:NOUN:POSS,no,R,NOUN,0,0.0,0,5010,0.0,0.0
level,B2,11,36,36,R:PREP,no,R,PREP,0,0.0,0,5010,0.0,0.0
level,B2,11,37,37,R:VERB:FORM,no,R,VERB,0,0.0,0,5010,0.0,0.0
level,B2,11,38,38,U:CONJ,no,U,CONJ,0,0.0,0,5010,0.0,0.0
level,B2,11,39,39,U:DET,no,U,DET,0,0.0,0,5010,0.0,0.0
level,B2,11,40,40,U:NOUN,no,U,NOUN,0,0.0,0,5010,0.0,0.0
level,B2,11,41,41,U:NOUN:POSS,no,U,NOUN,0,0.0,0,5010,0.0,0.0
level,B2,11,42,42,U:PREP,no,U,PREP,0,0.0,0,5010,0.0,0.0
level,B2,12,1,1,R:ORTH,no,R,ORTH,3631,0.9963969452242374,1716,2719,63.11143802868702,34.82305552891532
level,B2,12,2,2,R:SPELL,no,R,SPELL,3106,0.8523296369778246,1437,2719,52.85031261493196,29.788050254147887
level,B2,12,3,3,U:SPACE,no,U,SPACE,3101,0.8509575673754778,956,2719,35.15998528870909,29.740097822959623
level,B2,12,4,4,R:NOUN,no,R,NOUN,302,0.08287300398174599,258,2719,9.48878264067672,2.896326843770979
level,B2,12,5,5,R:OTHER,no,R,OTHER,76,0.020855457955671175,59,2719,2.1699154100772344,0.7288769540615709
level,B2,12,6,6,R:MORPH,no,R,MORPH,64,0.017562490910038885,57,2719,2.096358955498345,0.6137911192097439
level,B2,12,7,7,R:VERB,no,R,VERB,57,0.01564159346675338,55,2719,2.0228025009194557,0.5466577155461781
level,B2,12,8,8,R:VERB:INFL,no,R,VERB,19,0.005213864488917794,18,2719,0.6620080912100037,0.18221923851539273
level,B2,12,9,9,R:ADJ,no,R,ADJ,12,0.003292967045632291,12,2719,0.4413387274733358,0.11508583485182698
level,B2,12,10,10,U:VERB,no,U,VERB,12,0.003292967045632291,12,2719,0.4413387274733358,0.11508583485182698
level,B2,12,11,11,U:VERB:TENSE,no,U,VERB,12,0.003292967045632291,12,2719,0.4413387274733358,0.11508583485182698
level,B2,12,12,12,R:NOUN:INFL,no,R,NOUN,11,0.003018553125162933,11,2719,0.4045605001838911,0.10549534861417474
level,B2,12,13,13,U:ADV,no,U,ADV,5,0.0013720696023467877,5,2719,0.18389113644722324,0.047952431188261244
level,B2,12,14,14,R:VERB:TENSE,no,R,VERB,4,0.0010976556818774303,4,2719,0.14711290915777858,0.038361944950608996
level,B2,12,15,15,R:NOUN:NUM,no,R,NOUN,3,0.0008232417614080727,3,2719,0.11033468186833395,0.028771458712956745
level,B2,12,16,16,U:PUNCT,no,U,PUNCT,3,0.0008232417614080727,3,2719,0.11033468186833395,0.028771458712956745
level,B2,12,17,17,U:OTHER,no,U,OTHER,2,0.0005488278409387151,2,2719,0.07355645457888929,0.019180972475304498
level,B2,12,18,18,U:PRON,no,U,PRON,2,0.0005488278409387151,2,2719,0.07355645457888929,0.019180972475304498
level,B2,12,19,19,R:ADV,no,R,ADV,1,0.00027441392046935757,1,2719,0.036778227289444645,0.009590486237652249
level,B2,12,20,20,R:DET,no,R,DET,1,0.00027441392046935757,1,2719,0.036778227289444645,0.009590486237652249
level,B2,12,21,21,R:PRON,no,R,PRON,1,0.00027441392046935757,1,2719,0.036778227289444645,0.009590486237652249
level,B2,12,22,22,R:PUNCT,no,R,PUNCT,1,0.00027441392046935757,1,2719,0.036778227289444645,0.009590486237652249
level,B2,12,23,23,U:NOUN,no,U,NOUN,1,0.00027441392046935757,1,2719,0.036778227289444645,0.009590486237652249
level,B2,12,24,24,M:ADV,no,M,ADV,0,0.0,0,2719,0.0,0.0
level,B2,12,25,25,M:CONJ,no,M,CONJ,0,0.0,0,2719,0.0,0.0
level,B2,12,26,26,M:DET,no,M,DET,0,0.0,0,2719,0.0,0.0
level,B2,12,27,27,M:NOUN,no,M,NOUN,0,0.0,0,2719,0.0,0.0
level,B2,12,28,28,M:OTHER,no,M,OTHER,0,0.0,0,2719,0.0,0.0
level,B2,12,29,29,M:PREP,no,M,PREP,0,0.0,0,2719,0.0,0.0
level,B2,12,30,30,M:PRON,no,M,PRON,0,0.0,0,2719,0.0,0.0
level,B2,12,31,31,M:PUNCT,no,M,PUNCT,0,0.0,0,2719,0.0,0.0
level,B2,12,32,32,M:VERB:TENSE,no,M,VERB,0,0.0,0,2719,0.0,0.0
level,B2,12,33,33,R:CONJ,no,R,CONJ,0,0.0,0,2719,0.0,0.0
level,B2,12,34,34,R:CONTR,no,R,CONTR,0,0.0,0,2719,0.0,0.0
level,B2,12,35,35,R:NOUN:POSS,no,R,NOUN,0,0.0,0,2719,0.0,0.0
level,B2,12,36,36,R:PREP,no,R,PREP,0,0.0,0,2719,0.0,0.0
level,B2,12,37,37,R:VERB:FORM,no,R,VERB,0,0.0,0,2719,0.0,0.0
level,B2,12,38,38,R:VERB:SVA,no,R,VERB,0,0.0,0,2719,0.0,0.0
level,B2,12,39,39,U:CONJ,no,U,CONJ,0,0.0,0,2719,0.0,0.0
level,B2,12,40,40,U:DET,no,U,DET,0,0.0,0,2719,0.0,0.0
level,B2,12,41,41,U:NOUN:POSS,no,U,NOUN,0,0.0,0,2719,0.0,0.0
level,B2,12,42,42,U:PREP,no,U,PREP,0,0.0,0,2719,0.0,0.0
level,C1,13,1,2,R:SPELL,no,R,SPELL,5591,1.0103894273255132,2181,3264,66.81985294117646,34.20617925971245
level,C1,13,2,1,R:ORTH,no,R,ORTH,5537,1.000630702754671,2303,3264,70.55759803921569,33.87580299785867
level,C1,13,3,3,U:SPACE,no,U,SPACE,4063,0.7342536653950206,1208,3264,37.009803921568626,24.85775466503518
level,C1,13,4,4,R:NOUN,no,R,NOUN,654,0.11818899758019774,422,3264,12.928921568627452,4.001223615784643
level,C1,13,5,6,R:MORPH,no,R,MORPH,141,0.025481114157198597,98,3264,3.002450980392157,0.8626491281737534
level,C1,13,6,5,R:VERB,no,R,VERB,133,0.02403537718374052,124,3264,3.799019607843137,0.8137044967880086
level,C1,13,7,7,R:OTHER,no,R,OTHER,86,0.015541672464674321,69,3264,2.113970588235294,0.5261547873967575
level,C1,13,8,8,R:NOUN:INFL,no,R,NOUN,36,0.006505816380561344,35,3264,1.0723039215686274,0.22025084123585195
level,C1,13,9,9,U:ADV,no,U,ADV,16,0.0028914739469161526,16,3264,0.49019607843137253,0.09788926277148975
level,C1,13,10,10,R:VERB:INFL,no,R,VERB,15,0.0027107568252338933,15,3264,0.45955882352941174,0.09177118384827164
level,C1,13,11,11,U:VERB:TENSE,no,U,VERB,14,0.0025300397035516336,13,3264,0.39828431372549017,0.08565310492505353
level,C1,13,12,12,R:ADJ,no,R,ADJ,13,0.002349322581869374,13,3264,0.39828431372549017,0.07953502600183543
level,C1,13,13,13,R:NOUN:NUM,no,R,NOUN,11,0.001987888338504855,11,3264,0.33700980392156865,0.0672988681553992
level,C1,13,14,14,U:VERB,no,U,VERB,11,0.001987888338504855,11,3264,0.33700980392156865,0.0672988681553992
level,C1,13,15,15,R:PRON,no,R,PRON,5,0.0009035856084112977,4,3264,0.12254901960784313,0.030590394616090547
level,C1,13,16,16,R:PREP,no,R,PREP,3,0.0005421513650467787,3,3264,0.09191176470588236,0.01835423676965433
level,C1,13,17,17,R:VERB:FORM,no,R,VERB,3,0.0005421513650467787,3,3264,0.09191176470588236,0.01835423676965433
level,C1,13,18,18,U:PRON,no,U,PRON,3,0.0005421513650467787,3,3264,0.09191176470588236,0.01835423676965433
level,C1,13,19,19,R:ADV,no,R,ADV,2,0.00036143424336451907,2,3264,0.061274509803921566,0.012236157846436219
level,C1,13,20,20,R:DET,no,R,DET,2,0.00036143424336451907,2,3264,0.061274509803921566,0.012236157846436219
level,C1,13,21,21,R:VERB:TENSE,no,R,VERB,2,0.00036143424336451907,2,3264,0.061274509803921566,0.012236157846436219
level,C1,13,22,22,R:PUNCT,no,R,PUNCT,1,0.00018071712168225954,1,3264,0.030637254901960783,0.0061180789232181095
level,C1,13,23,23,R:VERB:SVA,no,R,VERB,1,0.00018071712168225954,1,3264,0.030637254901960783,0.0061180789232181095
level,C1,13,24,24,U:OTHER,no,U,OTHER,1,0.00018071712168225954,1,3264,0.030637254901960783,0.0061180789232181095
level,C1,13,25,25,U:PUNCT,no,U,PUNCT,1,0.00018071712168225954,1,3264,0.030637254901960783,0.0061180789232181095
level,C1,13,26,26,M:ADV,no,M,ADV,0,0.0,0,3264,0.0,0.0
level,C1,13,27,27,M:CONJ,no,M,CONJ,0,0.0,0,3264,0.0,0.0
level,C1,13,28,28,M:DET,no,M,DET,0,0.0,0,3264,0.0,0.0
level,C1,13,29,29,M:NOUN,no,M,NOUN,0,0.0,0,3264,0.0,0.0
level,C1,13,30,30,M:OTHER,no,M,OTHER,0,0.0,0,3264,0.0,0.0
level,C1,13,31,31,M:PREP,no,M,PREP,0,0.0,0,3264,0.0,0.0
level,C1,13,32,32,M:PRON,no,M,PRON,0,0.0,0,3264,0.0,0.0
level,C1,13,33,33,M:PUNCT,no,M,PUNCT,0,0.0,0,3264,0.0,0.0
level,C1,13,34,34,M:VERB:TENSE,no,M,VERB,0,0.0,0,3264,0.0,0.0
level,C1,13,35,35,R:CONJ,no,R,CONJ,0,0.0,0,3264,0.0,0.0
level,C1,13,36,36,R:CONTR,no,R,CONTR,0,0.0,0,3264,0.0,0.0
level,C1,13,37,37,R:NOUN:POSS,no,R,NOUN,0,0.0,0,3264,0.0,0.0
level,C1,13,38,38,U:CONJ,no,U,CONJ,0,0.0,0,3264,0.0,0.0
level,C1,13,39,39,U:DET,no,U,DET,0,0.0,0,3264,0.0,0.0
level,C1,13,40,40,U:NOUN,no,U,NOUN,0,0.0,0,3264,0.0,0.0
level,C1,13,41,41,U:NOUN:POSS,no,U,NOUN,0,0.0,0,3264,0.0,0.0
level,C1,13,42,42,U:PREP,no,U,PREP,0,0.0,0,3264,0.0,0.0
level,C1,14,1,2,R:SPELL,no,R,SPELL,2021,0.9844322344322345,748,1194,62.6465661641541,36.49990969839263
level,C1,14,2,1,R:ORTH,no,R,ORTH,1651,0.8042046605876393,826,1194,69.17922948073702,29.817590753115404
level,C1,14,3,3,U:SPACE,no,U,SPACE,1432,0.6975294209336762,443,1194,37.10217755443886,25.862380350370238
level,C1,14,4,4,R:NOUN,no,R,NOUN,211,0.10277842724651236,150,1194,12.56281407035176,3.810727830955391
level,C1,14,5,6,R:VERB,no,R,VERB,61,0.029713194606811627,50,1194,4.187604690117253,1.1016796098970563
level,C1,14,6,5,R:OTHER,no,R,OTHER,59,0.028738991504948953,51,1194,4.271356783919598,1.0655589669496117
level,C1,14,7,7,R:MORPH,no,R,MORPH,33,0.01607435118073416,32,1194,2.680067001675042,0.5959906086328337
level,C1,14,8,8,R:VERB:INFL,no,R,VERB,18,0.008767827916764087,17,1194,1.423785594639866,0.32508578652700015
level,C1,14,9,9,U:ADV,no,U,ADV,11,0.00535811706024472,10,1194,0.8375209380234506,0.19866353621094454
level,C1,14,10,10,U:VERB:TENSE,no,U,VERB,10,0.004871015509313382,10,1194,0.8375209380234506,0.18060321473722232
level,C1,14,11,11,U:VERB,no,U,VERB,7,0.003409710856519367,6,1194,0.5025125628140703,0.1264222503160556
level,C1,14,12,12,R:NOUN:INFL,no,R,NOUN,6,0.002922609305588029,6,1194,0.5025125628140703,0.1083619288423334
level,C1,14,13,17,M:NOUN,no,M,NOUN,2,0.0009742031018626764,1,1194,0.08375209380234507,0.036120642947444465
level,C1,14,14,13,R:ADV,no,R,ADV,2,0.0009742031018626764,2,1194,0.16750418760469013,0.036120642947444465
level,C1,14,15,14,R:DET,no,R,DET,2,0.0009742031018626764,2,1194,0.16750418760469013,0.036120642947444465
level,C1,14,16,15,R:VERB:FORM,no,R,VERB,2,0.0009742031018626764,2,1194,0.16750418760469013,0.036120642947444465
level,C1,14,17,16,U:NOUN,no,U,NOUN,2,0.0009742031018626764,2,1194,0.16750418760469013,0.036120642947444465
level,C1,14,18,18,R:NOUN:NUM,no,R,NOUN,1,0.0004871015509313382,1,1194,0.08375209380234507,0.018060321473722232
level,C1,14,19,19,R:PREP,no,R,PREP,1,0.0004871015509313382,1,1194,0.08375209380234507,0.018060321473722232
level,C1,14,20,20,R:PRON,no,R,PRON,1,0.0004871015509313382,1,1194,0.08375209380234507,0.018060321473722232
level,C1,14,21,21,R:PUNCT,no,R,PUNCT,1,0.0004871015509313382,1,1194,0.08375209380234507,0.018060321473722232
level,C1,14,22,22,R:VERB:TENSE,no,R,VERB,1,0.0004871015509313382,1,1194,0.08375209380234507,0.018060321473722232
level,C1,14,23,23,U:PRON,no,U,PRON,1,0.0004871015509313382,1,1194,0.08375209380234507,0.018060321473722232
level,C1,14,24,24,U:PUNCT,no,U,PUNCT,1,0.0004871015509313382,1,1194,0.08375209380234507,0.018060321473722232
level,C1,14,25,25,M:ADV,no,M,ADV,0,0.0,0,1194,0.0,0.0
level,C1,14,26,26,M:CONJ,no,M,CONJ,0,0.0,0,1194,0.0,0.0
level,C1,14,27,27,M:DET,no,M,DET,0,0.0,0,1194,0.0,0.0
level,C1,14,28,28,M:OTHER,no,M,OTHER,0,0.0,0,1194,0.0,0.0
level,C1,14,29,29,M:PREP,no,M,PREP,0,0.0,0,1194,0.0,0.0
level,C1,14,30,30,M:PRON,no,M,PRON,0,0.0,0,1194,0.0,0.0
level,C1,14,31,31,M:PUNCT,no,M,PUNCT,0,0.0,0,1194,0.0,0.0
level,C1,14,32,32,M:VERB:TENSE,no,M,VERB,0,0.0,0,1194,0.0,0.0
level,C1,14,33,33,R:ADJ,no,R,ADJ,0,0.0,0,1194,0.0,0.0
level,C1,14,34,34,R:CONJ,no,R,CONJ,0,0.0,0,1194,0.0,0.0
level,C1,14,35,35,R:CONTR,no,R,CONTR,0,0.0,0,1194,0.0,0.0
level,C1,14,36,36,R:NOUN:POSS,no,R,NOUN,0,0.0,0,1194,0.0,0.0
level,C1,14,37,37,R:VERB:SVA,no,R,VERB,0,0.0,0,1194,0.0,0.0
level,C1,14,38,38,U:CONJ,no,U,CONJ,0,0.0,0,1194,0.0,0.0
level,C1,14,39,39,U:DET,no,U,DET,0,0.0,0,1194,0.0,0.0
level,C1,14,40,40,U:NOUN:POSS,no,U,NOUN,0,0.0,0,1194,0.0,0.0
level,C1,14,41,41,U:OTHER,no,U,OTHER,0,0.0,0,1194,0.0,0.0
level,C1,14,42,42,U:PREP,no,U,PREP,0,0.0,0,1194,0.0,0.0
level,C1,15,1,1,R:ORTH,no,R,ORTH,1264,1.0986050149928295,470,657,71.5372907153729,36.58465991316932
level,C1,15,2,2,R:SPELL,no,R,SPELL,1151,1.0003911172917301,394,657,59.96955859969559,33.31403762662808
level,C1,15,3,3,U:SPACE,no,U,SPACE,757,0.6579461996436486,231,657,35.15981735159817,21.91027496382055
level,C1,15,4,4,R:NOUN,no,R,NOUN,149,0.12950328103950284,91,657,13.850837138508371,4.312590448625181
level,C1,15,5,6,R:OTHER,no,R,OTHER,36,0.03128938333840337,28,657,4.26179604261796,1.0419681620839363
level,C1,15,6,5,R:MORPH,no,R,MORPH,35,0.0304202338012255,30,657,4.566210045662101,1.0130246020260492
level,C1,15,7,7,R:VERB,no,R,VERB,27,0.02346703750380253,27,657,4.109589041095891,0.7814761215629522
level,C1,15,8,8,R:NOUN:INFL,no,R,NOUN,8,0.006953196297422972,8,657,1.21765601217656,0.23154848046309695
level,C1,15,9,10,R:VERB:INFL,no,R,VERB,6,0.005214897223067228,5,657,0.76103500761035,0.1736613603473227
level,C1,15,10,9,U:ADV,no,U,ADV,6,0.005214897223067228,6,657,0.91324200913242,0.1736613603473227
level,C1,15,11,11,R:ADJ,no,R,ADJ,5,0.004345747685889357,5,657,0.76103500761035,0.1447178002894356
level,C1,15,12,12,U:VERB,no,U,VERB,5,0.004345747685889357,5,657,0.76103500761035,0.1447178002894356
level,C1,15,13,13,R:NOUN:NUM,no,R,NOUN,3,0.002607448611533614,3,657,0.45662100456621,0.08683068017366136
level,C1,15,14,14,R:ADV,no,R,ADV,1,0.0008691495371778715,1,657,0.15220700152207,0.02894356005788712
level,C1,15,15,15,R:PUNCT,no,R,PUNCT,1,0.0008691495371778715,1,657,0.15220700152207,0.02894356005788712
level,C1,15,16,16,U:NOUN:POSS,no,U,NOUN,1,0.0008691495371778715,1,657,0.15220700152207,0.02894356005788712
level,C1,15,17,17,M:ADV,no,M,ADV,0,0.0,0,657,0.0,0.0
level,C1,15,18,18,M:CONJ,no,M,CONJ,0,0.0,0,657,0.0,0.0
level,C1,15,19,19,M:DET,no,M,DET,0,0.0,0,657,0.0,0.0
level,C1,15,20,20,M:NOUN,no,M,NOUN,0,0.0,0,657,0.0,0.0
level,C1,15,21,21,M:OTHER,no,M,OTHER,0,0.0,0,657,0.0,0.0
level,C1,15,22,22,M:PREP,no,M,PREP,0,0.0,0,657,0.0,0.0
level,C1,15,23,23,M:PRON,no,M,PRON,0,0.0,0,657,0.0,0.0
level,C1,15,24,24,M:PUNCT,no,M,PUNCT,0,0.0,0,657,0.0,0.0
level,C1,15,25,25,M:VERB:TENSE,no,M,VERB,0,0.0,0,657,0.0,0.0
level,C1,15,26,26,R:CONJ,no,R,CONJ,0,0.0,0,657,0.0,0.0
level,C1,15,27,27,R:CONTR,no,R,CONTR,0,0.0,0,657,0.0,0.0
level,C1,15,28,28,R:DET,no,R,DET,0,0.0,0,657,0.0,0.0
level,C1,15,29,29,R:NOUN:POSS,no,R,NOUN,0,0.0,0,657,0.0,0.0
level,C1,15,30,30,R:PREP,no,R,PREP,0,0.0,0,657,0.0,0.0
level,C1,15,31,31,R:PRON,no,R,PRON,0,0.0,0,657,0.0,0.0
level,C1,15,32,32,R:VERB:FORM,no,R,VERB,0,0.0,0,657,0.0,0.0
level,C1,15,33,33,R:VERB:SVA,no,R,VERB,0,0.0,0,657,0.0,0.0
level,C1,15,34,34,R:VERB:TENSE,no,R,VERB,0,0.0,0,657,0.0,0.0
level,C1,15,35,35,U:CONJ,no,U,CONJ,0,0.0,0,657,0.0,0.0
level,C1,15,36,36,U:DET,no,U,DET,0,0.0,0,657,0.0,0.0
level,C1,15,37,37,U:NOUN,no,U,NOUN,0,0.0,0,657,0.0,0.0
level,C1,15,38,38,U:OTHER,no,U,OTHER,0,0.0,0,657,0.0,0.0
level,C1,15,39,39,U:PREP,no,U,PREP,0,0.0,0,657,0.0,0.0
level,C1,15,40,40,U:PRON,no,U,PRON,0,0.0,0,657,0.0,0.0
level,C1,15,41,41,U:PUNCT,no,U,PUNCT,0,0.0,0,657,0.0,0.0
level,C1,15,42,42,U:VERB:TENSE,no,U,VERB,0,0.0,0,657,0.0,0.0
