family,algorithm,model,topics,level_macro_f1,level_accuracy,level_within_one_accuracy,level_quadratic_weighted_kappa,cefr_macro_f1,cefr_accuracy,regression_mae
combined_without_length_correlated_features,classifier,topic_restricted,seen_topics,0.9429601276388485,0.970380069339106,0.9835987911190386,0.9871889630127479,0.9750518737435612,0.9872430588504542,
combined_without_length_correlated_features,classifier,topic_restricted,unseen_topics,0.17630101490094297,0.3151064603333462,0.6508237375223691,0.7865598746774984,0.5294796047793373,0.6619899218722096,
combined_without_length_correlated_features,classifier,main_model_all_topics,seen_topics,0.8982431924357541,0.9437894837708892,0.9696805171435626,0.9767930322970604,0.9524440724913605,0.9748121067141025,
combined_without_length_correlated_features,regressor,topic_restricted,seen_topics,0.40034789238178636,0.59768356872972,0.9263590465093393,0.9507815549100782,0.7378704000503767,0.8712951883276607,0.5558995703697398
combined_without_length_correlated_features,regressor,topic_restricted,unseen_topics,0.23665486540803904,0.3341937278522935,0.7466622818609427,0.8624061203172655,0.5971896338463687,0.7504552019105288,1.0373917261124206
combined_without_length_correlated_features,regressor,main_model_all_topics,seen_topics,0.3638987583453709,0.5612005923094923,0.9093495860956275,0.9419146446590503,0.7149430657429487,0.8595873283730022,0.6129401424858296
combined_without_length_correlated_and_duplicate_features,classifier,topic_restricted,seen_topics,0.9402883696988111,0.969265459626809,0.9830793863631335,0.9867725700506809,0.974836466421835,0.9869385508536985,
combined_without_length_correlated_and_duplicate_features,classifier,topic_restricted,unseen_topics,0.17859414533120715,0.3179364091291798,0.6514784777561813,0.7850681122555325,0.5331028037131811,0.6652649302360776,
combined_without_length_correlated_and_duplicate_features,classifier,main_model_all_topics,seen_topics,0.8981962463928372,0.9422260534098024,0.9686534470133035,0.9761225976930098,0.9529213814273635,0.9738764111555414,
combined_without_length_correlated_and_duplicate_features,regressor,topic_restricted,seen_topics,0.39281792503174917,0.5950103625193277,0.9228120599948496,0.949229288170611,0.7304675660981625,0.8699327697796999,0.5647907653452318
combined_without_length_correlated_and_duplicate_features,regressor,topic_restricted,unseen_topics,0.23314060589331245,0.33391338917049596,0.7460019433033782,0.861950421470975,0.5947600229097857,0.7524096809770775,1.0382436538730058
combined_without_length_correlated_and_duplicate_features,regressor,main_model_all_topics,seen_topics,0.3602233915019952,0.5539432794979879,0.9057361587851585,0.9401524425107063,0.7103108249303229,0.8566836510322494,0.6222082124483477
combined,classifier,topic_restricted,seen_topics,0.9454701838206887,0.9710119474527676,0.984128245831307,0.9881107078925668,0.9775169496201233,0.987853838178057,
combined,classifier,topic_restricted,unseen_topics,0.1807266902660623,0.31407326183114526,0.6499232727943178,0.7917282757633893,0.5410704298280604,0.667027005119104,
combined,classifier,main_model_all_topics,seen_topics,0.9017900703641051,0.9445130447777244,0.9704366079965316,0.9784031041743997,0.9557791285709927,0.9760447141990034,
combined,regressor,topic_restricted,seen_topics,0.40929789449804505,0.6139577287550455,0.9309812073714328,0.9536498850257429,0.7581304592281419,0.8776759586276439,0.538852989920287
combined,regressor,topic_restricted,unseen_topics,0.2456309744323052,0.3375767706271636,0.7537800419744995,0.8681916000996934,0.6214754092576238,0.7614777029371429,1.019459222479638
combined,regressor,main_model_all_topics,seen_topics,0.37652635871742285,0.5727938206560649,0.9130941316639637,0.9444011784170205,0.7394291614138662,0.8641519517043388,0.5973415219297846
