Model,Rank,Feature,Tool,Dimension,Mean |contribution| (CV),Folds in top 20
classifier,1,det_nominal,TAASSC,syntactic_complexity,0.799 ± 0.057,10
classifier,2,nonfinite_prop,TAASSC,syntactic_complexity,0.791 ± 0.039,10
classifier,3,Kuperman_AoA_CW,TAALES,lexical_sophistication,0.700 ± 0.023,10
classifier,4,pp1,TAASSC,syntactic_complexity,0.633 ± 0.022,10
classifier,5,MRC_Meaningfulness_AW,TAALES,lexical_sophistication,0.595 ± 0.045,10
classifier,6,poss_nominal,TAASSC,syntactic_complexity,0.525 ± 0.038,10
classifier,7,Kuperman_AoA_AW,TAALES,lexical_sophistication,0.500 ± 0.029,10
classifier,8,aoe_index_above_threshold_40,TAALES,lexical_sophistication,0.436 ± 0.015,10
classifier,9,aoe_inverse_average,TAALES,lexical_sophistication,0.393 ± 0.013,10
classifier,10,Brysbaert_Concreteness_Combined_CW,TAALES,lexical_sophistication,0.391 ± 0.030,10
classifier,11,polke_67_per_100_words,POLKE,grammatical_constructions,0.388 ± 0.016,10
classifier,12,nn_concrete,TAASSC,syntactic_complexity,0.376 ± 0.010,10
classifier,13,MRC_Imageability_CW,TAALES,lexical_sophistication,0.375 ± 0.012,10
classifier,14,polke_82_per_100_words,POLKE,grammatical_constructions,0.364 ± 0.028,9
classifier,15,cc_nominal,TAASSC,syntactic_complexity,0.361 ± 0.017,10
classifier,16,OLDF_CW,TAALES,lexical_sophistication,0.346 ± 0.021,7
classifier,17,nn_animate,TAASSC,syntactic_complexity,0.334 ± 0.009,7
classifier,18,amod_nominal,TAASSC,syntactic_complexity,0.334 ± 0.012,6
classifier,19,aoe_inflection_point_polynomial,TAALES,lexical_sophistication,0.334 ± 0.006,7
classifier,20,BG_Mean_CW,TAALES,lexical_sophistication,0.333 ± 0.019,6
regressor,1,mltu,TAASSC,syntactic_complexity,0.197 ± 0.005,10
regressor,2,det_dep,TAASSC,syntactic_complexity,0.165 ± 0.006,10
regressor,3,det_nominal,TAASSC,syntactic_complexity,0.165 ± 0.004,10
regressor,4,amod_dep,TAASSC,syntactic_complexity,0.147 ± 0.005,10
regressor,5,amod_nominal,TAASSC,syntactic_complexity,0.144 ± 0.002,10
regressor,6,prep_dep,TAASSC,syntactic_complexity,0.128 ± 0.008,10
regressor,7,finite_ind_clause,TAASSC,syntactic_complexity,0.124 ± 0.004,10
regressor,8,polke_67_per_100_words,POLKE,grammatical_constructions,0.119 ± 0.001,10
regressor,9,pp1,TAASSC,syntactic_complexity,0.115 ± 0.005,10
regressor,10,Brysbaert_Concreteness_Combined_CW,TAALES,lexical_sophistication,0.110 ± 0.001,10
regressor,11,cc_nominal,TAASSC,syntactic_complexity,0.101 ± 0.005,10
regressor,12,nonfinite_prop,TAASSC,syntactic_complexity,0.093 ± 0.004,10
regressor,13,poss_dep,TAASSC,syntactic_complexity,0.090 ± 0.003,10
regressor,14,polke_82_per_100_words,POLKE,grammatical_constructions,0.090 ± 0.004,10
regressor,15,to_clause,TAASSC,syntactic_complexity,0.088 ± 0.005,10
regressor,16,prep_nominal,TAASSC,syntactic_complexity,0.085 ± 0.007,8
regressor,17,Kuperman_AoA_CW,TAALES,lexical_sophistication,0.080 ± 0.006,8
regressor,18,Freq_HAL_CW,TAALES,lexical_sophistication,0.080 ± 0.004,10
regressor,19,infinitive_prop,TAASSC,syntactic_complexity,0.080 ± 0.002,9
regressor,20,SUBTLEXus_Freq_CW,TAALES,lexical_sophistication,0.077 ± 0.003,7
