source,feature,column,duplicate_of_source,duplicate_of_feature,duplicate_of_column,spearman_with_kept_feature,exact_duplicate,on_length_list
ERRANT,errant_r_adj_per_100_words,accuracy__ERRANT__errant_r_adj_per_100_words,ERRANT,errant_family_adj_per_100_words,accuracy__ERRANT__errant_family_adj_per_100_words,1.0,yes,no
ERRANT,errant_r_conj_per_100_words,accuracy__ERRANT__errant_r_conj_per_100_words,ERRANT,errant_family_conj_per_100_words,accuracy__ERRANT__errant_family_conj_per_100_words,0.9649,no,no
ERRANT,errant_r_contr_per_100_words,accuracy__ERRANT__errant_r_contr_per_100_words,ERRANT,errant_family_contr_per_100_words,accuracy__ERRANT__errant_family_contr_per_100_words,1.0,yes,no
ERRANT,errant_r_det_per_100_words,accuracy__ERRANT__errant_r_det_per_100_words,ERRANT,errant_family_det_per_100_words,accuracy__ERRANT__errant_family_det_per_100_words,0.9942,no,no
ERRANT,errant_r_morph_per_100_words,accuracy__ERRANT__errant_r_morph_per_100_words,ERRANT,errant_family_morph_per_100_words,accuracy__ERRANT__errant_family_morph_per_100_words,1.0,yes,no
ERRANT,errant_r_noun_per_100_words,accuracy__ERRANT__errant_r_noun_per_100_words,ERRANT,errant_family_noun_per_100_words,accuracy__ERRANT__errant_family_noun_per_100_words,0.9867,no,no
ERRANT,errant_r_orth_per_100_words,accuracy__ERRANT__errant_r_orth_per_100_words,ERRANT,errant_family_orth_per_100_words,accuracy__ERRANT__errant_family_orth_per_100_words,1.0,yes,no
ERRANT,errant_r_other_per_100_words,accuracy__ERRANT__errant_r_other_per_100_words,ERRANT,errant_family_other_per_100_words,accuracy__ERRANT__errant_family_other_per_100_words,0.9967,no,no
ERRANT,errant_r_prep_per_100_words,accuracy__ERRANT__errant_r_prep_per_100_words,ERRANT,errant_family_prep_per_100_words,accuracy__ERRANT__errant_family_prep_per_100_words,0.9574,no,no
ERRANT,errant_r_spell_per_100_words,accuracy__ERRANT__errant_r_spell_per_100_words,ERRANT,errant_family_spell_per_100_words,accuracy__ERRANT__errant_family_spell_per_100_words,1.0,yes,no
ERRANT,surface_accuracy_proxy,accuracy__ERRANT__surface_accuracy_proxy,ERRANT,errors_per_100_words,accuracy__ERRANT__errors_per_100_words,-0.9944,no,no
ERRANT,missing_errors,accuracy__ERRANT__missing_errors,ERRANT,missing_errors_per_100_words,accuracy__ERRANT__missing_errors_per_100_words,1.0,yes,2
ERRANT,affected_original_tokens,accuracy__ERRANT__affected_original_tokens,ERRANT,total_errors,accuracy__ERRANT__total_errors,0.9937,no,2
ERRANT,correction_token_equivalents,accuracy__ERRANT__correction_token_equivalents,ERRANT,total_errors,accuracy__ERRANT__total_errors,0.9935,no,2
ERRANT,unnecessary_errors,accuracy__ERRANT__unnecessary_errors,ERRANT,unnecessary_errors_per_100_words,accuracy__ERRANT__unnecessary_errors_per_100_words,0.9942,no,2
ERRANT,errant_family_space_per_100_words,accuracy__ERRANT__errant_family_space_per_100_words,ERRANT,unnecessary_errors_per_100_words,accuracy__ERRANT__unnecessary_errors_per_100_words,0.9933,no,no
ERRANT,errant_u_space_per_100_words,accuracy__ERRANT__errant_u_space_per_100_words,ERRANT,unnecessary_errors_per_100_words,accuracy__ERRANT__unnecessary_errors_per_100_words,0.9933,no,no
L2SCA,CP/C,complexity__L2SCA__CP/C,L2SCA,CP/T,complexity__L2SCA__CP/T,0.9621,no,no
L2SCA,DC/T,complexity__L2SCA__DC/T,L2SCA,DC/C,complexity__L2SCA__DC/C,0.9896,no,no
L2SCA,DC,complexity__L2SCA__DC,L2SCA,DC/C,complexity__L2SCA__DC/C,0.951,no,2
LCA,rttr,complexity__LCA__rttr,LCA,cttr,complexity__LCA__cttr,1.0,yes,2
LCA,ndwerz,complexity__LCA__ndwerz,LCA,ndwz,complexity__LCA__ndwz,0.9592,no,2
LCA,ndwesz,complexity__LCA__ndwesz,LCA,ndwz,complexity__LCA__ndwz,0.9559,no,2
LCA,cvv1,complexity__LCA__cvv1,LCA,svv1,complexity__LCA__svv1,1.0,yes,2
LCA,slextokens,complexity__LCA__slextokens,LCA,swordtokens,complexity__LCA__swordtokens,0.9873,no,2
LCA,slextypes,complexity__LCA__slextypes,LCA,swordtypes,complexity__LCA__swordtypes,0.9839,no,2
LCA,cvs1,complexity__LCA__cvs1,LCA,vs1,complexity__LCA__vs1,0.9906,no,no
LCA,vs2,complexity__LCA__vs2,LCA,vs1,complexity__LCA__vs1,0.9906,no,no
LCA,ndw,complexity__LCA__ndw,LCA,wordtypes,complexity__LCA__wordtypes,1.0,yes,1
LCA,lextypes,complexity__LCA__lextypes,LCA,wordtypes,complexity__LCA__wordtypes,0.9606,no,1
POLKE,polke_372_per_100_words,complexity__POLKE__polke_372_per_100_words,POLKE,polke_101_per_100_words,complexity__POLKE__polke_101_per_100_words,0.9532,no,no
POLKE,polke_695_per_100_words,complexity__POLKE__polke_695_per_100_words,POLKE,polke_101_per_100_words,complexity__POLKE__polke_101_per_100_words,0.9532,no,no
POLKE,polke_1174_per_100_words,complexity__POLKE__polke_1174_per_100_words,POLKE,polke_1051_per_100_words,complexity__POLKE__polke_1051_per_100_words,0.9908,no,no
POLKE,polke_1104_per_100_words,complexity__POLKE__polke_1104_per_100_words,POLKE,polke_1083_per_100_words,complexity__POLKE__polke_1083_per_100_words,1.0,yes,no
POLKE,polke_314_per_100_words,complexity__POLKE__polke_314_per_100_words,POLKE,polke_108_per_100_words,complexity__POLKE__polke_108_per_100_words,0.9917,no,no
POLKE,polke_189_per_100_words,complexity__POLKE__polke_189_per_100_words,POLKE,polke_136_per_100_words,complexity__POLKE__polke_136_per_100_words,1.0,yes,no
POLKE,polke_151_per_100_words,complexity__POLKE__polke_151_per_100_words,POLKE,polke_15_per_100_words,complexity__POLKE__polke_15_per_100_words,0.989,no,no
POLKE,polke_370_per_100_words,complexity__POLKE__polke_370_per_100_words,POLKE,polke_249_per_100_words,complexity__POLKE__polke_249_per_100_words,0.9537,no,no
POLKE,polke_574_per_100_words,complexity__POLKE__polke_574_per_100_words,POLKE,polke_270_per_100_words,complexity__POLKE__polke_270_per_100_words,1.0,yes,no
POLKE,polke_614_per_100_words,complexity__POLKE__polke_614_per_100_words,POLKE,polke_291_per_100_words,complexity__POLKE__polke_291_per_100_words,0.9959,no,no
POLKE,polke_389_per_100_words,complexity__POLKE__polke_389_per_100_words,POLKE,polke_291_per_100_words,complexity__POLKE__polke_291_per_100_words,0.9849,no,no
POLKE,polke_615_per_100_words,complexity__POLKE__polke_615_per_100_words,POLKE,polke_292_per_100_words,complexity__POLKE__polke_292_per_100_words,0.978,no,no
POLKE,polke_11_per_100_words,complexity__POLKE__polke_11_per_100_words,POLKE,polke_2_per_100_words,complexity__POLKE__polke_2_per_100_words,1.0,yes,no
POLKE,polke_641_per_100_words,complexity__POLKE__polke_641_per_100_words,POLKE,polke_315_per_100_words,complexity__POLKE__polke_315_per_100_words,0.963,no,no
POLKE,polke_647_per_100_words,complexity__POLKE__polke_647_per_100_words,POLKE,polke_322_per_100_words,complexity__POLKE__polke_322_per_100_words,1.0,yes,no
POLKE,polke_470_per_100_words,complexity__POLKE__polke_470_per_100_words,POLKE,polke_32_per_100_words,complexity__POLKE__polke_32_per_100_words,0.9988,no,no
POLKE,polke_693_per_100_words,complexity__POLKE__polke_693_per_100_words,POLKE,polke_367_per_100_words,complexity__POLKE__polke_367_per_100_words,1.0,yes,no
POLKE,polke_740_per_100_words,complexity__POLKE__polke_740_per_100_words,POLKE,polke_410_per_100_words,complexity__POLKE__polke_410_per_100_words,1.0,yes,no
POLKE,polke_857_per_100_words,complexity__POLKE__polke_857_per_100_words,POLKE,polke_410_per_100_words,complexity__POLKE__polke_410_per_100_words,1.0,yes,no
POLKE,polke_442_per_100_words,complexity__POLKE__polke_442_per_100_words,POLKE,polke_413_per_100_words,complexity__POLKE__polke_413_per_100_words,1.0,yes,no
POLKE,polke_575_per_100_words,complexity__POLKE__polke_575_per_100_words,POLKE,polke_415_per_100_words,complexity__POLKE__polke_415_per_100_words,1.0,yes,no
POLKE,polke_763_per_100_words,complexity__POLKE__polke_763_per_100_words,POLKE,polke_445_per_100_words,complexity__POLKE__polke_445_per_100_words,0.9611,no,no
POLKE,polke_1006_per_100_words,complexity__POLKE__polke_1006_per_100_words,POLKE,polke_448_per_100_words,complexity__POLKE__polke_448_per_100_words,0.9836,no,no
POLKE,polke_58_per_100_words,complexity__POLKE__polke_58_per_100_words,POLKE,polke_49_per_100_words,complexity__POLKE__polke_49_per_100_words,0.9887,no,no
POLKE,polke_831_per_100_words,complexity__POLKE__polke_831_per_100_words,POLKE,polke_527_per_100_words,complexity__POLKE__polke_527_per_100_words,0.971,no,no
POLKE,polke_838_per_100_words,complexity__POLKE__polke_838_per_100_words,POLKE,polke_538_per_100_words,complexity__POLKE__polke_538_per_100_words,1.0,yes,no
POLKE,polke_879_per_100_words,complexity__POLKE__polke_879_per_100_words,POLKE,polke_602_per_100_words,complexity__POLKE__polke_602_per_100_words,0.9886,no,no
POLKE,polke_947_per_100_words,complexity__POLKE__polke_947_per_100_words,POLKE,polke_687_per_100_words,complexity__POLKE__polke_687_per_100_words,1.0,yes,no
POLKE,polke_760_per_100_words,complexity__POLKE__polke_760_per_100_words,POLKE,polke_744_per_100_words,complexity__POLKE__polke_744_per_100_words,1.0,yes,no
POLKE,polke_106_per_100_words,complexity__POLKE__polke_106_per_100_words,POLKE,polke_74_per_100_words,complexity__POLKE__polke_74_per_100_words,1.0,yes,no
POLKE,polke_1026_per_100_words,complexity__POLKE__polke_1026_per_100_words,POLKE,polke_809_per_100_words,complexity__POLKE__polke_809_per_100_words,0.9748,no,no
POLKE,polke_1160_per_100_words,complexity__POLKE__polke_1160_per_100_words,POLKE,polke_836_per_100_words,complexity__POLKE__polke_836_per_100_words,0.9574,no,no
POLKE,polke_1076_per_100_words,complexity__POLKE__polke_1076_per_100_words,POLKE,polke_919_per_100_words,complexity__POLKE__polke_919_per_100_words,0.9682,no,no
POLKE,polke_670_per_100_words,complexity__POLKE__polke_670_per_100_words,POLKE,polke_93_per_100_words,complexity__POLKE__polke_93_per_100_words,0.9992,yes,no
POLKE,polke_1092_per_100_words,complexity__POLKE__polke_1092_per_100_words,POLKE,polke_952_per_100_words,complexity__POLKE__polke_952_per_100_words,1.0,yes,no
POLKE,polke_1203_per_100_words,complexity__POLKE__polke_1203_per_100_words,POLKE,polke_952_per_100_words,complexity__POLKE__polke_952_per_100_words,1.0,yes,no
TAALES_COVERAGE,BNC_Spoken_Bigram_Normed_Freq,complexity__TAALES_COVERAGE__BNC_Spoken_Bigram_Normed_Freq,TAALES,BNC_Spoken_Bigram_Proportion,complexity__TAALES__BNC_Spoken_Bigram_Proportion,1.0,yes,no
TAALES_COVERAGE,BNC_Spoken_Bigram_Normed_Freq_Log,complexity__TAALES_COVERAGE__BNC_Spoken_Bigram_Normed_Freq_Log,TAALES,BNC_Spoken_Bigram_Proportion,complexity__TAALES__BNC_Spoken_Bigram_Proportion,1.0,yes,no
TAALES,BNC_Spoken_Freq_CW_Log,complexity__TAALES__BNC_Spoken_Freq_CW_Log,TAALES,BNC_Spoken_Range_CW,complexity__TAALES__BNC_Spoken_Range_CW,0.9663,no,no
TAALES_COVERAGE,BNC_Spoken_Trigram_Normed_Freq,complexity__TAALES_COVERAGE__BNC_Spoken_Trigram_Normed_Freq,TAALES,BNC_Spoken_Trigram_Proportion,complexity__TAALES__BNC_Spoken_Trigram_Proportion,1.0,yes,no
TAALES_COVERAGE,BNC_Spoken_Trigram_Normed_Freq_Log,complexity__TAALES_COVERAGE__BNC_Spoken_Trigram_Normed_Freq_Log,TAALES,BNC_Spoken_Trigram_Proportion,complexity__TAALES__BNC_Spoken_Trigram_Proportion,1.0,yes,no
TAALES,COCA_Academic_Bigram_Frequency,complexity__TAALES__COCA_Academic_Bigram_Frequency,TAALES,BNC_Written_Bigram_Freq_Normed,complexity__TAALES__BNC_Written_Bigram_Freq_Normed,0.981,no,no
TAALES,COCA_News_Bigram_Frequency,complexity__TAALES__COCA_News_Bigram_Frequency,TAALES,BNC_Written_Bigram_Freq_Normed,complexity__TAALES__BNC_Written_Bigram_Freq_Normed,0.9762,no,no
TAALES,COCA_Magazine_Bigram_Frequency,complexity__TAALES__COCA_Magazine_Bigram_Frequency,TAALES,BNC_Written_Bigram_Freq_Normed,complexity__TAALES__BNC_Written_Bigram_Freq_Normed,0.9734,no,no
TAALES_COVERAGE,BNC_Written_Bigram_Freq_Normed,complexity__TAALES_COVERAGE__BNC_Written_Bigram_Freq_Normed,TAALES,BNC_Written_Bigram_Proportion,complexity__TAALES__BNC_Written_Bigram_Proportion,1.0,yes,no
TAALES_COVERAGE,BNC_Written_Bigram_Freq_Normed_Log,complexity__TAALES_COVERAGE__BNC_Written_Bigram_Freq_Normed_Log,TAALES,BNC_Written_Bigram_Proportion,complexity__TAALES__BNC_Written_Bigram_Proportion,1.0,yes,no
TAALES,COCA_Academic_Range_Log_FW,complexity__TAALES__COCA_Academic_Range_Log_FW,TAALES,BNC_Written_Range_FW,complexity__TAALES__BNC_Written_Range_FW,0.9526,no,no
TAALES_COVERAGE,BNC_Written_Trigram_Freq_Normed,complexity__TAALES_COVERAGE__BNC_Written_Trigram_Freq_Normed,TAALES,BNC_Written_Trigram_Proportion,complexity__TAALES__BNC_Written_Trigram_Proportion,1.0,yes,no
TAALES_COVERAGE,BNC_Written_Trigram_Freq_Normed_Log,complexity__TAALES_COVERAGE__BNC_Written_Trigram_Freq_Normed_Log,TAALES,BNC_Written_Trigram_Proportion,complexity__TAALES__BNC_Written_Trigram_Proportion,1.0,yes,no
TAALES,COCA_Academic_Bigram_Range_Log,complexity__TAALES__COCA_Academic_Bigram_Range_Log,TAALES,COCA_Academic_Bigram_Frequency_Log,complexity__TAALES__COCA_Academic_Bigram_Frequency_Log,0.9536,no,no
TAALES,KF_Freq_FW_Log,complexity__TAALES__KF_Freq_FW_Log,TAALES,COCA_Academic_Frequency_Log_FW,complexity__TAALES__COCA_Academic_Frequency_Log_FW,0.968,no,no
TAALES,COCA_Academic_Frequency_Log_CW,complexity__TAALES__COCA_Academic_Frequency_Log_CW,TAALES,COCA_Academic_Range_Log_CW,complexity__TAALES__COCA_Academic_Range_Log_CW,0.9619,no,no
TAALES,COCA_Academic_Trigram_Range,complexity__TAALES__COCA_Academic_Trigram_Range,TAALES,COCA_Academic_Trigram_Frequency,complexity__TAALES__COCA_Academic_Trigram_Frequency,0.9972,no,no
TAALES,COCA_academic_tri_2_AC,complexity__TAALES__COCA_academic_tri_2_AC,TAALES,COCA_Academic_Trigram_Frequency,complexity__TAALES__COCA_Academic_Trigram_Frequency,0.9743,no,no
TAALES,COCA_fiction_bi_AC,complexity__TAALES__COCA_fiction_bi_AC,TAALES,COCA_Fiction_Bigram_Frequency,complexity__TAALES__COCA_Fiction_Bigram_Frequency,0.9694,no,no
TAALES,COCA_Fiction_Bigram_Range_Log,complexity__TAALES__COCA_Fiction_Bigram_Range_Log,TAALES,COCA_Fiction_Bigram_Frequency_Log,complexity__TAALES__COCA_Fiction_Bigram_Frequency_Log,0.977,no,no
TAALES,COCA_Fiction_Trigram_Range,complexity__TAALES__COCA_Fiction_Trigram_Range,TAALES,COCA_Fiction_Trigram_Frequency,complexity__TAALES__COCA_Fiction_Trigram_Frequency,0.9951,no,no
TAALES,COCA_fiction_tri_AC,complexity__TAALES__COCA_fiction_tri_AC,TAALES,COCA_Fiction_Trigram_Frequency,complexity__TAALES__COCA_Fiction_Trigram_Frequency,0.9825,no,no
TAALES,COCA_fiction_tri_2_AC,complexity__TAALES__COCA_fiction_tri_2_AC,TAALES,COCA_Fiction_Trigram_Frequency,complexity__TAALES__COCA_Fiction_Trigram_Frequency,0.9823,no,no
TAALES,COCA_Magazine_Bigram_Range_Log,complexity__TAALES__COCA_Magazine_Bigram_Range_Log,TAALES,COCA_Magazine_Bigram_Frequency_Log,complexity__TAALES__COCA_Magazine_Bigram_Frequency_Log,0.9835,no,no
TAALES,COCA_News_Bigram_Range,complexity__TAALES__COCA_News_Bigram_Range,TAALES,COCA_Magazine_Bigram_Range,complexity__TAALES__COCA_Magazine_Bigram_Range,0.9826,no,no
TAALES,COCA_Magazine_Trigram_Range,complexity__TAALES__COCA_Magazine_Trigram_Range,TAALES,COCA_Magazine_Trigram_Frequency,complexity__TAALES__COCA_Magazine_Trigram_Frequency,0.999,yes,no
TAALES,COCA_magazine_tri_2_AC,complexity__TAALES__COCA_magazine_tri_2_AC,TAALES,COCA_Magazine_Trigram_Frequency,complexity__TAALES__COCA_Magazine_Trigram_Frequency,0.9856,no,no
TAALES,COCA_magazine_tri_AC,complexity__TAALES__COCA_magazine_tri_AC,TAALES,COCA_Magazine_Trigram_Frequency,complexity__TAALES__COCA_Magazine_Trigram_Frequency,0.9744,no,no
TAALES,COCA_News_Trigram_Range,complexity__TAALES__COCA_News_Trigram_Range,TAALES,COCA_Magazine_Trigram_Frequency,complexity__TAALES__COCA_Magazine_Trigram_Frequency,0.9683,no,no
TAALES,COCA_News_Trigram_Frequency,complexity__TAALES__COCA_News_Trigram_Frequency,TAALES,COCA_Magazine_Trigram_Frequency,complexity__TAALES__COCA_Magazine_Trigram_Frequency,0.9682,no,no
TAALES,COCA_News_Bigram_Range_Log,complexity__TAALES__COCA_News_Bigram_Range_Log,TAALES,COCA_News_Bigram_Frequency_Log,complexity__TAALES__COCA_News_Bigram_Frequency_Log,0.976,no,no
TAALES,COCA_academic_bi_prop_30k,complexity__TAALES__COCA_academic_bi_prop_30k,TAALES,COCA_academic_bi_prop_20k,complexity__TAALES__COCA_academic_bi_prop_20k,0.966,no,no
TAALES,COCA_academic_bi_prop_50k,complexity__TAALES__COCA_academic_bi_prop_50k,TAALES,COCA_academic_bi_prop_40k,complexity__TAALES__COCA_academic_bi_prop_40k,0.967,no,no
TAALES,COCA_academic_bi_prop_60k,complexity__TAALES__COCA_academic_bi_prop_60k,TAALES,COCA_academic_bi_prop_40k,complexity__TAALES__COCA_academic_bi_prop_40k,0.9536,no,no
TAALES,COCA_academic_bi_prop_80k,complexity__TAALES__COCA_academic_bi_prop_80k,TAALES,COCA_academic_bi_prop_70k,complexity__TAALES__COCA_academic_bi_prop_70k,0.9923,no,no
TAALES,COCA_academic_bi_prop_90k,complexity__TAALES__COCA_academic_bi_prop_90k,TAALES,COCA_academic_bi_prop_70k,complexity__TAALES__COCA_academic_bi_prop_70k,0.9853,no,no
TAALES,COCA_academic_bi_prop_100k,complexity__TAALES__COCA_academic_bi_prop_100k,TAALES,COCA_academic_bi_prop_70k,complexity__TAALES__COCA_academic_bi_prop_70k,0.9788,no,no
TAALES_COVERAGE,COCA_Academic_Bigram_Frequency,complexity__TAALES_COVERAGE__COCA_Academic_Bigram_Frequency,TAALES,COCA_academic_bi_prop_70k,complexity__TAALES__COCA_academic_bi_prop_70k,0.9521,no,no
TAALES_COVERAGE,COCA_Academic_Bigram_Frequency_Log,complexity__TAALES_COVERAGE__COCA_Academic_Bigram_Frequency_Log,TAALES,COCA_academic_bi_prop_70k,complexity__TAALES__COCA_academic_bi_prop_70k,0.9521,no,no
TAALES_COVERAGE,COCA_Academic_Bigram_Range,complexity__TAALES_COVERAGE__COCA_Academic_Bigram_Range,TAALES,COCA_academic_bi_prop_70k,complexity__TAALES__COCA_academic_bi_prop_70k,0.9521,no,no
TAALES_COVERAGE,COCA_Academic_Bigram_Range_Log,complexity__TAALES_COVERAGE__COCA_Academic_Bigram_Range_Log,TAALES,COCA_academic_bi_prop_70k,complexity__TAALES__COCA_academic_bi_prop_70k,0.9521,no,no
TAALES_COVERAGE,COCA_academic_bi_AC,complexity__TAALES_COVERAGE__COCA_academic_bi_AC,TAALES,COCA_academic_bi_prop_70k,complexity__TAALES__COCA_academic_bi_prop_70k,0.9521,no,no
TAALES_COVERAGE,COCA_academic_bi_DP,complexity__TAALES_COVERAGE__COCA_academic_bi_DP,TAALES,COCA_academic_bi_prop_70k,complexity__TAALES__COCA_academic_bi_prop_70k,0.9521,no,no
TAALES_COVERAGE,COCA_academic_bi_MI,complexity__TAALES_COVERAGE__COCA_academic_bi_MI,TAALES,COCA_academic_bi_prop_70k,complexity__TAALES__COCA_academic_bi_prop_70k,0.9521,no,no
TAALES_COVERAGE,COCA_academic_bi_MI2,complexity__TAALES_COVERAGE__COCA_academic_bi_MI2,TAALES,COCA_academic_bi_prop_70k,complexity__TAALES__COCA_academic_bi_prop_70k,0.9521,no,no
TAALES_COVERAGE,COCA_academic_bi_T,complexity__TAALES_COVERAGE__COCA_academic_bi_T,TAALES,COCA_academic_bi_prop_70k,complexity__TAALES__COCA_academic_bi_prop_70k,0.9521,no,no
TAALES,COCA_academic_tri_AC,complexity__TAALES__COCA_academic_tri_AC,TAALES,COCA_academic_tri_T,complexity__TAALES__COCA_academic_tri_T,0.9662,no,no
TAALES,COCA_academic_tri_prop_30k,complexity__TAALES__COCA_academic_tri_prop_30k,TAALES,COCA_academic_tri_prop_20k,complexity__TAALES__COCA_academic_tri_prop_20k,0.9581,no,no
TAALES,COCA_academic_tri_prop_50k,complexity__TAALES__COCA_academic_tri_prop_50k,TAALES,COCA_academic_tri_prop_40k,complexity__TAALES__COCA_academic_tri_prop_40k,0.9759,no,no
TAALES,COCA_academic_tri_prop_60k,complexity__TAALES__COCA_academic_tri_prop_60k,TAALES,COCA_academic_tri_prop_40k,complexity__TAALES__COCA_academic_tri_prop_40k,0.9617,no,no
TAALES,COCA_academic_tri_prop_80k,complexity__TAALES__COCA_academic_tri_prop_80k,TAALES,COCA_academic_tri_prop_70k,complexity__TAALES__COCA_academic_tri_prop_70k,0.9865,no,no
TAALES,COCA_academic_tri_prop_90k,complexity__TAALES__COCA_academic_tri_prop_90k,TAALES,COCA_academic_tri_prop_70k,complexity__TAALES__COCA_academic_tri_prop_70k,0.9735,no,no
TAALES,COCA_academic_tri_prop_100k,complexity__TAALES__COCA_academic_tri_prop_100k,TAALES,COCA_academic_tri_prop_70k,complexity__TAALES__COCA_academic_tri_prop_70k,0.9522,no,no
TAALES,COCA_spoken_Frequency_AW,complexity__TAALES__COCA_spoken_Frequency_AW,TAALES,COCA_fiction_Frequency_AW,complexity__TAALES__COCA_fiction_Frequency_AW,0.9718,no,no
TAALES,Freq_HAL,complexity__TAALES__Freq_HAL,TAALES,COCA_fiction_Frequency_AW,complexity__TAALES__COCA_fiction_Frequency_AW,0.961,no,no
TAALES,COCA_fiction_Frequency_Log_AW,complexity__TAALES__COCA_fiction_Frequency_Log_AW,TAALES,COCA_fiction_Range_AW,complexity__TAALES__COCA_fiction_Range_AW,0.9516,no,no
TAALES,COCA_fiction_Range_Log_FW,complexity__TAALES__COCA_fiction_Range_Log_FW,TAALES,COCA_fiction_Range_FW,complexity__TAALES__COCA_fiction_Range_FW,0.9664,no,no
TAALES,COCA_fiction_Frequency_Log_CW,complexity__TAALES__COCA_fiction_Frequency_Log_CW,TAALES,COCA_fiction_Range_Log_CW,complexity__TAALES__COCA_fiction_Range_Log_CW,0.9601,no,no
TAALES,COCA_fiction_bi_prop_30k,complexity__TAALES__COCA_fiction_bi_prop_30k,TAALES,COCA_fiction_bi_prop_20k,complexity__TAALES__COCA_fiction_bi_prop_20k,0.9657,no,no
TAALES,COCA_fiction_bi_prop_50k,complexity__TAALES__COCA_fiction_bi_prop_50k,TAALES,COCA_fiction_bi_prop_40k,complexity__TAALES__COCA_fiction_bi_prop_40k,0.9879,no,no
TAALES,COCA_fiction_bi_prop_60k,complexity__TAALES__COCA_fiction_bi_prop_60k,TAALES,COCA_fiction_bi_prop_40k,complexity__TAALES__COCA_fiction_bi_prop_40k,0.9732,no,no
TAALES,COCA_fiction_bi_prop_70k,complexity__TAALES__COCA_fiction_bi_prop_70k,TAALES,COCA_fiction_bi_prop_40k,complexity__TAALES__COCA_fiction_bi_prop_40k,0.9627,no,no
TAALES,COCA_fiction_bi_prop_80k,complexity__TAALES__COCA_fiction_bi_prop_80k,TAALES,COCA_fiction_bi_prop_40k,complexity__TAALES__COCA_fiction_bi_prop_40k,0.954,no,no
TAALES,COCA_fiction_bi_prop_100k,complexity__TAALES__COCA_fiction_bi_prop_100k,TAALES,COCA_fiction_bi_prop_90k,complexity__TAALES__COCA_fiction_bi_prop_90k,0.9929,no,no
TAALES_COVERAGE,COCA_Fiction_Bigram_Frequency,complexity__TAALES_COVERAGE__COCA_Fiction_Bigram_Frequency,TAALES,COCA_fiction_bi_prop_90k,complexity__TAALES__COCA_fiction_bi_prop_90k,0.9662,no,no
TAALES_COVERAGE,COCA_Fiction_Bigram_Frequency_Log,complexity__TAALES_COVERAGE__COCA_Fiction_Bigram_Frequency_Log,TAALES,COCA_fiction_bi_prop_90k,complexity__TAALES__COCA_fiction_bi_prop_90k,0.9662,no,no
TAALES_COVERAGE,COCA_Fiction_Bigram_Range,complexity__TAALES_COVERAGE__COCA_Fiction_Bigram_Range,TAALES,COCA_fiction_bi_prop_90k,complexity__TAALES__COCA_fiction_bi_prop_90k,0.9662,no,no
TAALES_COVERAGE,COCA_Fiction_Bigram_Range_Log,complexity__TAALES_COVERAGE__COCA_Fiction_Bigram_Range_Log,TAALES,COCA_fiction_bi_prop_90k,complexity__TAALES__COCA_fiction_bi_prop_90k,0.9662,no,no
TAALES_COVERAGE,COCA_fiction_bi_AC,complexity__TAALES_COVERAGE__COCA_fiction_bi_AC,TAALES,COCA_fiction_bi_prop_90k,complexity__TAALES__COCA_fiction_bi_prop_90k,0.9662,no,no
TAALES_COVERAGE,COCA_fiction_bi_DP,complexity__TAALES_COVERAGE__COCA_fiction_bi_DP,TAALES,COCA_fiction_bi_prop_90k,complexity__TAALES__COCA_fiction_bi_prop_90k,0.9662,no,no
TAALES_COVERAGE,COCA_fiction_bi_MI,complexity__TAALES_COVERAGE__COCA_fiction_bi_MI,TAALES,COCA_fiction_bi_prop_90k,complexity__TAALES__COCA_fiction_bi_prop_90k,0.9662,no,no
TAALES_COVERAGE,COCA_fiction_bi_MI2,complexity__TAALES_COVERAGE__COCA_fiction_bi_MI2,TAALES,COCA_fiction_bi_prop_90k,complexity__TAALES__COCA_fiction_bi_prop_90k,0.9662,no,no
TAALES_COVERAGE,COCA_fiction_bi_T,complexity__TAALES_COVERAGE__COCA_fiction_bi_T,TAALES,COCA_fiction_bi_prop_90k,complexity__TAALES__COCA_fiction_bi_prop_90k,0.9662,no,no
TAALES,COCA_fiction_tri_prop_30k,complexity__TAALES__COCA_fiction_tri_prop_30k,TAALES,COCA_fiction_tri_prop_20k,complexity__TAALES__COCA_fiction_tri_prop_20k,0.9639,no,no
TAALES,COCA_fiction_tri_prop_50k,complexity__TAALES__COCA_fiction_tri_prop_50k,TAALES,COCA_fiction_tri_prop_40k,complexity__TAALES__COCA_fiction_tri_prop_40k,0.9789,no,no
TAALES,COCA_fiction_tri_prop_60k,complexity__TAALES__COCA_fiction_tri_prop_60k,TAALES,COCA_fiction_tri_prop_40k,complexity__TAALES__COCA_fiction_tri_prop_40k,0.9586,no,no
TAALES,COCA_fiction_tri_prop_80k,complexity__TAALES__COCA_fiction_tri_prop_80k,TAALES,COCA_fiction_tri_prop_70k,complexity__TAALES__COCA_fiction_tri_prop_70k,0.9896,no,no
TAALES,COCA_fiction_tri_prop_90k,complexity__TAALES__COCA_fiction_tri_prop_90k,TAALES,COCA_fiction_tri_prop_70k,complexity__TAALES__COCA_fiction_tri_prop_70k,0.979,no,no
TAALES,COCA_fiction_tri_prop_100k,complexity__TAALES__COCA_fiction_tri_prop_100k,TAALES,COCA_fiction_tri_prop_70k,complexity__TAALES__COCA_fiction_tri_prop_70k,0.9713,no,no
TAALES,COCA_news_Frequency_CW,complexity__TAALES__COCA_news_Frequency_CW,TAALES,COCA_magazine_Frequency_CW,complexity__TAALES__COCA_magazine_Frequency_CW,0.9835,no,no
TAALES,COCA_spoken_Frequency_CW,complexity__TAALES__COCA_spoken_Frequency_CW,TAALES,COCA_magazine_Frequency_CW,complexity__TAALES__COCA_magazine_Frequency_CW,0.9631,no,no
TAALES,COCA_news_Frequency_Log_AW,complexity__TAALES__COCA_news_Frequency_Log_AW,TAALES,COCA_magazine_Frequency_Log_AW,complexity__TAALES__COCA_magazine_Frequency_Log_AW,0.9661,no,no
TAALES,COCA_news_Frequency_Log_FW,complexity__TAALES__COCA_news_Frequency_Log_FW,TAALES,COCA_magazine_Frequency_Log_FW,complexity__TAALES__COCA_magazine_Frequency_Log_FW,0.9849,no,no
TAALES,BNC_Written_Freq_FW_Log,complexity__TAALES__BNC_Written_Freq_FW_Log,TAALES,COCA_magazine_Frequency_Log_FW,complexity__TAALES__COCA_magazine_Frequency_Log_FW,0.9827,no,no
TAALES,TL_Freq_FW_Log,complexity__TAALES__TL_Freq_FW_Log,TAALES,COCA_magazine_Frequency_Log_FW,complexity__TAALES__COCA_magazine_Frequency_Log_FW,0.9602,no,no
TAALES,COCA_news_Range_AW,complexity__TAALES__COCA_news_Range_AW,TAALES,COCA_magazine_Range_AW,complexity__TAALES__COCA_magazine_Range_AW,0.9823,no,no
TAALES,COCA_news_Range_CW,complexity__TAALES__COCA_news_Range_CW,TAALES,COCA_magazine_Range_CW,complexity__TAALES__COCA_magazine_Range_CW,0.9852,no,no
TAALES,COCA_news_Range_Log_AW,complexity__TAALES__COCA_news_Range_Log_AW,TAALES,COCA_magazine_Range_Log_AW,complexity__TAALES__COCA_magazine_Range_Log_AW,0.9589,no,no
TAALES,COCA_magazine_Frequency_Log_CW,complexity__TAALES__COCA_magazine_Frequency_Log_CW,TAALES,COCA_magazine_Range_Log_CW,complexity__TAALES__COCA_magazine_Range_Log_CW,0.972,no,no
TAALES,COCA_news_bi_AC,complexity__TAALES__COCA_news_bi_AC,TAALES,COCA_magazine_bi_AC,complexity__TAALES__COCA_magazine_bi_AC,0.9878,no,no
TAALES,COCA_news_bi_DP,complexity__TAALES__COCA_news_bi_DP,TAALES,COCA_magazine_bi_DP,complexity__TAALES__COCA_magazine_bi_DP,0.9683,no,no
TAALES,COCA_news_bi_T,complexity__TAALES__COCA_news_bi_T,TAALES,COCA_magazine_bi_T,complexity__TAALES__COCA_magazine_bi_T,0.9694,no,no
TAALES,COCA_magazine_bi_prop_30k,complexity__TAALES__COCA_magazine_bi_prop_30k,TAALES,COCA_magazine_bi_prop_20k,complexity__TAALES__COCA_magazine_bi_prop_20k,0.9666,no,no
TAALES,COCA_news_bi_prop_20k,complexity__TAALES__COCA_news_bi_prop_20k,TAALES,COCA_magazine_bi_prop_20k,complexity__TAALES__COCA_magazine_bi_prop_20k,0.9585,no,no
TAALES,COCA_magazine_bi_prop_50k,complexity__TAALES__COCA_magazine_bi_prop_50k,TAALES,COCA_magazine_bi_prop_40k,complexity__TAALES__COCA_magazine_bi_prop_40k,0.9827,no,no
TAALES,COCA_magazine_bi_prop_60k,complexity__TAALES__COCA_magazine_bi_prop_60k,TAALES,COCA_magazine_bi_prop_40k,complexity__TAALES__COCA_magazine_bi_prop_40k,0.9694,no,no
TAALES,COCA_news_bi_prop_50k,complexity__TAALES__COCA_news_bi_prop_50k,TAALES,COCA_magazine_bi_prop_40k,complexity__TAALES__COCA_magazine_bi_prop_40k,0.9639,no,no
TAALES,COCA_news_bi_prop_40k,complexity__TAALES__COCA_news_bi_prop_40k,TAALES,COCA_magazine_bi_prop_40k,complexity__TAALES__COCA_magazine_bi_prop_40k,0.9617,no,no
TAALES,COCA_news_bi_prop_60k,complexity__TAALES__COCA_news_bi_prop_60k,TAALES,COCA_magazine_bi_prop_40k,complexity__TAALES__COCA_magazine_bi_prop_40k,0.9592,no,no
TAALES,COCA_magazine_bi_prop_70k,complexity__TAALES__COCA_magazine_bi_prop_70k,TAALES,COCA_magazine_bi_prop_40k,complexity__TAALES__COCA_magazine_bi_prop_40k,0.957,no,no
TAALES,COCA_news_bi_prop_30k,complexity__TAALES__COCA_news_bi_prop_30k,TAALES,COCA_magazine_bi_prop_40k,complexity__TAALES__COCA_magazine_bi_prop_40k,0.9531,no,no
TAALES,COCA_magazine_bi_prop_80k,complexity__TAALES__COCA_magazine_bi_prop_80k,TAALES,COCA_magazine_bi_prop_40k,complexity__TAALES__COCA_magazine_bi_prop_40k,0.9515,no,no
TAALES,COCA_magazine_bi_prop_100k,complexity__TAALES__COCA_magazine_bi_prop_100k,TAALES,COCA_magazine_bi_prop_90k,complexity__TAALES__COCA_magazine_bi_prop_90k,0.9936,no,no
TAALES_COVERAGE,COCA_Magazine_Bigram_Frequency,complexity__TAALES_COVERAGE__COCA_Magazine_Bigram_Frequency,TAALES,COCA_magazine_bi_prop_90k,complexity__TAALES__COCA_magazine_bi_prop_90k,0.968,no,no
TAALES_COVERAGE,COCA_Magazine_Bigram_Frequency_Log,complexity__TAALES_COVERAGE__COCA_Magazine_Bigram_Frequency_Log,TAALES,COCA_magazine_bi_prop_90k,complexity__TAALES__COCA_magazine_bi_prop_90k,0.968,no,no
TAALES_COVERAGE,COCA_Magazine_Bigram_Range,complexity__TAALES_COVERAGE__COCA_Magazine_Bigram_Range,TAALES,COCA_magazine_bi_prop_90k,complexity__TAALES__COCA_magazine_bi_prop_90k,0.968,no,no
TAALES_COVERAGE,COCA_Magazine_Bigram_Range_Log,complexity__TAALES_COVERAGE__COCA_Magazine_Bigram_Range_Log,TAALES,COCA_magazine_bi_prop_90k,complexity__TAALES__COCA_magazine_bi_prop_90k,0.968,no,no
TAALES_COVERAGE,COCA_magazine_bi_AC,complexity__TAALES_COVERAGE__COCA_magazine_bi_AC,TAALES,COCA_magazine_bi_prop_90k,complexity__TAALES__COCA_magazine_bi_prop_90k,0.968,no,no
TAALES_COVERAGE,COCA_magazine_bi_DP,complexity__TAALES_COVERAGE__COCA_magazine_bi_DP,TAALES,COCA_magazine_bi_prop_90k,complexity__TAALES__COCA_magazine_bi_prop_90k,0.968,no,no
TAALES_COVERAGE,COCA_magazine_bi_MI,complexity__TAALES_COVERAGE__COCA_magazine_bi_MI,TAALES,COCA_magazine_bi_prop_90k,complexity__TAALES__COCA_magazine_bi_prop_90k,0.968,no,no
TAALES_COVERAGE,COCA_magazine_bi_MI2,complexity__TAALES_COVERAGE__COCA_magazine_bi_MI2,TAALES,COCA_magazine_bi_prop_90k,complexity__TAALES__COCA_magazine_bi_prop_90k,0.968,no,no
TAALES_COVERAGE,COCA_magazine_bi_T,complexity__TAALES_COVERAGE__COCA_magazine_bi_T,TAALES,COCA_magazine_bi_prop_90k,complexity__TAALES__COCA_magazine_bi_prop_90k,0.968,no,no
TAALES,COCA_news_bi_prop_90k,complexity__TAALES__COCA_news_bi_prop_90k,TAALES,COCA_magazine_bi_prop_90k,complexity__TAALES__COCA_magazine_bi_prop_90k,0.9617,no,no
TAALES,COCA_news_bi_prop_100k,complexity__TAALES__COCA_news_bi_prop_100k,TAALES,COCA_magazine_bi_prop_90k,complexity__TAALES__COCA_magazine_bi_prop_90k,0.9602,no,no
TAALES,COCA_news_bi_prop_80k,complexity__TAALES__COCA_news_bi_prop_80k,TAALES,COCA_magazine_bi_prop_90k,complexity__TAALES__COCA_magazine_bi_prop_90k,0.9584,no,no
TAALES_COVERAGE,COCA_News_Bigram_Frequency,complexity__TAALES_COVERAGE__COCA_News_Bigram_Frequency,TAALES,COCA_magazine_bi_prop_90k,complexity__TAALES__COCA_magazine_bi_prop_90k,0.9581,no,no
TAALES_COVERAGE,COCA_News_Bigram_Frequency_Log,complexity__TAALES_COVERAGE__COCA_News_Bigram_Frequency_Log,TAALES,COCA_magazine_bi_prop_90k,complexity__TAALES__COCA_magazine_bi_prop_90k,0.9581,no,no
TAALES_COVERAGE,COCA_News_Bigram_Range,complexity__TAALES_COVERAGE__COCA_News_Bigram_Range,TAALES,COCA_magazine_bi_prop_90k,complexity__TAALES__COCA_magazine_bi_prop_90k,0.9581,no,no
TAALES_COVERAGE,COCA_News_Bigram_Range_Log,complexity__TAALES_COVERAGE__COCA_News_Bigram_Range_Log,TAALES,COCA_magazine_bi_prop_90k,complexity__TAALES__COCA_magazine_bi_prop_90k,0.9581,no,no
TAALES_COVERAGE,COCA_news_bi_AC,complexity__TAALES_COVERAGE__COCA_news_bi_AC,TAALES,COCA_magazine_bi_prop_90k,complexity__TAALES__COCA_magazine_bi_prop_90k,0.9581,no,no
TAALES_COVERAGE,COCA_news_bi_DP,complexity__TAALES_COVERAGE__COCA_news_bi_DP,TAALES,COCA_magazine_bi_prop_90k,complexity__TAALES__COCA_magazine_bi_prop_90k,0.9581,no,no
TAALES_COVERAGE,COCA_news_bi_MI,complexity__TAALES_COVERAGE__COCA_news_bi_MI,TAALES,COCA_magazine_bi_prop_90k,complexity__TAALES__COCA_magazine_bi_prop_90k,0.9581,no,no
TAALES_COVERAGE,COCA_news_bi_MI2,complexity__TAALES_COVERAGE__COCA_news_bi_MI2,TAALES,COCA_magazine_bi_prop_90k,complexity__TAALES__COCA_magazine_bi_prop_90k,0.9581,no,no
TAALES_COVERAGE,COCA_news_bi_T,complexity__TAALES_COVERAGE__COCA_news_bi_T,TAALES,COCA_magazine_bi_prop_90k,complexity__TAALES__COCA_magazine_bi_prop_90k,0.9581,no,no
TAALES,COCA_news_bi_prop_70k,complexity__TAALES__COCA_news_bi_prop_70k,TAALES,COCA_magazine_bi_prop_90k,complexity__TAALES__COCA_magazine_bi_prop_90k,0.9528,no,no
TAALES,COCA_magazine_tri_prop_40k,complexity__TAALES__COCA_magazine_tri_prop_40k,TAALES,COCA_magazine_tri_prop_30k,complexity__TAALES__COCA_magazine_tri_prop_30k,0.9703,no,no
TAALES,COCA_magazine_tri_prop_60k,complexity__TAALES__COCA_magazine_tri_prop_60k,TAALES,COCA_magazine_tri_prop_50k,complexity__TAALES__COCA_magazine_tri_prop_50k,0.9805,no,no
TAALES,COCA_magazine_tri_prop_70k,complexity__TAALES__COCA_magazine_tri_prop_70k,TAALES,COCA_magazine_tri_prop_50k,complexity__TAALES__COCA_magazine_tri_prop_50k,0.9634,no,no
TAALES,COCA_magazine_tri_prop_80k,complexity__TAALES__COCA_magazine_tri_prop_80k,TAALES,COCA_magazine_tri_prop_50k,complexity__TAALES__COCA_magazine_tri_prop_50k,0.9535,no,no
TAALES,COCA_magazine_tri_prop_100k,complexity__TAALES__COCA_magazine_tri_prop_100k,TAALES,COCA_magazine_tri_prop_90k,complexity__TAALES__COCA_magazine_tri_prop_90k,0.9934,no,no
TAALES_COVERAGE,COCA_magazine_tri_2_AC,complexity__TAALES_COVERAGE__COCA_magazine_tri_2_AC,TAALES,COCA_magazine_tri_prop_90k,complexity__TAALES__COCA_magazine_tri_prop_90k,0.9632,no,no
TAALES_COVERAGE,COCA_magazine_tri_2_DP,complexity__TAALES_COVERAGE__COCA_magazine_tri_2_DP,TAALES,COCA_magazine_tri_prop_90k,complexity__TAALES__COCA_magazine_tri_prop_90k,0.9632,no,no
TAALES_COVERAGE,COCA_magazine_tri_2_MI,complexity__TAALES_COVERAGE__COCA_magazine_tri_2_MI,TAALES,COCA_magazine_tri_prop_90k,complexity__TAALES__COCA_magazine_tri_prop_90k,0.9632,no,no
TAALES_COVERAGE,COCA_magazine_tri_2_MI2,complexity__TAALES_COVERAGE__COCA_magazine_tri_2_MI2,TAALES,COCA_magazine_tri_prop_90k,complexity__TAALES__COCA_magazine_tri_prop_90k,0.9632,no,no
TAALES_COVERAGE,COCA_magazine_tri_2_T,complexity__TAALES_COVERAGE__COCA_magazine_tri_2_T,TAALES,COCA_magazine_tri_prop_90k,complexity__TAALES__COCA_magazine_tri_prop_90k,0.9632,no,no
TAALES_COVERAGE,COCA_magazine_tri_AC,complexity__TAALES_COVERAGE__COCA_magazine_tri_AC,TAALES,COCA_magazine_tri_prop_90k,complexity__TAALES__COCA_magazine_tri_prop_90k,0.9632,no,no
TAALES_COVERAGE,COCA_magazine_tri_DP,complexity__TAALES_COVERAGE__COCA_magazine_tri_DP,TAALES,COCA_magazine_tri_prop_90k,complexity__TAALES__COCA_magazine_tri_prop_90k,0.9632,no,no
TAALES_COVERAGE,COCA_magazine_tri_MI,complexity__TAALES_COVERAGE__COCA_magazine_tri_MI,TAALES,COCA_magazine_tri_prop_90k,complexity__TAALES__COCA_magazine_tri_prop_90k,0.9632,no,no
TAALES_COVERAGE,COCA_magazine_tri_MI2,complexity__TAALES_COVERAGE__COCA_magazine_tri_MI2,TAALES,COCA_magazine_tri_prop_90k,complexity__TAALES__COCA_magazine_tri_prop_90k,0.9632,no,no
TAALES_COVERAGE,COCA_magazine_tri_T,complexity__TAALES_COVERAGE__COCA_magazine_tri_T,TAALES,COCA_magazine_tri_prop_90k,complexity__TAALES__COCA_magazine_tri_prop_90k,0.9632,no,no
TAALES_COVERAGE,COCA_Magazine_Trigram_Frequency,complexity__TAALES_COVERAGE__COCA_Magazine_Trigram_Frequency,TAALES,COCA_magazine_tri_prop_90k,complexity__TAALES__COCA_magazine_tri_prop_90k,0.9629,no,no
TAALES_COVERAGE,COCA_Magazine_Trigram_Frequency_Log,complexity__TAALES_COVERAGE__COCA_Magazine_Trigram_Frequency_Log,TAALES,COCA_magazine_tri_prop_90k,complexity__TAALES__COCA_magazine_tri_prop_90k,0.9629,no,no
TAALES_COVERAGE,COCA_Magazine_Trigram_Range,complexity__TAALES_COVERAGE__COCA_Magazine_Trigram_Range,TAALES,COCA_magazine_tri_prop_90k,complexity__TAALES__COCA_magazine_tri_prop_90k,0.9629,no,no
TAALES_COVERAGE,COCA_Magazine_Trigram_Range_Log,complexity__TAALES_COVERAGE__COCA_Magazine_Trigram_Range_Log,TAALES,COCA_magazine_tri_prop_90k,complexity__TAALES__COCA_magazine_tri_prop_90k,0.9629,no,no
TAALES,COCA_news_Frequency_Log_CW,complexity__TAALES__COCA_news_Frequency_Log_CW,TAALES,COCA_news_Range_Log_CW,complexity__TAALES__COCA_news_Range_Log_CW,0.9766,no,no
TAALES,COCA_news_tri_2_AC,complexity__TAALES__COCA_news_tri_2_AC,TAALES,COCA_news_tri_2_T,complexity__TAALES__COCA_news_tri_2_T,0.9594,no,no
TAALES,COCA_news_tri_AC,complexity__TAALES__COCA_news_tri_AC,TAALES,COCA_news_tri_T,complexity__TAALES__COCA_news_tri_T,0.9637,no,no
TAALES,COCA_news_tri_prop_40k,complexity__TAALES__COCA_news_tri_prop_40k,TAALES,COCA_news_tri_prop_30k,complexity__TAALES__COCA_news_tri_prop_30k,0.9724,no,no
TAALES,COCA_news_tri_prop_60k,complexity__TAALES__COCA_news_tri_prop_60k,TAALES,COCA_news_tri_prop_50k,complexity__TAALES__COCA_news_tri_prop_50k,0.9826,no,no
TAALES,COCA_news_tri_prop_70k,complexity__TAALES__COCA_news_tri_prop_70k,TAALES,COCA_news_tri_prop_50k,complexity__TAALES__COCA_news_tri_prop_50k,0.9634,no,no
TAALES,COCA_news_tri_prop_80k,complexity__TAALES__COCA_news_tri_prop_80k,TAALES,COCA_news_tri_prop_50k,complexity__TAALES__COCA_news_tri_prop_50k,0.9519,no,no
TAALES,COCA_news_tri_prop_100k,complexity__TAALES__COCA_news_tri_prop_100k,TAALES,COCA_news_tri_prop_90k,complexity__TAALES__COCA_news_tri_prop_90k,0.9901,no,no
TAALES_COVERAGE,COCA_news_tri_AC,complexity__TAALES_COVERAGE__COCA_news_tri_AC,TAALES,COCA_news_tri_prop_90k,complexity__TAALES__COCA_news_tri_prop_90k,0.9565,no,no
TAALES_COVERAGE,COCA_news_tri_DP,complexity__TAALES_COVERAGE__COCA_news_tri_DP,TAALES,COCA_news_tri_prop_90k,complexity__TAALES__COCA_news_tri_prop_90k,0.9565,no,no
TAALES_COVERAGE,COCA_news_tri_MI,complexity__TAALES_COVERAGE__COCA_news_tri_MI,TAALES,COCA_news_tri_prop_90k,complexity__TAALES__COCA_news_tri_prop_90k,0.9565,no,no
TAALES_COVERAGE,COCA_news_tri_MI2,complexity__TAALES_COVERAGE__COCA_news_tri_MI2,TAALES,COCA_news_tri_prop_90k,complexity__TAALES__COCA_news_tri_prop_90k,0.9565,no,no
TAALES_COVERAGE,COCA_news_tri_T,complexity__TAALES_COVERAGE__COCA_news_tri_T,TAALES,COCA_news_tri_prop_90k,complexity__TAALES__COCA_news_tri_prop_90k,0.9565,no,no
TAALES_COVERAGE,COCA_news_tri_2_AC,complexity__TAALES_COVERAGE__COCA_news_tri_2_AC,TAALES,COCA_news_tri_prop_90k,complexity__TAALES__COCA_news_tri_prop_90k,0.9555,no,no
TAALES_COVERAGE,COCA_news_tri_2_DP,complexity__TAALES_COVERAGE__COCA_news_tri_2_DP,TAALES,COCA_news_tri_prop_90k,complexity__TAALES__COCA_news_tri_prop_90k,0.9555,no,no
TAALES_COVERAGE,COCA_news_tri_2_MI,complexity__TAALES_COVERAGE__COCA_news_tri_2_MI,TAALES,COCA_news_tri_prop_90k,complexity__TAALES__COCA_news_tri_prop_90k,0.9555,no,no
TAALES_COVERAGE,COCA_news_tri_2_MI2,complexity__TAALES_COVERAGE__COCA_news_tri_2_MI2,TAALES,COCA_news_tri_prop_90k,complexity__TAALES__COCA_news_tri_prop_90k,0.9555,no,no
TAALES_COVERAGE,COCA_news_tri_2_T,complexity__TAALES_COVERAGE__COCA_news_tri_2_T,TAALES,COCA_news_tri_prop_90k,complexity__TAALES__COCA_news_tri_prop_90k,0.9555,no,no
TAALES_COVERAGE,COCA_News_Trigram_Frequency,complexity__TAALES_COVERAGE__COCA_News_Trigram_Frequency,TAALES,COCA_news_tri_prop_90k,complexity__TAALES__COCA_news_tri_prop_90k,0.9552,no,no
TAALES_COVERAGE,COCA_News_Trigram_Frequency_Log,complexity__TAALES_COVERAGE__COCA_News_Trigram_Frequency_Log,TAALES,COCA_news_tri_prop_90k,complexity__TAALES__COCA_news_tri_prop_90k,0.9552,no,no
TAALES_COVERAGE,COCA_News_Trigram_Range,complexity__TAALES_COVERAGE__COCA_News_Trigram_Range,TAALES,COCA_news_tri_prop_90k,complexity__TAALES__COCA_news_tri_prop_90k,0.9552,no,no
TAALES_COVERAGE,COCA_News_Trigram_Range_Log,complexity__TAALES_COVERAGE__COCA_News_Trigram_Range_Log,TAALES,COCA_news_tri_prop_90k,complexity__TAALES__COCA_news_tri_prop_90k,0.9552,no,no
TAALES,COCA_spoken_bi_AC,complexity__TAALES__COCA_spoken_bi_AC,TAALES,COCA_spoken_Bigram_Frequency,complexity__TAALES__COCA_spoken_Bigram_Frequency,0.9793,no,no
TAALES,COCA_spoken_Bigram_Range_Log,complexity__TAALES__COCA_spoken_Bigram_Range_Log,TAALES,COCA_spoken_Bigram_Frequency_Log,complexity__TAALES__COCA_spoken_Bigram_Frequency_Log,0.9723,no,no
TAALES,BNC_Spoken_Freq_FW_Log,complexity__TAALES__BNC_Spoken_Freq_FW_Log,TAALES,COCA_spoken_Frequency_Log_FW,complexity__TAALES__COCA_spoken_Frequency_Log_FW,0.9791,no,no
TAALES,Log_Freq_HAL_FW,complexity__TAALES__Log_Freq_HAL_FW,TAALES,COCA_spoken_Frequency_Log_FW,complexity__TAALES__COCA_spoken_Frequency_Log_FW,0.9592,no,no
TAALES,COCA_spoken_Range_Log_FW,complexity__TAALES__COCA_spoken_Range_Log_FW,TAALES,COCA_spoken_Range_FW,complexity__TAALES__COCA_spoken_Range_FW,0.9637,no,no
TAALES,COCA_spoken_Frequency_Log_AW,complexity__TAALES__COCA_spoken_Frequency_Log_AW,TAALES,COCA_spoken_Range_Log_AW,complexity__TAALES__COCA_spoken_Range_Log_AW,0.9629,no,no
TAALES,COCA_spoken_Frequency_Log_CW,complexity__TAALES__COCA_spoken_Frequency_Log_CW,TAALES,COCA_spoken_Range_Log_CW,complexity__TAALES__COCA_spoken_Range_Log_CW,0.9746,no,no
TAALES,COCA_spoken_Trigram_Range,complexity__TAALES__COCA_spoken_Trigram_Range,TAALES,COCA_spoken_Trigram_Frequency,complexity__TAALES__COCA_spoken_Trigram_Frequency,0.9965,no,no
TAALES,COCA_spoken_tri_AC,complexity__TAALES__COCA_spoken_tri_AC,TAALES,COCA_spoken_Trigram_Frequency,complexity__TAALES__COCA_spoken_Trigram_Frequency,0.9863,no,no
TAALES,COCA_spoken_tri_2_AC,complexity__TAALES__COCA_spoken_tri_2_AC,TAALES,COCA_spoken_Trigram_Frequency,complexity__TAALES__COCA_spoken_Trigram_Frequency,0.9822,no,no
TAALES,COCA_spoken_bi_prop_20k,complexity__TAALES__COCA_spoken_bi_prop_20k,TAALES,COCA_spoken_bi_prop_10k,complexity__TAALES__COCA_spoken_bi_prop_10k,0.9583,no,no
TAALES,COCA_spoken_bi_prop_40k,complexity__TAALES__COCA_spoken_bi_prop_40k,TAALES,COCA_spoken_bi_prop_30k,complexity__TAALES__COCA_spoken_bi_prop_30k,0.9786,no,no
TAALES,COCA_spoken_bi_prop_50k,complexity__TAALES__COCA_spoken_bi_prop_50k,TAALES,COCA_spoken_bi_prop_30k,complexity__TAALES__COCA_spoken_bi_prop_30k,0.9632,no,no
TAALES,COCA_spoken_bi_prop_70k,complexity__TAALES__COCA_spoken_bi_prop_70k,TAALES,COCA_spoken_bi_prop_60k,complexity__TAALES__COCA_spoken_bi_prop_60k,0.9907,no,no
TAALES,COCA_spoken_bi_prop_80k,complexity__TAALES__COCA_spoken_bi_prop_80k,TAALES,COCA_spoken_bi_prop_60k,complexity__TAALES__COCA_spoken_bi_prop_60k,0.9839,no,no
TAALES,COCA_spoken_bi_prop_90k,complexity__TAALES__COCA_spoken_bi_prop_90k,TAALES,COCA_spoken_bi_prop_60k,complexity__TAALES__COCA_spoken_bi_prop_60k,0.9777,no,no
TAALES,COCA_spoken_bi_prop_100k,complexity__TAALES__COCA_spoken_bi_prop_100k,TAALES,COCA_spoken_bi_prop_60k,complexity__TAALES__COCA_spoken_bi_prop_60k,0.9725,no,no
TAALES,COCA_spoken_tri_prop_40k,complexity__TAALES__COCA_spoken_tri_prop_40k,TAALES,COCA_spoken_tri_prop_30k,complexity__TAALES__COCA_spoken_tri_prop_30k,0.9735,no,no
TAALES,COCA_spoken_tri_prop_50k,complexity__TAALES__COCA_spoken_tri_prop_50k,TAALES,COCA_spoken_tri_prop_30k,complexity__TAALES__COCA_spoken_tri_prop_30k,0.9554,no,no
TAALES,COCA_spoken_tri_prop_70k,complexity__TAALES__COCA_spoken_tri_prop_70k,TAALES,COCA_spoken_tri_prop_60k,complexity__TAALES__COCA_spoken_tri_prop_60k,0.9872,no,no
TAALES,COCA_spoken_tri_prop_80k,complexity__TAALES__COCA_spoken_tri_prop_80k,TAALES,COCA_spoken_tri_prop_60k,complexity__TAALES__COCA_spoken_tri_prop_60k,0.9786,no,no
TAALES,COCA_spoken_tri_prop_90k,complexity__TAALES__COCA_spoken_tri_prop_90k,TAALES,COCA_spoken_tri_prop_60k,complexity__TAALES__COCA_spoken_tri_prop_60k,0.9701,no,no
TAALES,COCA_spoken_tri_prop_100k,complexity__TAALES__COCA_spoken_tri_prop_100k,TAALES,COCA_spoken_tri_prop_60k,complexity__TAALES__COCA_spoken_tri_prop_60k,0.9632,no,no
TAALES,Freq_N_PH,complexity__TAALES__Freq_N_PH,TAALES,Freq_N_P,complexity__TAALES__Freq_N_P,0.9886,no,no
TAALES,Freq_N_PH_CW,complexity__TAALES__Freq_N_PH_CW,TAALES,Freq_N_P_CW,complexity__TAALES__Freq_N_P_CW,0.9843,no,no
TAALES,Freq_N_PH_FW,complexity__TAALES__Freq_N_PH_FW,TAALES,Freq_N_P_FW,complexity__TAALES__Freq_N_P_FW,0.9939,no,no
TAALES,BNC_Written_Freq_AW,complexity__TAALES__BNC_Written_Freq_AW,TAALES,KF_Freq_AW,complexity__TAALES__KF_Freq_AW,0.9926,no,no
TAALES,COCA_Academic_Frequency_AW,complexity__TAALES__COCA_Academic_Frequency_AW,TAALES,KF_Freq_AW,complexity__TAALES__KF_Freq_AW,0.9823,no,no
TAALES,COCA_news_Frequency_AW,complexity__TAALES__COCA_news_Frequency_AW,TAALES,KF_Freq_AW,complexity__TAALES__KF_Freq_AW,0.9773,no,no
TAALES,COCA_magazine_Frequency_AW,complexity__TAALES__COCA_magazine_Frequency_AW,TAALES,KF_Freq_AW,complexity__TAALES__KF_Freq_AW,0.9713,no,no
TAALES,TL_Freq_AW,complexity__TAALES__TL_Freq_AW,TAALES,KF_Freq_AW,complexity__TAALES__KF_Freq_AW,0.9573,no,no
TAALES,BNC_Written_Freq_CW,complexity__TAALES__BNC_Written_Freq_CW,TAALES,KF_Freq_CW,complexity__TAALES__KF_Freq_CW,0.9771,no,no
TAALES,BNC_Written_Freq_FW,complexity__TAALES__BNC_Written_Freq_FW,TAALES,KF_Freq_FW,complexity__TAALES__KF_Freq_FW,0.9987,no,no
TAALES,COCA_Academic_Frequency_FW,complexity__TAALES__COCA_Academic_Frequency_FW,TAALES,KF_Freq_FW,complexity__TAALES__KF_Freq_FW,0.994,no,no
TAALES,COCA_news_Frequency_FW,complexity__TAALES__COCA_news_Frequency_FW,TAALES,KF_Freq_FW,complexity__TAALES__KF_Freq_FW,0.9925,no,no
TAALES,COCA_magazine_Frequency_FW,complexity__TAALES__COCA_magazine_Frequency_FW,TAALES,KF_Freq_FW,complexity__TAALES__KF_Freq_FW,0.9893,no,no
TAALES,COCA_Academic_Range_FW,complexity__TAALES__COCA_Academic_Range_FW,TAALES,KF_Nsamp_FW,complexity__TAALES__KF_Nsamp_FW,0.9663,no,no
TAALES,MRC_Meaningfulness_FW,complexity__TAALES__MRC_Meaningfulness_FW,TAALES,MRC_Imageability_FW,complexity__TAALES__MRC_Imageability_FW,0.9647,no,no
TAALES,Freq_N_OGH,complexity__TAALES__Freq_N_OGH,TAALES,OG_N_H,complexity__TAALES__OG_N_H,1.0,yes,no
TAALES,Freq_N_OG,complexity__TAALES__Freq_N_OG,TAALES,OG_N_H,complexity__TAALES__OG_N_H,0.9971,no,no
TAALES,Freq_N_OGH_CW,complexity__TAALES__Freq_N_OGH_CW,TAALES,OG_N_H_CW,complexity__TAALES__OG_N_H_CW,1.0,yes,no
TAALES,Freq_N_OG_CW,complexity__TAALES__Freq_N_OG_CW,TAALES,OG_N_H_CW,complexity__TAALES__OG_N_H_CW,0.9943,no,no
TAALES,Freq_N_OGH_FW,complexity__TAALES__Freq_N_OGH_FW,TAALES,OG_N_H_FW,complexity__TAALES__OG_N_H_FW,1.0,yes,no
TAALES,Freq_N_OG_FW,complexity__TAALES__Freq_N_OG_FW,TAALES,OG_N_H_FW,complexity__TAALES__OG_N_H_FW,0.9993,yes,no
TAALES,Phono_N_H,complexity__TAALES__Phono_N_H,TAALES,Phono_N,complexity__TAALES__Phono_N,0.9935,no,no
TAALES,Phono_N_H_CW,complexity__TAALES__Phono_N_H_CW,TAALES,Phono_N_CW,complexity__TAALES__Phono_N_CW,0.992,no,no
TAALES,Phono_N_H_FW,complexity__TAALES__Phono_N_H_FW,TAALES,Phono_N_FW,complexity__TAALES__Phono_N_FW,0.9955,no,no
TAALES,SUBTLEXus_Freq_CW_Log,complexity__TAALES__SUBTLEXus_Freq_CW_Log,TAALES,SUBTLEXus_Range_CW,complexity__TAALES__SUBTLEXus_Range_CW,0.9527,no,no
TAALES,SUBTLEXus_Range_FW_Log,complexity__TAALES__SUBTLEXus_Range_FW_Log,TAALES,SUBTLEXus_Range_FW,complexity__TAALES__SUBTLEXus_Range_FW,0.9989,no,no
TAALES,COCA_fiction_Frequency_FW,complexity__TAALES__COCA_fiction_Frequency_FW,TAALES,TL_Freq_FW,complexity__TAALES__TL_Freq_FW,0.9813,no,no
TAALES,Freq_HAL_FW,complexity__TAALES__Freq_HAL_FW,TAALES,TL_Freq_FW,complexity__TAALES__TL_Freq_FW,0.9632,no,no
TAALES,COCA_spoken_Frequency_FW,complexity__TAALES__COCA_spoken_Frequency_FW,TAALES,TL_Freq_FW,complexity__TAALES__TL_Freq_FW,0.9559,no,no
TAALES,WN_Zscore_CW,complexity__TAALES__WN_Zscore_CW,TAALES,WN_Mean_RT_CW,complexity__TAALES__WN_Mean_RT_CW,0.9524,no,no
TAALES,aoe_inflection_point_polynomial,complexity__TAALES__aoe_inflection_point_polynomial,TAALES,aoe_inverse_average,complexity__TAALES__aoe_inverse_average,0.9637,no,no
TAALES,hyper_verb_Sav_Pav,complexity__TAALES__hyper_verb_Sav_Pav,TAALES,hyper_verb_Sav_P1,complexity__TAALES__hyper_verb_Sav_P1,0.9998,yes,no
TAALES,hyper_verb_noun_Sav_Pav,complexity__TAALES__hyper_verb_noun_Sav_Pav,TAALES,hyper_verb_noun_Sav_P1,complexity__TAALES__hyper_verb_noun_Sav_P1,0.9915,no,no
TAALES_COVERAGE,BNC_Spoken_Freq_AW_Log,complexity__TAALES_COVERAGE__BNC_Spoken_Freq_AW_Log,TAALES_COVERAGE,BNC_Spoken_Freq_AW,complexity__TAALES_COVERAGE__BNC_Spoken_Freq_AW,1.0,yes,no
TAALES_COVERAGE,BNC_Spoken_Range_AW,complexity__TAALES_COVERAGE__BNC_Spoken_Range_AW,TAALES_COVERAGE,BNC_Spoken_Freq_AW,complexity__TAALES_COVERAGE__BNC_Spoken_Freq_AW,1.0,yes,no
TAALES_COVERAGE,BNC_Spoken_Freq_CW,complexity__TAALES_COVERAGE__BNC_Spoken_Freq_CW,TAALES_COVERAGE,BNC_Spoken_Freq_AW,complexity__TAALES_COVERAGE__BNC_Spoken_Freq_AW,0.9907,no,no
TAALES_COVERAGE,BNC_Spoken_Freq_CW_Log,complexity__TAALES_COVERAGE__BNC_Spoken_Freq_CW_Log,TAALES_COVERAGE,BNC_Spoken_Freq_AW,complexity__TAALES_COVERAGE__BNC_Spoken_Freq_AW,0.9907,no,no
TAALES_COVERAGE,BNC_Spoken_Range_CW,complexity__TAALES_COVERAGE__BNC_Spoken_Range_CW,TAALES_COVERAGE,BNC_Spoken_Freq_AW,complexity__TAALES_COVERAGE__BNC_Spoken_Freq_AW,0.9907,no,no
TAALES_COVERAGE,BNC_Written_Freq_AW_Log,complexity__TAALES_COVERAGE__BNC_Written_Freq_AW_Log,TAALES_COVERAGE,BNC_Written_Freq_AW,complexity__TAALES_COVERAGE__BNC_Written_Freq_AW,1.0,yes,no
TAALES_COVERAGE,BNC_Written_Range_AW,complexity__TAALES_COVERAGE__BNC_Written_Range_AW,TAALES_COVERAGE,BNC_Written_Freq_AW,complexity__TAALES_COVERAGE__BNC_Written_Freq_AW,1.0,yes,no
TAALES_COVERAGE,BNC_Written_Freq_CW,complexity__TAALES_COVERAGE__BNC_Written_Freq_CW,TAALES_COVERAGE,BNC_Written_Freq_AW,complexity__TAALES_COVERAGE__BNC_Written_Freq_AW,0.993,no,no
TAALES_COVERAGE,BNC_Written_Freq_CW_Log,complexity__TAALES_COVERAGE__BNC_Written_Freq_CW_Log,TAALES_COVERAGE,BNC_Written_Freq_AW,complexity__TAALES_COVERAGE__BNC_Written_Freq_AW,0.993,no,no
TAALES_COVERAGE,BNC_Written_Range_CW,complexity__TAALES_COVERAGE__BNC_Written_Range_CW,TAALES_COVERAGE,BNC_Written_Freq_AW,complexity__TAALES_COVERAGE__BNC_Written_Freq_AW,0.993,no,no
TAALES_COVERAGE,Brown_Freq_AW_Log,complexity__TAALES_COVERAGE__Brown_Freq_AW_Log,TAALES_COVERAGE,Brown_Freq_AW,complexity__TAALES_COVERAGE__Brown_Freq_AW,1.0,yes,no
TAALES_COVERAGE,Brown_Freq_CW,complexity__TAALES_COVERAGE__Brown_Freq_CW,TAALES_COVERAGE,Brown_Freq_AW,complexity__TAALES_COVERAGE__Brown_Freq_AW,0.9757,no,no
TAALES_COVERAGE,Brown_Freq_CW_Log,complexity__TAALES_COVERAGE__Brown_Freq_CW_Log,TAALES_COVERAGE,Brown_Freq_AW,complexity__TAALES_COVERAGE__Brown_Freq_AW,0.9757,no,no
TAALES_COVERAGE,Brown_Freq_FW_Log,complexity__TAALES_COVERAGE__Brown_Freq_FW_Log,TAALES_COVERAGE,Brown_Freq_FW,complexity__TAALES_COVERAGE__Brown_Freq_FW,1.0,yes,no
TAALES_COVERAGE,COCA_Academic_Frequency_AW,complexity__TAALES_COVERAGE__COCA_Academic_Frequency_AW,TAALES_COVERAGE,COCA_Academic_Range_AW,complexity__TAALES_COVERAGE__COCA_Academic_Range_AW,1.0,yes,no
TAALES_COVERAGE,COCA_Academic_Frequency_Log_AW,complexity__TAALES_COVERAGE__COCA_Academic_Frequency_Log_AW,TAALES_COVERAGE,COCA_Academic_Range_AW,complexity__TAALES_COVERAGE__COCA_Academic_Range_AW,1.0,yes,no
TAALES_COVERAGE,COCA_Academic_Range_Log_AW,complexity__TAALES_COVERAGE__COCA_Academic_Range_Log_AW,TAALES_COVERAGE,COCA_Academic_Range_AW,complexity__TAALES_COVERAGE__COCA_Academic_Range_AW,1.0,yes,no
TAALES_COVERAGE,COCA_Academic_Frequency_CW,complexity__TAALES_COVERAGE__COCA_Academic_Frequency_CW,TAALES_COVERAGE,COCA_Academic_Range_AW,complexity__TAALES_COVERAGE__COCA_Academic_Range_AW,0.9926,no,no
TAALES_COVERAGE,COCA_Academic_Frequency_Log_CW,complexity__TAALES_COVERAGE__COCA_Academic_Frequency_Log_CW,TAALES_COVERAGE,COCA_Academic_Range_AW,complexity__TAALES_COVERAGE__COCA_Academic_Range_AW,0.9926,no,no
TAALES_COVERAGE,COCA_Academic_Range_CW,complexity__TAALES_COVERAGE__COCA_Academic_Range_CW,TAALES_COVERAGE,COCA_Academic_Range_AW,complexity__TAALES_COVERAGE__COCA_Academic_Range_AW,0.9926,no,no
TAALES_COVERAGE,COCA_Academic_Range_Log_CW,complexity__TAALES_COVERAGE__COCA_Academic_Range_Log_CW,TAALES_COVERAGE,COCA_Academic_Range_AW,complexity__TAALES_COVERAGE__COCA_Academic_Range_AW,0.9926,no,no
TAALES_COVERAGE,COCA_magazine_Frequency_AW,complexity__TAALES_COVERAGE__COCA_magazine_Frequency_AW,TAALES_COVERAGE,COCA_Academic_Range_AW,complexity__TAALES_COVERAGE__COCA_Academic_Range_AW,0.978,no,no
TAALES_COVERAGE,COCA_magazine_Frequency_Log_AW,complexity__TAALES_COVERAGE__COCA_magazine_Frequency_Log_AW,TAALES_COVERAGE,COCA_Academic_Range_AW,complexity__TAALES_COVERAGE__COCA_Academic_Range_AW,0.978,no,no
TAALES_COVERAGE,COCA_magazine_Range_AW,complexity__TAALES_COVERAGE__COCA_magazine_Range_AW,TAALES_COVERAGE,COCA_Academic_Range_AW,complexity__TAALES_COVERAGE__COCA_Academic_Range_AW,0.978,no,no
TAALES_COVERAGE,COCA_magazine_Range_Log_AW,complexity__TAALES_COVERAGE__COCA_magazine_Range_Log_AW,TAALES_COVERAGE,COCA_Academic_Range_AW,complexity__TAALES_COVERAGE__COCA_Academic_Range_AW,0.978,no,no
TAALES_COVERAGE,COCA_news_Frequency_AW,complexity__TAALES_COVERAGE__COCA_news_Frequency_AW,TAALES_COVERAGE,COCA_Academic_Range_AW,complexity__TAALES_COVERAGE__COCA_Academic_Range_AW,0.9737,no,no
TAALES_COVERAGE,COCA_news_Frequency_Log_AW,complexity__TAALES_COVERAGE__COCA_news_Frequency_Log_AW,TAALES_COVERAGE,COCA_Academic_Range_AW,complexity__TAALES_COVERAGE__COCA_Academic_Range_AW,0.9737,no,no
TAALES_COVERAGE,COCA_news_Range_AW,complexity__TAALES_COVERAGE__COCA_news_Range_AW,TAALES_COVERAGE,COCA_Academic_Range_AW,complexity__TAALES_COVERAGE__COCA_Academic_Range_AW,0.9737,no,no
TAALES_COVERAGE,COCA_news_Range_Log_AW,complexity__TAALES_COVERAGE__COCA_news_Range_Log_AW,TAALES_COVERAGE,COCA_Academic_Range_AW,complexity__TAALES_COVERAGE__COCA_Academic_Range_AW,0.9737,no,no
TAALES_COVERAGE,COCA_magazine_Frequency_CW,complexity__TAALES_COVERAGE__COCA_magazine_Frequency_CW,TAALES_COVERAGE,COCA_Academic_Range_AW,complexity__TAALES_COVERAGE__COCA_Academic_Range_AW,0.9703,no,no
TAALES_COVERAGE,COCA_magazine_Frequency_Log_CW,complexity__TAALES_COVERAGE__COCA_magazine_Frequency_Log_CW,TAALES_COVERAGE,COCA_Academic_Range_AW,complexity__TAALES_COVERAGE__COCA_Academic_Range_AW,0.9703,no,no
TAALES_COVERAGE,COCA_magazine_Range_CW,complexity__TAALES_COVERAGE__COCA_magazine_Range_CW,TAALES_COVERAGE,COCA_Academic_Range_AW,complexity__TAALES_COVERAGE__COCA_Academic_Range_AW,0.9703,no,no
TAALES_COVERAGE,COCA_magazine_Range_Log_CW,complexity__TAALES_COVERAGE__COCA_magazine_Range_Log_CW,TAALES_COVERAGE,COCA_Academic_Range_AW,complexity__TAALES_COVERAGE__COCA_Academic_Range_AW,0.9703,no,no
TAALES_COVERAGE,COCA_news_Frequency_CW,complexity__TAALES_COVERAGE__COCA_news_Frequency_CW,TAALES_COVERAGE,COCA_Academic_Range_AW,complexity__TAALES_COVERAGE__COCA_Academic_Range_AW,0.9655,no,no
TAALES_COVERAGE,COCA_news_Frequency_Log_CW,complexity__TAALES_COVERAGE__COCA_news_Frequency_Log_CW,TAALES_COVERAGE,COCA_Academic_Range_AW,complexity__TAALES_COVERAGE__COCA_Academic_Range_AW,0.9655,no,no
TAALES_COVERAGE,COCA_news_Range_CW,complexity__TAALES_COVERAGE__COCA_news_Range_CW,TAALES_COVERAGE,COCA_Academic_Range_AW,complexity__TAALES_COVERAGE__COCA_Academic_Range_AW,0.9655,no,no
TAALES_COVERAGE,COCA_news_Range_Log_CW,complexity__TAALES_COVERAGE__COCA_news_Range_Log_CW,TAALES_COVERAGE,COCA_Academic_Range_AW,complexity__TAALES_COVERAGE__COCA_Academic_Range_AW,0.9655,no,no
TAALES_COVERAGE,COCA_Academic_Trigram_Frequency_Log,complexity__TAALES_COVERAGE__COCA_Academic_Trigram_Frequency_Log,TAALES_COVERAGE,COCA_Academic_Trigram_Frequency,complexity__TAALES_COVERAGE__COCA_Academic_Trigram_Frequency,1.0,yes,no
TAALES_COVERAGE,COCA_Academic_Trigram_Range,complexity__TAALES_COVERAGE__COCA_Academic_Trigram_Range,TAALES_COVERAGE,COCA_Academic_Trigram_Frequency,complexity__TAALES_COVERAGE__COCA_Academic_Trigram_Frequency,1.0,yes,no
TAALES_COVERAGE,COCA_Academic_Trigram_Range_Log,complexity__TAALES_COVERAGE__COCA_Academic_Trigram_Range_Log,TAALES_COVERAGE,COCA_Academic_Trigram_Frequency,complexity__TAALES_COVERAGE__COCA_Academic_Trigram_Frequency,1.0,yes,no
TAALES_COVERAGE,COCA_academic_tri_AC,complexity__TAALES_COVERAGE__COCA_academic_tri_AC,TAALES_COVERAGE,COCA_Academic_Trigram_Frequency,complexity__TAALES_COVERAGE__COCA_Academic_Trigram_Frequency,0.9987,no,no
TAALES_COVERAGE,COCA_academic_tri_DP,complexity__TAALES_COVERAGE__COCA_academic_tri_DP,TAALES_COVERAGE,COCA_Academic_Trigram_Frequency,complexity__TAALES_COVERAGE__COCA_Academic_Trigram_Frequency,0.9987,no,no
TAALES_COVERAGE,COCA_academic_tri_MI,complexity__TAALES_COVERAGE__COCA_academic_tri_MI,TAALES_COVERAGE,COCA_Academic_Trigram_Frequency,complexity__TAALES_COVERAGE__COCA_Academic_Trigram_Frequency,0.9987,no,no
TAALES_COVERAGE,COCA_academic_tri_MI2,complexity__TAALES_COVERAGE__COCA_academic_tri_MI2,TAALES_COVERAGE,COCA_Academic_Trigram_Frequency,complexity__TAALES_COVERAGE__COCA_Academic_Trigram_Frequency,0.9987,no,no
TAALES_COVERAGE,COCA_academic_tri_T,complexity__TAALES_COVERAGE__COCA_academic_tri_T,TAALES_COVERAGE,COCA_Academic_Trigram_Frequency,complexity__TAALES_COVERAGE__COCA_Academic_Trigram_Frequency,0.9987,no,no
TAALES_COVERAGE,COCA_academic_tri_2_AC,complexity__TAALES_COVERAGE__COCA_academic_tri_2_AC,TAALES_COVERAGE,COCA_Academic_Trigram_Frequency,complexity__TAALES_COVERAGE__COCA_Academic_Trigram_Frequency,0.998,no,no
TAALES_COVERAGE,COCA_academic_tri_2_DP,complexity__TAALES_COVERAGE__COCA_academic_tri_2_DP,TAALES_COVERAGE,COCA_Academic_Trigram_Frequency,complexity__TAALES_COVERAGE__COCA_Academic_Trigram_Frequency,0.998,no,no
TAALES_COVERAGE,COCA_academic_tri_2_MI,complexity__TAALES_COVERAGE__COCA_academic_tri_2_MI,TAALES_COVERAGE,COCA_Academic_Trigram_Frequency,complexity__TAALES_COVERAGE__COCA_Academic_Trigram_Frequency,0.998,no,no
TAALES_COVERAGE,COCA_academic_tri_2_MI2,complexity__TAALES_COVERAGE__COCA_academic_tri_2_MI2,TAALES_COVERAGE,COCA_Academic_Trigram_Frequency,complexity__TAALES_COVERAGE__COCA_Academic_Trigram_Frequency,0.998,no,no
TAALES_COVERAGE,COCA_academic_tri_2_T,complexity__TAALES_COVERAGE__COCA_academic_tri_2_T,TAALES_COVERAGE,COCA_Academic_Trigram_Frequency,complexity__TAALES_COVERAGE__COCA_Academic_Trigram_Frequency,0.998,no,no
TAALES_COVERAGE,COCA_Fiction_Trigram_Frequency_Log,complexity__TAALES_COVERAGE__COCA_Fiction_Trigram_Frequency_Log,TAALES_COVERAGE,COCA_Fiction_Trigram_Frequency,complexity__TAALES_COVERAGE__COCA_Fiction_Trigram_Frequency,1.0,yes,no
TAALES_COVERAGE,COCA_Fiction_Trigram_Range,complexity__TAALES_COVERAGE__COCA_Fiction_Trigram_Range,TAALES_COVERAGE,COCA_Fiction_Trigram_Frequency,complexity__TAALES_COVERAGE__COCA_Fiction_Trigram_Frequency,1.0,yes,no
TAALES_COVERAGE,COCA_Fiction_Trigram_Range_Log,complexity__TAALES_COVERAGE__COCA_Fiction_Trigram_Range_Log,TAALES_COVERAGE,COCA_Fiction_Trigram_Frequency,complexity__TAALES_COVERAGE__COCA_Fiction_Trigram_Frequency,1.0,yes,no
TAALES_COVERAGE,COCA_fiction_tri_AC,complexity__TAALES_COVERAGE__COCA_fiction_tri_AC,TAALES_COVERAGE,COCA_Fiction_Trigram_Frequency,complexity__TAALES_COVERAGE__COCA_Fiction_Trigram_Frequency,0.9999,yes,no
TAALES_COVERAGE,COCA_fiction_tri_DP,complexity__TAALES_COVERAGE__COCA_fiction_tri_DP,TAALES_COVERAGE,COCA_Fiction_Trigram_Frequency,complexity__TAALES_COVERAGE__COCA_Fiction_Trigram_Frequency,0.9999,yes,no
TAALES_COVERAGE,COCA_fiction_tri_MI,complexity__TAALES_COVERAGE__COCA_fiction_tri_MI,TAALES_COVERAGE,COCA_Fiction_Trigram_Frequency,complexity__TAALES_COVERAGE__COCA_Fiction_Trigram_Frequency,0.9999,yes,no
TAALES_COVERAGE,COCA_fiction_tri_MI2,complexity__TAALES_COVERAGE__COCA_fiction_tri_MI2,TAALES_COVERAGE,COCA_Fiction_Trigram_Frequency,complexity__TAALES_COVERAGE__COCA_Fiction_Trigram_Frequency,0.9999,yes,no
TAALES_COVERAGE,COCA_fiction_tri_T,complexity__TAALES_COVERAGE__COCA_fiction_tri_T,TAALES_COVERAGE,COCA_Fiction_Trigram_Frequency,complexity__TAALES_COVERAGE__COCA_Fiction_Trigram_Frequency,0.9999,yes,no
TAALES_COVERAGE,COCA_fiction_tri_2_AC,complexity__TAALES_COVERAGE__COCA_fiction_tri_2_AC,TAALES_COVERAGE,COCA_Fiction_Trigram_Frequency,complexity__TAALES_COVERAGE__COCA_Fiction_Trigram_Frequency,0.9984,no,no
TAALES_COVERAGE,COCA_fiction_tri_2_DP,complexity__TAALES_COVERAGE__COCA_fiction_tri_2_DP,TAALES_COVERAGE,COCA_Fiction_Trigram_Frequency,complexity__TAALES_COVERAGE__COCA_Fiction_Trigram_Frequency,0.9984,no,no
TAALES_COVERAGE,COCA_fiction_tri_2_MI,complexity__TAALES_COVERAGE__COCA_fiction_tri_2_MI,TAALES_COVERAGE,COCA_Fiction_Trigram_Frequency,complexity__TAALES_COVERAGE__COCA_Fiction_Trigram_Frequency,0.9984,no,no
TAALES_COVERAGE,COCA_fiction_tri_2_MI2,complexity__TAALES_COVERAGE__COCA_fiction_tri_2_MI2,TAALES_COVERAGE,COCA_Fiction_Trigram_Frequency,complexity__TAALES_COVERAGE__COCA_Fiction_Trigram_Frequency,0.9984,no,no
TAALES_COVERAGE,COCA_fiction_tri_2_T,complexity__TAALES_COVERAGE__COCA_fiction_tri_2_T,TAALES_COVERAGE,COCA_Fiction_Trigram_Frequency,complexity__TAALES_COVERAGE__COCA_Fiction_Trigram_Frequency,0.9984,no,no
TAALES_COVERAGE,COCA_fiction_Frequency_AW,complexity__TAALES_COVERAGE__COCA_fiction_Frequency_AW,TAALES_COVERAGE,COCA_fiction_Range_AW,complexity__TAALES_COVERAGE__COCA_fiction_Range_AW,1.0,yes,no
TAALES_COVERAGE,COCA_fiction_Frequency_Log_AW,complexity__TAALES_COVERAGE__COCA_fiction_Frequency_Log_AW,TAALES_COVERAGE,COCA_fiction_Range_AW,complexity__TAALES_COVERAGE__COCA_fiction_Range_AW,1.0,yes,no
TAALES_COVERAGE,COCA_fiction_Range_Log_AW,complexity__TAALES_COVERAGE__COCA_fiction_Range_Log_AW,TAALES_COVERAGE,COCA_fiction_Range_AW,complexity__TAALES_COVERAGE__COCA_fiction_Range_AW,1.0,yes,no
TAALES_COVERAGE,COCA_fiction_Frequency_CW,complexity__TAALES_COVERAGE__COCA_fiction_Frequency_CW,TAALES_COVERAGE,COCA_fiction_Range_AW,complexity__TAALES_COVERAGE__COCA_fiction_Range_AW,0.9938,no,no
TAALES_COVERAGE,COCA_fiction_Frequency_Log_CW,complexity__TAALES_COVERAGE__COCA_fiction_Frequency_Log_CW,TAALES_COVERAGE,COCA_fiction_Range_AW,complexity__TAALES_COVERAGE__COCA_fiction_Range_AW,0.9938,no,no
TAALES_COVERAGE,COCA_fiction_Range_CW,complexity__TAALES_COVERAGE__COCA_fiction_Range_CW,TAALES_COVERAGE,COCA_fiction_Range_AW,complexity__TAALES_COVERAGE__COCA_fiction_Range_AW,0.9938,no,no
TAALES_COVERAGE,COCA_fiction_Range_Log_CW,complexity__TAALES_COVERAGE__COCA_fiction_Range_Log_CW,TAALES_COVERAGE,COCA_fiction_Range_AW,complexity__TAALES_COVERAGE__COCA_fiction_Range_AW,0.9938,no,no
TAALES_COVERAGE,COCA_spoken_Frequency_AW,complexity__TAALES_COVERAGE__COCA_spoken_Frequency_AW,TAALES_COVERAGE,COCA_fiction_Range_AW,complexity__TAALES_COVERAGE__COCA_fiction_Range_AW,0.951,no,no
TAALES_COVERAGE,COCA_spoken_Frequency_Log_AW,complexity__TAALES_COVERAGE__COCA_spoken_Frequency_Log_AW,TAALES_COVERAGE,COCA_fiction_Range_AW,complexity__TAALES_COVERAGE__COCA_fiction_Range_AW,0.951,no,no
TAALES_COVERAGE,COCA_spoken_Range_AW,complexity__TAALES_COVERAGE__COCA_spoken_Range_AW,TAALES_COVERAGE,COCA_fiction_Range_AW,complexity__TAALES_COVERAGE__COCA_fiction_Range_AW,0.951,no,no
TAALES_COVERAGE,COCA_spoken_Range_Log_AW,complexity__TAALES_COVERAGE__COCA_spoken_Range_Log_AW,TAALES_COVERAGE,COCA_fiction_Range_AW,complexity__TAALES_COVERAGE__COCA_fiction_Range_AW,0.951,no,no
TAALES_COVERAGE,COCA_spoken_Bigram_Frequency_Log,complexity__TAALES_COVERAGE__COCA_spoken_Bigram_Frequency_Log,TAALES_COVERAGE,COCA_spoken_Bigram_Frequency,complexity__TAALES_COVERAGE__COCA_spoken_Bigram_Frequency,1.0,yes,no
TAALES_COVERAGE,COCA_spoken_Bigram_Range,complexity__TAALES_COVERAGE__COCA_spoken_Bigram_Range,TAALES_COVERAGE,COCA_spoken_Bigram_Frequency,complexity__TAALES_COVERAGE__COCA_spoken_Bigram_Frequency,1.0,yes,no
TAALES_COVERAGE,COCA_spoken_Bigram_Range_Log,complexity__TAALES_COVERAGE__COCA_spoken_Bigram_Range_Log,TAALES_COVERAGE,COCA_spoken_Bigram_Frequency,complexity__TAALES_COVERAGE__COCA_spoken_Bigram_Frequency,1.0,yes,no
TAALES_COVERAGE,COCA_spoken_bi_AC,complexity__TAALES_COVERAGE__COCA_spoken_bi_AC,TAALES_COVERAGE,COCA_spoken_Bigram_Frequency,complexity__TAALES_COVERAGE__COCA_spoken_Bigram_Frequency,1.0,yes,no
TAALES_COVERAGE,COCA_spoken_bi_DP,complexity__TAALES_COVERAGE__COCA_spoken_bi_DP,TAALES_COVERAGE,COCA_spoken_Bigram_Frequency,complexity__TAALES_COVERAGE__COCA_spoken_Bigram_Frequency,1.0,yes,no
TAALES_COVERAGE,COCA_spoken_bi_MI,complexity__TAALES_COVERAGE__COCA_spoken_bi_MI,TAALES_COVERAGE,COCA_spoken_Bigram_Frequency,complexity__TAALES_COVERAGE__COCA_spoken_Bigram_Frequency,1.0,yes,no
TAALES_COVERAGE,COCA_spoken_bi_MI2,complexity__TAALES_COVERAGE__COCA_spoken_bi_MI2,TAALES_COVERAGE,COCA_spoken_Bigram_Frequency,complexity__TAALES_COVERAGE__COCA_spoken_Bigram_Frequency,1.0,yes,no
TAALES_COVERAGE,COCA_spoken_bi_T,complexity__TAALES_COVERAGE__COCA_spoken_bi_T,TAALES_COVERAGE,COCA_spoken_Bigram_Frequency,complexity__TAALES_COVERAGE__COCA_spoken_Bigram_Frequency,1.0,yes,no
TAALES_COVERAGE,COCA_spoken_Frequency_CW,complexity__TAALES_COVERAGE__COCA_spoken_Frequency_CW,TAALES_COVERAGE,COCA_spoken_Range_CW,complexity__TAALES_COVERAGE__COCA_spoken_Range_CW,1.0,yes,no
TAALES_COVERAGE,COCA_spoken_Frequency_Log_CW,complexity__TAALES_COVERAGE__COCA_spoken_Frequency_Log_CW,TAALES_COVERAGE,COCA_spoken_Range_CW,complexity__TAALES_COVERAGE__COCA_spoken_Range_CW,1.0,yes,no
TAALES_COVERAGE,COCA_spoken_Range_Log_CW,complexity__TAALES_COVERAGE__COCA_spoken_Range_Log_CW,TAALES_COVERAGE,COCA_spoken_Range_CW,complexity__TAALES_COVERAGE__COCA_spoken_Range_CW,1.0,yes,no
TAALES_COVERAGE,COCA_spoken_Trigram_Frequency_Log,complexity__TAALES_COVERAGE__COCA_spoken_Trigram_Frequency_Log,TAALES_COVERAGE,COCA_spoken_Trigram_Frequency,complexity__TAALES_COVERAGE__COCA_spoken_Trigram_Frequency,1.0,yes,no
TAALES_COVERAGE,COCA_spoken_Trigram_Range,complexity__TAALES_COVERAGE__COCA_spoken_Trigram_Range,TAALES_COVERAGE,COCA_spoken_Trigram_Frequency,complexity__TAALES_COVERAGE__COCA_spoken_Trigram_Frequency,1.0,yes,no
TAALES_COVERAGE,COCA_spoken_Trigram_Range_Log,complexity__TAALES_COVERAGE__COCA_spoken_Trigram_Range_Log,TAALES_COVERAGE,COCA_spoken_Trigram_Frequency,complexity__TAALES_COVERAGE__COCA_spoken_Trigram_Frequency,1.0,yes,no
TAALES_COVERAGE,COCA_spoken_tri_2_AC,complexity__TAALES_COVERAGE__COCA_spoken_tri_2_AC,TAALES_COVERAGE,COCA_spoken_Trigram_Frequency,complexity__TAALES_COVERAGE__COCA_spoken_Trigram_Frequency,1.0,yes,no
TAALES_COVERAGE,COCA_spoken_tri_2_DP,complexity__TAALES_COVERAGE__COCA_spoken_tri_2_DP,TAALES_COVERAGE,COCA_spoken_Trigram_Frequency,complexity__TAALES_COVERAGE__COCA_spoken_Trigram_Frequency,1.0,yes,no
TAALES_COVERAGE,COCA_spoken_tri_2_MI,complexity__TAALES_COVERAGE__COCA_spoken_tri_2_MI,TAALES_COVERAGE,COCA_spoken_Trigram_Frequency,complexity__TAALES_COVERAGE__COCA_spoken_Trigram_Frequency,1.0,yes,no
TAALES_COVERAGE,COCA_spoken_tri_2_MI2,complexity__TAALES_COVERAGE__COCA_spoken_tri_2_MI2,TAALES_COVERAGE,COCA_spoken_Trigram_Frequency,complexity__TAALES_COVERAGE__COCA_spoken_Trigram_Frequency,1.0,yes,no
TAALES_COVERAGE,COCA_spoken_tri_2_T,complexity__TAALES_COVERAGE__COCA_spoken_tri_2_T,TAALES_COVERAGE,COCA_spoken_Trigram_Frequency,complexity__TAALES_COVERAGE__COCA_spoken_Trigram_Frequency,1.0,yes,no
TAALES_COVERAGE,COCA_spoken_tri_AC,complexity__TAALES_COVERAGE__COCA_spoken_tri_AC,TAALES_COVERAGE,COCA_spoken_Trigram_Frequency,complexity__TAALES_COVERAGE__COCA_spoken_Trigram_Frequency,1.0,yes,no
TAALES_COVERAGE,COCA_spoken_tri_DP,complexity__TAALES_COVERAGE__COCA_spoken_tri_DP,TAALES_COVERAGE,COCA_spoken_Trigram_Frequency,complexity__TAALES_COVERAGE__COCA_spoken_Trigram_Frequency,1.0,yes,no
TAALES_COVERAGE,COCA_spoken_tri_MI,complexity__TAALES_COVERAGE__COCA_spoken_tri_MI,TAALES_COVERAGE,COCA_spoken_Trigram_Frequency,complexity__TAALES_COVERAGE__COCA_spoken_Trigram_Frequency,1.0,yes,no
TAALES_COVERAGE,COCA_spoken_tri_MI2,complexity__TAALES_COVERAGE__COCA_spoken_tri_MI2,TAALES_COVERAGE,COCA_spoken_Trigram_Frequency,complexity__TAALES_COVERAGE__COCA_spoken_Trigram_Frequency,1.0,yes,no
TAALES_COVERAGE,COCA_spoken_tri_T,complexity__TAALES_COVERAGE__COCA_spoken_tri_T,TAALES_COVERAGE,COCA_spoken_Trigram_Frequency,complexity__TAALES_COVERAGE__COCA_spoken_Trigram_Frequency,1.0,yes,no
TAALES_COVERAGE,Log_Freq_HAL,complexity__TAALES_COVERAGE__Log_Freq_HAL,TAALES_COVERAGE,Freq_HAL,complexity__TAALES_COVERAGE__Freq_HAL,1.0,yes,no
TAALES_COVERAGE,OG_N,complexity__TAALES_COVERAGE__OG_N,TAALES_COVERAGE,Freq_HAL,complexity__TAALES_COVERAGE__Freq_HAL,1.0,yes,no
TAALES_COVERAGE,Ortho_N,complexity__TAALES_COVERAGE__Ortho_N,TAALES_COVERAGE,Freq_HAL,complexity__TAALES_COVERAGE__Freq_HAL,1.0,yes,no
TAALES_COVERAGE,Phono_N,complexity__TAALES_COVERAGE__Phono_N,TAALES_COVERAGE,Freq_HAL,complexity__TAALES_COVERAGE__Freq_HAL,1.0,yes,no
TAALES_COVERAGE,Phono_N_H,complexity__TAALES_COVERAGE__Phono_N_H,TAALES_COVERAGE,Freq_HAL,complexity__TAALES_COVERAGE__Freq_HAL,1.0,yes,no
TAALES_COVERAGE,Freq_HAL_CW,complexity__TAALES_COVERAGE__Freq_HAL_CW,TAALES_COVERAGE,Freq_HAL,complexity__TAALES_COVERAGE__Freq_HAL,0.9914,no,no
TAALES_COVERAGE,Log_Freq_HAL_CW,complexity__TAALES_COVERAGE__Log_Freq_HAL_CW,TAALES_COVERAGE,Freq_HAL,complexity__TAALES_COVERAGE__Freq_HAL,0.9914,no,no
TAALES_COVERAGE,OG_N_CW,complexity__TAALES_COVERAGE__OG_N_CW,TAALES_COVERAGE,Freq_HAL,complexity__TAALES_COVERAGE__Freq_HAL,0.9914,no,no
TAALES_COVERAGE,Ortho_N_CW,complexity__TAALES_COVERAGE__Ortho_N_CW,TAALES_COVERAGE,Freq_HAL,complexity__TAALES_COVERAGE__Freq_HAL,0.9914,no,no
TAALES_COVERAGE,Phono_N_CW,complexity__TAALES_COVERAGE__Phono_N_CW,TAALES_COVERAGE,Freq_HAL,complexity__TAALES_COVERAGE__Freq_HAL,0.9914,no,no
TAALES_COVERAGE,Phono_N_H_CW,complexity__TAALES_COVERAGE__Phono_N_H_CW,TAALES_COVERAGE,Freq_HAL,complexity__TAALES_COVERAGE__Freq_HAL,0.9914,no,no
TAALES_COVERAGE,BG_Mean_CW,complexity__TAALES_COVERAGE__BG_Mean_CW,TAALES_COVERAGE,Freq_HAL,complexity__TAALES_COVERAGE__Freq_HAL,0.9904,no,no
TAALES_COVERAGE,LD_Mean_Accuracy,complexity__TAALES_COVERAGE__LD_Mean_Accuracy,TAALES_COVERAGE,Freq_HAL,complexity__TAALES_COVERAGE__Freq_HAL,0.9766,no,no
TAALES_COVERAGE,LD_Mean_RT,complexity__TAALES_COVERAGE__LD_Mean_RT,TAALES_COVERAGE,Freq_HAL,complexity__TAALES_COVERAGE__Freq_HAL,0.9748,no,no
TAALES_COVERAGE,LD_Mean_RT_SD,complexity__TAALES_COVERAGE__LD_Mean_RT_SD,TAALES_COVERAGE,Freq_HAL,complexity__TAALES_COVERAGE__Freq_HAL,0.9748,no,no
TAALES_COVERAGE,LD_Mean_RT_Zscore,complexity__TAALES_COVERAGE__LD_Mean_RT_Zscore,TAALES_COVERAGE,Freq_HAL,complexity__TAALES_COVERAGE__Freq_HAL,0.9748,no,no
TAALES_COVERAGE,WN_Mean_Accuracy,complexity__TAALES_COVERAGE__WN_Mean_Accuracy,TAALES_COVERAGE,Freq_HAL,complexity__TAALES_COVERAGE__Freq_HAL,0.9748,no,no
TAALES_COVERAGE,WN_Mean_RT,complexity__TAALES_COVERAGE__WN_Mean_RT,TAALES_COVERAGE,Freq_HAL,complexity__TAALES_COVERAGE__Freq_HAL,0.9748,no,no
TAALES_COVERAGE,WN_SD,complexity__TAALES_COVERAGE__WN_SD,TAALES_COVERAGE,Freq_HAL,complexity__TAALES_COVERAGE__Freq_HAL,0.9748,no,no
TAALES_COVERAGE,WN_Zscore,complexity__TAALES_COVERAGE__WN_Zscore,TAALES_COVERAGE,Freq_HAL,complexity__TAALES_COVERAGE__Freq_HAL,0.9748,no,no
TAALES_COVERAGE,LD_Mean_Accuracy_CW,complexity__TAALES_COVERAGE__LD_Mean_Accuracy_CW,TAALES_COVERAGE,Freq_HAL,complexity__TAALES_COVERAGE__Freq_HAL,0.9679,no,no
TAALES_COVERAGE,LD_Mean_RT_CW,complexity__TAALES_COVERAGE__LD_Mean_RT_CW,TAALES_COVERAGE,Freq_HAL,complexity__TAALES_COVERAGE__Freq_HAL,0.9663,no,no
TAALES_COVERAGE,LD_Mean_RT_SD_CW,complexity__TAALES_COVERAGE__LD_Mean_RT_SD_CW,TAALES_COVERAGE,Freq_HAL,complexity__TAALES_COVERAGE__Freq_HAL,0.9663,no,no
TAALES_COVERAGE,LD_Mean_RT_Zscore_CW,complexity__TAALES_COVERAGE__LD_Mean_RT_Zscore_CW,TAALES_COVERAGE,Freq_HAL,complexity__TAALES_COVERAGE__Freq_HAL,0.9663,no,no
TAALES_COVERAGE,WN_Mean_Accuracy_CW,complexity__TAALES_COVERAGE__WN_Mean_Accuracy_CW,TAALES_COVERAGE,Freq_HAL,complexity__TAALES_COVERAGE__Freq_HAL,0.9663,no,no
TAALES_COVERAGE,WN_Mean_RT_CW,complexity__TAALES_COVERAGE__WN_Mean_RT_CW,TAALES_COVERAGE,Freq_HAL,complexity__TAALES_COVERAGE__Freq_HAL,0.9663,no,no
TAALES_COVERAGE,WN_SD_CW,complexity__TAALES_COVERAGE__WN_SD_CW,TAALES_COVERAGE,Freq_HAL,complexity__TAALES_COVERAGE__Freq_HAL,0.9663,no,no
TAALES_COVERAGE,WN_Zscore_CW,complexity__TAALES_COVERAGE__WN_Zscore_CW,TAALES_COVERAGE,Freq_HAL,complexity__TAALES_COVERAGE__Freq_HAL,0.9663,no,no
TAALES_COVERAGE,Freq_N_CW,complexity__TAALES_COVERAGE__Freq_N_CW,TAALES_COVERAGE,Freq_N,complexity__TAALES_COVERAGE__Freq_N,0.9508,no,no
TAALES_COVERAGE,Freq_N_PH,complexity__TAALES_COVERAGE__Freq_N_PH,TAALES_COVERAGE,Freq_N_P,complexity__TAALES_COVERAGE__Freq_N_P,0.9936,no,no
TAALES_COVERAGE,Freq_N_P_CW,complexity__TAALES_COVERAGE__Freq_N_P_CW,TAALES_COVERAGE,Freq_N_P,complexity__TAALES_COVERAGE__Freq_N_P,0.9639,no,no
TAALES_COVERAGE,Freq_N_PH_CW,complexity__TAALES_COVERAGE__Freq_N_PH_CW,TAALES_COVERAGE,Freq_N_P,complexity__TAALES_COVERAGE__Freq_N_P,0.9576,no,no
TAALES_COVERAGE,Freq_N_PH_FW,complexity__TAALES_COVERAGE__Freq_N_PH_FW,TAALES_COVERAGE,Freq_N_P_FW,complexity__TAALES_COVERAGE__Freq_N_P_FW,1.0,yes,no
TAALES_COVERAGE,KF_Freq_AW_Log,complexity__TAALES_COVERAGE__KF_Freq_AW_Log,TAALES_COVERAGE,KF_Freq_AW,complexity__TAALES_COVERAGE__KF_Freq_AW,1.0,yes,no
TAALES_COVERAGE,KF_Ncats_AW,complexity__TAALES_COVERAGE__KF_Ncats_AW,TAALES_COVERAGE,KF_Freq_AW,complexity__TAALES_COVERAGE__KF_Freq_AW,1.0,yes,no
TAALES_COVERAGE,KF_Nsamp_AW,complexity__TAALES_COVERAGE__KF_Nsamp_AW,TAALES_COVERAGE,KF_Freq_AW,complexity__TAALES_COVERAGE__KF_Freq_AW,1.0,yes,no
TAALES_COVERAGE,KF_Freq_CW,complexity__TAALES_COVERAGE__KF_Freq_CW,TAALES_COVERAGE,KF_Freq_AW,complexity__TAALES_COVERAGE__KF_Freq_AW,0.9864,no,no
TAALES_COVERAGE,KF_Freq_CW_Log,complexity__TAALES_COVERAGE__KF_Freq_CW_Log,TAALES_COVERAGE,KF_Freq_AW,complexity__TAALES_COVERAGE__KF_Freq_AW,0.9864,no,no
TAALES_COVERAGE,KF_Ncats_CW,complexity__TAALES_COVERAGE__KF_Ncats_CW,TAALES_COVERAGE,KF_Freq_AW,complexity__TAALES_COVERAGE__KF_Freq_AW,0.9864,no,no
TAALES_COVERAGE,KF_Nsamp_CW,complexity__TAALES_COVERAGE__KF_Nsamp_CW,TAALES_COVERAGE,KF_Freq_AW,complexity__TAALES_COVERAGE__KF_Freq_AW,0.9864,no,no
TAALES_COVERAGE,KF_Freq_FW_Log,complexity__TAALES_COVERAGE__KF_Freq_FW_Log,TAALES_COVERAGE,KF_Freq_FW,complexity__TAALES_COVERAGE__KF_Freq_FW,1.0,yes,no
TAALES_COVERAGE,KF_Ncats_FW,complexity__TAALES_COVERAGE__KF_Ncats_FW,TAALES_COVERAGE,KF_Freq_FW,complexity__TAALES_COVERAGE__KF_Freq_FW,1.0,yes,no
TAALES_COVERAGE,KF_Nsamp_FW,complexity__TAALES_COVERAGE__KF_Nsamp_FW,TAALES_COVERAGE,KF_Freq_FW,complexity__TAALES_COVERAGE__KF_Freq_FW,1.0,yes,no
TAALES_COVERAGE,Freq_HAL_FW,complexity__TAALES_COVERAGE__Freq_HAL_FW,TAALES_COVERAGE,KF_Freq_FW,complexity__TAALES_COVERAGE__KF_Freq_FW,0.9988,no,no
TAALES_COVERAGE,Log_Freq_HAL_FW,complexity__TAALES_COVERAGE__Log_Freq_HAL_FW,TAALES_COVERAGE,KF_Freq_FW,complexity__TAALES_COVERAGE__KF_Freq_FW,0.9988,no,no
TAALES_COVERAGE,OG_N_FW,complexity__TAALES_COVERAGE__OG_N_FW,TAALES_COVERAGE,KF_Freq_FW,complexity__TAALES_COVERAGE__KF_Freq_FW,0.9988,no,no
TAALES_COVERAGE,Ortho_N_FW,complexity__TAALES_COVERAGE__Ortho_N_FW,TAALES_COVERAGE,KF_Freq_FW,complexity__TAALES_COVERAGE__KF_Freq_FW,0.9988,no,no
TAALES_COVERAGE,Phono_N_FW,complexity__TAALES_COVERAGE__Phono_N_FW,TAALES_COVERAGE,KF_Freq_FW,complexity__TAALES_COVERAGE__KF_Freq_FW,0.9988,no,no
TAALES_COVERAGE,Phono_N_H_FW,complexity__TAALES_COVERAGE__Phono_N_H_FW,TAALES_COVERAGE,KF_Freq_FW,complexity__TAALES_COVERAGE__KF_Freq_FW,0.9988,no,no
TAALES_COVERAGE,LD_Mean_Accuracy_FW,complexity__TAALES_COVERAGE__LD_Mean_Accuracy_FW,TAALES_COVERAGE,KF_Freq_FW,complexity__TAALES_COVERAGE__KF_Freq_FW,0.9964,no,no
TAALES_COVERAGE,LD_Mean_RT_FW,complexity__TAALES_COVERAGE__LD_Mean_RT_FW,TAALES_COVERAGE,KF_Freq_FW,complexity__TAALES_COVERAGE__KF_Freq_FW,0.9964,no,no
TAALES_COVERAGE,LD_Mean_RT_SD_FW,complexity__TAALES_COVERAGE__LD_Mean_RT_SD_FW,TAALES_COVERAGE,KF_Freq_FW,complexity__TAALES_COVERAGE__KF_Freq_FW,0.9964,no,no
TAALES_COVERAGE,LD_Mean_RT_Zscore_FW,complexity__TAALES_COVERAGE__LD_Mean_RT_Zscore_FW,TAALES_COVERAGE,KF_Freq_FW,complexity__TAALES_COVERAGE__KF_Freq_FW,0.9964,no,no
TAALES_COVERAGE,OLDF_FW,complexity__TAALES_COVERAGE__OLDF_FW,TAALES_COVERAGE,KF_Freq_FW,complexity__TAALES_COVERAGE__KF_Freq_FW,0.9964,no,no
TAALES_COVERAGE,OLD_FW,complexity__TAALES_COVERAGE__OLD_FW,TAALES_COVERAGE,KF_Freq_FW,complexity__TAALES_COVERAGE__KF_Freq_FW,0.9964,no,no
TAALES_COVERAGE,PLDF_FW,complexity__TAALES_COVERAGE__PLDF_FW,TAALES_COVERAGE,KF_Freq_FW,complexity__TAALES_COVERAGE__KF_Freq_FW,0.9964,no,no
TAALES_COVERAGE,PLD_FW,complexity__TAALES_COVERAGE__PLD_FW,TAALES_COVERAGE,KF_Freq_FW,complexity__TAALES_COVERAGE__KF_Freq_FW,0.9964,no,no
TAALES_COVERAGE,WN_Mean_Accuracy_FW,complexity__TAALES_COVERAGE__WN_Mean_Accuracy_FW,TAALES_COVERAGE,KF_Freq_FW,complexity__TAALES_COVERAGE__KF_Freq_FW,0.9964,no,no
TAALES_COVERAGE,WN_Mean_RT_FW,complexity__TAALES_COVERAGE__WN_Mean_RT_FW,TAALES_COVERAGE,KF_Freq_FW,complexity__TAALES_COVERAGE__KF_Freq_FW,0.9964,no,no
TAALES_COVERAGE,WN_SD_FW,complexity__TAALES_COVERAGE__WN_SD_FW,TAALES_COVERAGE,KF_Freq_FW,complexity__TAALES_COVERAGE__KF_Freq_FW,0.9964,no,no
TAALES_COVERAGE,WN_Zscore_FW,complexity__TAALES_COVERAGE__WN_Zscore_FW,TAALES_COVERAGE,KF_Freq_FW,complexity__TAALES_COVERAGE__KF_Freq_FW,0.9964,no,no
TAALES_COVERAGE,BNC_Written_Freq_FW,complexity__TAALES_COVERAGE__BNC_Written_Freq_FW,TAALES_COVERAGE,KF_Freq_FW,complexity__TAALES_COVERAGE__KF_Freq_FW,0.9893,no,no
TAALES_COVERAGE,BNC_Written_Freq_FW_Log,complexity__TAALES_COVERAGE__BNC_Written_Freq_FW_Log,TAALES_COVERAGE,KF_Freq_FW,complexity__TAALES_COVERAGE__KF_Freq_FW,0.9893,no,no
TAALES_COVERAGE,BNC_Written_Range_FW,complexity__TAALES_COVERAGE__BNC_Written_Range_FW,TAALES_COVERAGE,KF_Freq_FW,complexity__TAALES_COVERAGE__KF_Freq_FW,0.9893,no,no
TAALES_COVERAGE,SUBTLEXus_Freq_FW,complexity__TAALES_COVERAGE__SUBTLEXus_Freq_FW,TAALES_COVERAGE,KF_Freq_FW,complexity__TAALES_COVERAGE__KF_Freq_FW,0.989,no,no
TAALES_COVERAGE,SUBTLEXus_Freq_FW_Log,complexity__TAALES_COVERAGE__SUBTLEXus_Freq_FW_Log,TAALES_COVERAGE,KF_Freq_FW,complexity__TAALES_COVERAGE__KF_Freq_FW,0.989,no,no
TAALES_COVERAGE,SUBTLEXus_Range_FW,complexity__TAALES_COVERAGE__SUBTLEXus_Range_FW,TAALES_COVERAGE,KF_Freq_FW,complexity__TAALES_COVERAGE__KF_Freq_FW,0.989,no,no
TAALES_COVERAGE,SUBTLEXus_Range_FW_Log,complexity__TAALES_COVERAGE__SUBTLEXus_Range_FW_Log,TAALES_COVERAGE,KF_Freq_FW,complexity__TAALES_COVERAGE__KF_Freq_FW,0.989,no,no
TAALES_COVERAGE,COCA_news_Frequency_FW,complexity__TAALES_COVERAGE__COCA_news_Frequency_FW,TAALES_COVERAGE,KF_Freq_FW,complexity__TAALES_COVERAGE__KF_Freq_FW,0.9886,no,no
TAALES_COVERAGE,COCA_news_Frequency_Log_FW,complexity__TAALES_COVERAGE__COCA_news_Frequency_Log_FW,TAALES_COVERAGE,KF_Freq_FW,complexity__TAALES_COVERAGE__KF_Freq_FW,0.9886,no,no
TAALES_COVERAGE,COCA_news_Range_FW,complexity__TAALES_COVERAGE__COCA_news_Range_FW,TAALES_COVERAGE,KF_Freq_FW,complexity__TAALES_COVERAGE__KF_Freq_FW,0.9886,no,no
TAALES_COVERAGE,COCA_news_Range_Log_FW,complexity__TAALES_COVERAGE__COCA_news_Range_Log_FW,TAALES_COVERAGE,KF_Freq_FW,complexity__TAALES_COVERAGE__KF_Freq_FW,0.9886,no,no
TAALES_COVERAGE,COCA_Academic_Frequency_FW,complexity__TAALES_COVERAGE__COCA_Academic_Frequency_FW,TAALES_COVERAGE,KF_Freq_FW,complexity__TAALES_COVERAGE__KF_Freq_FW,0.9883,no,no
TAALES_COVERAGE,COCA_Academic_Frequency_Log_FW,complexity__TAALES_COVERAGE__COCA_Academic_Frequency_Log_FW,TAALES_COVERAGE,KF_Freq_FW,complexity__TAALES_COVERAGE__KF_Freq_FW,0.9883,no,no
TAALES_COVERAGE,COCA_Academic_Range_FW,complexity__TAALES_COVERAGE__COCA_Academic_Range_FW,TAALES_COVERAGE,KF_Freq_FW,complexity__TAALES_COVERAGE__KF_Freq_FW,0.9883,no,no
TAALES_COVERAGE,COCA_Academic_Range_Log_FW,complexity__TAALES_COVERAGE__COCA_Academic_Range_Log_FW,TAALES_COVERAGE,KF_Freq_FW,complexity__TAALES_COVERAGE__KF_Freq_FW,0.9883,no,no
TAALES_COVERAGE,COCA_spoken_Frequency_FW,complexity__TAALES_COVERAGE__COCA_spoken_Frequency_FW,TAALES_COVERAGE,KF_Freq_FW,complexity__TAALES_COVERAGE__KF_Freq_FW,0.9874,no,no
TAALES_COVERAGE,COCA_spoken_Frequency_Log_FW,complexity__TAALES_COVERAGE__COCA_spoken_Frequency_Log_FW,TAALES_COVERAGE,KF_Freq_FW,complexity__TAALES_COVERAGE__KF_Freq_FW,0.9874,no,no
TAALES_COVERAGE,COCA_spoken_Range_FW,complexity__TAALES_COVERAGE__COCA_spoken_Range_FW,TAALES_COVERAGE,KF_Freq_FW,complexity__TAALES_COVERAGE__KF_Freq_FW,0.9874,no,no
TAALES_COVERAGE,COCA_spoken_Range_Log_FW,complexity__TAALES_COVERAGE__COCA_spoken_Range_Log_FW,TAALES_COVERAGE,KF_Freq_FW,complexity__TAALES_COVERAGE__KF_Freq_FW,0.9874,no,no
TAALES_COVERAGE,COCA_fiction_Frequency_FW,complexity__TAALES_COVERAGE__COCA_fiction_Frequency_FW,TAALES_COVERAGE,KF_Freq_FW,complexity__TAALES_COVERAGE__KF_Freq_FW,0.9871,no,no
TAALES_COVERAGE,COCA_fiction_Frequency_Log_FW,complexity__TAALES_COVERAGE__COCA_fiction_Frequency_Log_FW,TAALES_COVERAGE,KF_Freq_FW,complexity__TAALES_COVERAGE__KF_Freq_FW,0.9871,no,no
TAALES_COVERAGE,COCA_fiction_Range_FW,complexity__TAALES_COVERAGE__COCA_fiction_Range_FW,TAALES_COVERAGE,KF_Freq_FW,complexity__TAALES_COVERAGE__KF_Freq_FW,0.9871,no,no
TAALES_COVERAGE,COCA_fiction_Range_Log_FW,complexity__TAALES_COVERAGE__COCA_fiction_Range_Log_FW,TAALES_COVERAGE,KF_Freq_FW,complexity__TAALES_COVERAGE__KF_Freq_FW,0.9871,no,no
TAALES_COVERAGE,COCA_magazine_Frequency_FW,complexity__TAALES_COVERAGE__COCA_magazine_Frequency_FW,TAALES_COVERAGE,KF_Freq_FW,complexity__TAALES_COVERAGE__KF_Freq_FW,0.9868,no,no
TAALES_COVERAGE,COCA_magazine_Frequency_Log_FW,complexity__TAALES_COVERAGE__COCA_magazine_Frequency_Log_FW,TAALES_COVERAGE,KF_Freq_FW,complexity__TAALES_COVERAGE__KF_Freq_FW,0.9868,no,no
TAALES_COVERAGE,COCA_magazine_Range_FW,complexity__TAALES_COVERAGE__COCA_magazine_Range_FW,TAALES_COVERAGE,KF_Freq_FW,complexity__TAALES_COVERAGE__KF_Freq_FW,0.9868,no,no
TAALES_COVERAGE,COCA_magazine_Range_Log_FW,complexity__TAALES_COVERAGE__COCA_magazine_Range_Log_FW,TAALES_COVERAGE,KF_Freq_FW,complexity__TAALES_COVERAGE__KF_Freq_FW,0.9868,no,no
TAALES_COVERAGE,BNC_Spoken_Freq_FW,complexity__TAALES_COVERAGE__BNC_Spoken_Freq_FW,TAALES_COVERAGE,KF_Freq_FW,complexity__TAALES_COVERAGE__KF_Freq_FW,0.9793,no,no
TAALES_COVERAGE,BNC_Spoken_Freq_FW_Log,complexity__TAALES_COVERAGE__BNC_Spoken_Freq_FW_Log,TAALES_COVERAGE,KF_Freq_FW,complexity__TAALES_COVERAGE__KF_Freq_FW,0.9793,no,no
TAALES_COVERAGE,BNC_Spoken_Range_FW,complexity__TAALES_COVERAGE__BNC_Spoken_Range_FW,TAALES_COVERAGE,KF_Freq_FW,complexity__TAALES_COVERAGE__KF_Freq_FW,0.9793,no,no
TAALES_COVERAGE,Kuperman_AoA_CW,complexity__TAALES_COVERAGE__Kuperman_AoA_CW,TAALES_COVERAGE,Kuperman_AoA_AW,complexity__TAALES_COVERAGE__Kuperman_AoA_AW,0.9824,no,no
TAALES_COVERAGE,MRC_Meaningfulness_FW,complexity__TAALES_COVERAGE__MRC_Meaningfulness_FW,TAALES_COVERAGE,MRC_Concreteness_FW,complexity__TAALES_COVERAGE__MRC_Concreteness_FW,0.996,no,no
TAALES_COVERAGE,MRC_Imageability_AW,complexity__TAALES_COVERAGE__MRC_Imageability_AW,TAALES_COVERAGE,MRC_Familiarity_AW,complexity__TAALES_COVERAGE__MRC_Familiarity_AW,0.9987,no,no
TAALES_COVERAGE,MRC_Concreteness_AW,complexity__TAALES_COVERAGE__MRC_Concreteness_AW,TAALES_COVERAGE,MRC_Familiarity_AW,complexity__TAALES_COVERAGE__MRC_Familiarity_AW,0.9714,no,no
TAALES_COVERAGE,MRC_Imageability_CW,complexity__TAALES_COVERAGE__MRC_Imageability_CW,TAALES_COVERAGE,MRC_Familiarity_CW,complexity__TAALES_COVERAGE__MRC_Familiarity_CW,0.9982,no,no
TAALES_COVERAGE,MRC_Concreteness_CW,complexity__TAALES_COVERAGE__MRC_Concreteness_CW,TAALES_COVERAGE,MRC_Familiarity_CW,complexity__TAALES_COVERAGE__MRC_Familiarity_CW,0.9642,no,no
TAALES_COVERAGE,MRC_Imageability_FW,complexity__TAALES_COVERAGE__MRC_Imageability_FW,TAALES_COVERAGE,MRC_Familiarity_FW,complexity__TAALES_COVERAGE__MRC_Familiarity_FW,1.0,yes,no
TAALES_COVERAGE,McD_CD_CW,complexity__TAALES_COVERAGE__McD_CD_CW,TAALES_COVERAGE,McD_CD,complexity__TAALES_COVERAGE__McD_CD,0.9837,no,no
TAALES_COVERAGE,Freq_N_OGH,complexity__TAALES_COVERAGE__Freq_N_OGH,TAALES_COVERAGE,OG_N_H,complexity__TAALES_COVERAGE__OG_N_H,1.0,yes,no
TAALES_COVERAGE,Freq_N_OG,complexity__TAALES_COVERAGE__Freq_N_OG,TAALES_COVERAGE,OG_N_H,complexity__TAALES_COVERAGE__OG_N_H,0.9958,no,no
TAALES_COVERAGE,Freq_N_OGH_CW,complexity__TAALES_COVERAGE__Freq_N_OGH_CW,TAALES_COVERAGE,OG_N_H_CW,complexity__TAALES_COVERAGE__OG_N_H_CW,1.0,yes,no
TAALES_COVERAGE,Freq_N_OG_CW,complexity__TAALES_COVERAGE__Freq_N_OG_CW,TAALES_COVERAGE,OG_N_H_CW,complexity__TAALES_COVERAGE__OG_N_H_CW,0.9951,no,no
TAALES_COVERAGE,Freq_N_OGH_FW,complexity__TAALES_COVERAGE__Freq_N_OGH_FW,TAALES_COVERAGE,OG_N_H_FW,complexity__TAALES_COVERAGE__OG_N_H_FW,1.0,yes,no
TAALES_COVERAGE,Freq_N_OG_FW,complexity__TAALES_COVERAGE__Freq_N_OG_FW,TAALES_COVERAGE,OG_N_H_FW,complexity__TAALES_COVERAGE__OG_N_H_FW,1.0,yes,no
TAALES_COVERAGE,SUBTLEXus_Freq_AW_Log,complexity__TAALES_COVERAGE__SUBTLEXus_Freq_AW_Log,TAALES_COVERAGE,SUBTLEXus_Freq_AW,complexity__TAALES_COVERAGE__SUBTLEXus_Freq_AW,1.0,yes,no
TAALES_COVERAGE,SUBTLEXus_Range_AW,complexity__TAALES_COVERAGE__SUBTLEXus_Range_AW,TAALES_COVERAGE,SUBTLEXus_Freq_AW,complexity__TAALES_COVERAGE__SUBTLEXus_Freq_AW,1.0,yes,no
TAALES_COVERAGE,SUBTLEXus_Range_AW_Log,complexity__TAALES_COVERAGE__SUBTLEXus_Range_AW_Log,TAALES_COVERAGE,SUBTLEXus_Freq_AW,complexity__TAALES_COVERAGE__SUBTLEXus_Freq_AW,1.0,yes,no
TAALES_COVERAGE,SUBTLEXus_Freq_CW,complexity__TAALES_COVERAGE__SUBTLEXus_Freq_CW,TAALES_COVERAGE,SUBTLEXus_Freq_AW,complexity__TAALES_COVERAGE__SUBTLEXus_Freq_AW,0.9895,no,no
TAALES_COVERAGE,SUBTLEXus_Freq_CW_Log,complexity__TAALES_COVERAGE__SUBTLEXus_Freq_CW_Log,TAALES_COVERAGE,SUBTLEXus_Freq_AW,complexity__TAALES_COVERAGE__SUBTLEXus_Freq_AW,0.9895,no,no
TAALES_COVERAGE,SUBTLEXus_Range_CW,complexity__TAALES_COVERAGE__SUBTLEXus_Range_CW,TAALES_COVERAGE,SUBTLEXus_Freq_AW,complexity__TAALES_COVERAGE__SUBTLEXus_Freq_AW,0.9895,no,no
TAALES_COVERAGE,SUBTLEXus_Range_CW_Log,complexity__TAALES_COVERAGE__SUBTLEXus_Range_CW_Log,TAALES_COVERAGE,SUBTLEXus_Freq_AW,complexity__TAALES_COVERAGE__SUBTLEXus_Freq_AW,0.9895,no,no
TAALES_COVERAGE,OLD,complexity__TAALES_COVERAGE__OLD,TAALES_COVERAGE,SUBTLEXus_Freq_AW,complexity__TAALES_COVERAGE__SUBTLEXus_Freq_AW,0.9589,no,no
TAALES_COVERAGE,OLDF,complexity__TAALES_COVERAGE__OLDF,TAALES_COVERAGE,SUBTLEXus_Freq_AW,complexity__TAALES_COVERAGE__SUBTLEXus_Freq_AW,0.9589,no,no
TAALES_COVERAGE,PLD,complexity__TAALES_COVERAGE__PLD,TAALES_COVERAGE,SUBTLEXus_Freq_AW,complexity__TAALES_COVERAGE__SUBTLEXus_Freq_AW,0.9589,no,no
TAALES_COVERAGE,PLDF,complexity__TAALES_COVERAGE__PLDF,TAALES_COVERAGE,SUBTLEXus_Freq_AW,complexity__TAALES_COVERAGE__SUBTLEXus_Freq_AW,0.9589,no,no
TAALES_COVERAGE,OLDF_CW,complexity__TAALES_COVERAGE__OLDF_CW,TAALES_COVERAGE,Sem_D_CW,complexity__TAALES_COVERAGE__Sem_D_CW,0.9628,no,no
TAALES_COVERAGE,OLD_CW,complexity__TAALES_COVERAGE__OLD_CW,TAALES_COVERAGE,Sem_D_CW,complexity__TAALES_COVERAGE__Sem_D_CW,0.9628,no,no
TAALES_COVERAGE,PLDF_CW,complexity__TAALES_COVERAGE__PLDF_CW,TAALES_COVERAGE,Sem_D_CW,complexity__TAALES_COVERAGE__Sem_D_CW,0.9628,no,no
TAALES_COVERAGE,PLD_CW,complexity__TAALES_COVERAGE__PLD_CW,TAALES_COVERAGE,Sem_D_CW,complexity__TAALES_COVERAGE__Sem_D_CW,0.9628,no,no
TAALES_COVERAGE,BG_Mean_FW,complexity__TAALES_COVERAGE__BG_Mean_FW,TAALES_COVERAGE,Sem_D_FW,complexity__TAALES_COVERAGE__Sem_D_FW,1.0,yes,no
TAALES_COVERAGE,TL_Freq_AW_Log,complexity__TAALES_COVERAGE__TL_Freq_AW_Log,TAALES_COVERAGE,TL_Freq_AW,complexity__TAALES_COVERAGE__TL_Freq_AW,1.0,yes,no
TAALES_COVERAGE,TL_Freq_CW_Log,complexity__TAALES_COVERAGE__TL_Freq_CW_Log,TAALES_COVERAGE,TL_Freq_CW,complexity__TAALES_COVERAGE__TL_Freq_CW,1.0,yes,no
TAALES_COVERAGE,TL_Freq_FW_Log,complexity__TAALES_COVERAGE__TL_Freq_FW_Log,TAALES_COVERAGE,TL_Freq_FW,complexity__TAALES_COVERAGE__TL_Freq_FW,1.0,yes,no
TAALES_COVERAGE,aoe_index_above_threshold_40,complexity__TAALES_COVERAGE__aoe_index_above_threshold_40,TAALES_COVERAGE,aoe_inverse_average,complexity__TAALES_COVERAGE__aoe_inverse_average,1.0,yes,no
TAALES_COVERAGE,aoe_inflection_point_polynomial,complexity__TAALES_COVERAGE__aoe_inflection_point_polynomial,TAALES_COVERAGE,aoe_inverse_average,complexity__TAALES_COVERAGE__aoe_inverse_average,1.0,yes,no
TAALES_COVERAGE,aoe_inverse_linear_regression_slope,complexity__TAALES_COVERAGE__aoe_inverse_linear_regression_slope,TAALES_COVERAGE,aoe_inverse_average,complexity__TAALES_COVERAGE__aoe_inverse_average,1.0,yes,no
TAALES_COVERAGE,fw_percentage,complexity__TAALES_COVERAGE__fw_percentage,TAALES_COVERAGE,cw_percentage,complexity__TAALES_COVERAGE__cw_percentage,-1.0,yes,no
TAALES_COVERAGE,lsa_max_similarity_cosine,complexity__TAALES_COVERAGE__lsa_max_similarity_cosine,TAALES_COVERAGE,lsa_average_top_three_cosine,complexity__TAALES_COVERAGE__lsa_average_top_three_cosine,1.0,yes,no
TAALES_COVERAGE,lsa_average_all_cosine,complexity__TAALES_COVERAGE__lsa_average_all_cosine,TAALES_COVERAGE,lsa_average_top_three_cosine,complexity__TAALES_COVERAGE__lsa_average_top_three_cosine,0.9737,no,no
TAALES_COVERAGE,hyper_noun_S1_P1,complexity__TAALES_COVERAGE__hyper_noun_S1_P1,TAALES_COVERAGE,poly_noun,complexity__TAALES_COVERAGE__poly_noun,1.0,yes,no
TAALES_COVERAGE,hyper_noun_Sav_P1,complexity__TAALES_COVERAGE__hyper_noun_Sav_P1,TAALES_COVERAGE,poly_noun,complexity__TAALES_COVERAGE__poly_noun,1.0,yes,no
TAALES_COVERAGE,hyper_noun_Sav_Pav,complexity__TAALES_COVERAGE__hyper_noun_Sav_Pav,TAALES_COVERAGE,poly_noun,complexity__TAALES_COVERAGE__poly_noun,1.0,yes,no
TAALES_COVERAGE,hyper_verb_S1_P1,complexity__TAALES_COVERAGE__hyper_verb_S1_P1,TAALES_COVERAGE,poly_verb,complexity__TAALES_COVERAGE__poly_verb,1.0,yes,no
TAALES_COVERAGE,hyper_verb_Sav_P1,complexity__TAALES_COVERAGE__hyper_verb_Sav_P1,TAALES_COVERAGE,poly_verb,complexity__TAALES_COVERAGE__poly_verb,1.0,yes,no
TAALES_COVERAGE,hyper_verb_Sav_Pav,complexity__TAALES_COVERAGE__hyper_verb_Sav_Pav,TAALES_COVERAGE,poly_verb,complexity__TAALES_COVERAGE__poly_verb,1.0,yes,no
TAASSC,cc_nominal,complexity__TAASSC__cc_nominal,TAASSC,cc_dep,complexity__TAASSC__cc_dep,0.9829,no,no
TAASSC,ccomp_c,complexity__TAASSC__ccomp_c,TAASSC,finite_compl_clause,complexity__TAASSC__finite_compl_clause,0.9832,no,no
TAASSC,relcl_c,complexity__TAASSC__relcl_c,TAASSC,finite_relative_clause,complexity__TAASSC__finite_relative_clause,0.9982,no,no
TAASSC,amod_dep,complexity__TAASSC__amod_dep,TAASSC,jj_attributive,complexity__TAASSC__jj_attributive,0.9548,no,no
LCA,wordtokens,complexity__LCA__wordtokens,TAASSC,mattr,complexity__TAASSC__mattr,-0.9735,no,1
TAASSC,nwords,complexity__TAASSC__nwords,TAASSC,mattr,complexity__TAASSC__mattr,-0.9735,no,1
L2SCA,W,complexity__L2SCA__W,TAASSC,mattr,complexity__TAASSC__mattr,-0.9713,no,1
POLKE,word_count,complexity__POLKE__word_count,TAASSC,mattr,complexity__TAASSC__mattr,-0.9656,no,1
TAALES,Word Count,complexity__TAALES__Word Count,TAASSC,mattr,complexity__TAASSC__mattr,-0.9652,no,1
TAASSC,prep_nominal,complexity__TAASSC__prep_nominal,TAASSC,prep_dep,complexity__TAASSC__prep_dep,0.9526,no,no
TAASSC,relcl_nominal,complexity__TAASSC__relcl_nominal,TAASSC,relcl_dep,complexity__TAASSC__relcl_dep,0.9979,no,no
TAASSC,infinitive_prop,complexity__TAASSC__infinitive_prop,TAASSC,to_clause,complexity__TAASSC__to_clause,0.9772,no,no
TAASSC,all_clauses,complexity__TAASSC__all_clauses,TAASSC,verb,complexity__TAASSC__verb,1.0,yes,no
