source,feature,column,description,within_level_spearman_with_word_count,spearman_with_word_count,spearman_with_course_level,note
TAASSC,mattr,complexity__TAASSC__mattr,Moving-average type-token ratio (lexical diversity within a moving window of words),-0.922,-0.973,-0.755,
POLKE,total_annotations,complexity__POLKE__total_annotations,Number of grammatical-construction occurrences,0.875,0.966,0.783,
L2SCA,VP,complexity__L2SCA__VP,Number of verb phrases,0.668,0.871,0.701,
L2SCA,C,complexity__L2SCA__C,Number of clauses,0.647,0.822,0.618,
POLKE,unique_constructs,complexity__POLKE__unique_constructs,Number of different grammatical constructions,0.591,0.856,0.786,
TAASSC,mean_nominal_deps,complexity__TAASSC__mean_nominal_deps,Mean number of dependents per noun,-0.575,-0.806,-0.68,
L2SCA,T,complexity__L2SCA__T,Number of T-units,0.543,0.714,0.511,
LCA,ttr,complexity__LCA__ttr,Type-token ratio: different words / total words,-0.506,-0.64,-0.419,
L2SCA,CN,complexity__L2SCA__CN,Number of complex nominals,0.475,0.737,0.633,
LCA,cttr,complexity__LCA__cttr,Corrected type-token ratio: different words / square root of twice the total words,0.452,0.777,0.73,
LCA,rttr,complexity__LCA__rttr,Root type-token ratio: different words / square root of total words,0.452,0.777,0.73,
LCA,swordtokens,complexity__LCA__swordtokens,Number of sophisticated words,0.445,0.583,0.409,
LCA,slextokens,complexity__LCA__slextokens,Number of sophisticated lexical words,0.436,0.592,0.426,
LCA,ndwerz,complexity__LCA__ndwerz,Number of different words in random 50-word samples (mean of 10),0.432,0.773,0.719,
LCA,ndwz,complexity__LCA__ndwz,Number of different words in the first 50 words,0.429,0.756,0.692,
L2SCA,S,complexity__L2SCA__S,Number of sentences,0.408,0.568,0.414,
TAASSC,mean_verbal_deps,complexity__TAASSC__mean_verbal_deps,Mean number of dependents per verb,-0.405,-0.473,-0.348,
LCA,swordtypes,complexity__LCA__swordtypes,Number of different sophisticated words,0.398,0.542,0.399,
LCA,slextypes,complexity__LCA__slextypes,Number of different sophisticated lexical words,0.391,0.556,0.42,
LCA,ndwesz,complexity__LCA__ndwesz,Number of different words in 50-word sequences (mean of 10),0.39,0.743,0.701,
LCA,logttr,complexity__LCA__logttr,Bilogarithmic type-token ratio: log different words / log total words,-0.366,-0.404,-0.21,
LCA,lv,complexity__LCA__lv,Lexical word variation: different lexical words / lexical words,-0.332,-0.471,-0.32,
TAASSC,mlc,complexity__TAASSC__mlc,Mean length of clause (words per clause),-0.318,-0.446,-0.392,
LCA,cvv1,complexity__LCA__cvv1,Corrected verb variation: different verbs / square root of twice the verbs,0.316,0.693,0.685,
LCA,svv1,complexity__LCA__svv1,Squared verb variation: different verbs squared / verbs,0.316,0.693,0.685,
L2SCA,CP,complexity__L2SCA__CP,Number of coordinate phrases,0.253,0.439,0.37,
L2SCA,CT,complexity__L2SCA__CT,Number of complex T-units,0.235,0.567,0.543,
L2SCA,DC,complexity__L2SCA__DC,Number of dependent clauses,0.233,0.568,0.547,
ERRANT,total_errors,accuracy__ERRANT__total_errors,Number of correction edits (errors),0.132,0.216,0.155,
ERRANT,affected_original_tokens,accuracy__ERRANT__affected_original_tokens,Number of original words changed by corrections,0.13,0.216,0.157,
ERRANT,correction_token_equivalents,accuracy__ERRANT__correction_token_equivalents,"Size of all corrections, in words",0.13,0.216,0.157,
ERRANT,replacement_errors,accuracy__ERRANT__replacement_errors,Number of replacement edits,0.115,0.19,0.133,
ERRANT,distinct_error_types,accuracy__ERRANT__distinct_error_types,Number of different error types,0.091,0.184,0.15,
ERRANT,unnecessary_errors,accuracy__ERRANT__unnecessary_errors,Number of unnecessary-word edits,0.064,0.103,0.08,
ERRANT,missing_errors,accuracy__ERRANT__missing_errors,Number of missing-word edits,0.005,0.007,0.005,
ERRANT,other_errors,accuracy__ERRANT__other_errors,Number of other edits,,,,"Always 0 in every text, so its correlations cannot be computed (a correlation needs values that vary)."
