quality_rank,experiment,task,algorithm,feature_set,split,rounds,class_weight,evaluated_target,features,rows,accuracy,accuracy_standard_deviation,macro_f1,macro_f1_standard_deviation,ordinal_mae,ordinal_mae_standard_deviation,within_one_accuracy,within_one_accuracy_standard_deviation,quadratic_weighted_kappa,quadratic_weighted_kappa_standard_deviation,regression_mae,regression_mae_standard_deviation,regression_rmse,regression_rmse_standard_deviation,regression_r_squared,regression_r_squared_standard_deviation,regression_spearman_correlation,regression_spearman_correlation_standard_deviation
1,classifier__combined_plus_error_composition,level,classifier,combined_plus_error_composition,test,200,balanced,cefr,1722,61080,0.9764898493778651,0.0007706235631827424,0.9566421222794969,0.0024064717811334278,0.026457105435494434,0.0008901817078223176,0.9971512770137525,0.00021889833215407988,0.9809445563746924,0.0007550742220732878,,,,,,,,
2,classifier__combined_without_length_features,level,classifier,combined_without_length_features,test,200,balanced,cefr,1710,61080,0.9765062213490504,0.0007723351892161448,0.9566285764358227,0.002381308709505643,0.02642436149312377,0.0008938081749277217,0.9971676489849378,0.00022288358420052246,0.9809741436785849,0.000766362873024413,,,,,,,,
3,classifier__combined,level,classifier,combined,test,200,balanced,cefr,1719,61080,0.9765553372626065,0.000765564524451371,0.9563027937818518,0.0023678013757089276,0.02637524557956778,0.0008842597784168897,0.9971676489849378,0.00021680676575967472,0.9810153239190023,0.0007530173224437482,,,,,,,,
4,classifier__complexity_without_length_correlated_features,level,classifier,complexity_without_length_correlated_features,test,200,balanced,cefr,1613,61080,0.9758022265880812,0.000764125274317765,0.9557662700576687,0.0024433003562282026,0.027455795677799606,0.0009058118665775247,0.9969384413883432,0.00024067129190542792,0.9798851758446565,0.0008290676733230038,,,,,,,,
5,classifier__combined_without_length_correlated_features,level,classifier,combined_without_length_correlated_features,test,200,balanced,cefr,1675,61080,0.9758840864440078,0.0007677504984660247,0.9556862451233117,0.00243703167607187,0.027423051735428947,0.000908087774131479,0.9968565815324165,0.0002441698158383497,0.9798806265561621,0.0008182071861321186,,,,,,,,
6,classifier__combined_without_duplicate_features,level,classifier,combined_without_duplicate_features,test,200,balanced,cefr,1184,61080,0.9755075311067453,0.0007748647575119786,0.9556246354944701,0.002422323631884706,0.027586771447282252,0.0008972224607953156,0.9970203012442698,0.0002208532183599623,0.9801227389512852,0.0007830161956747144,,,,,,,,
7,classifier__complexity,level,classifier,complexity,test,200,balanced,cefr,1650,61080,0.9760314341846759,0.0007850860911625446,0.9555923453302813,0.0024382795490780792,0.02683366077275704,0.0009017343680326666,0.9972167648984938,0.0002245268793803374,0.9808430438151611,0.0007635014397804427,,,,,,,,
8,classifier__complexity_without_length_features,level,classifier,complexity_without_length_features,test,200,balanced,cefr,1641,61080,0.9759986902423051,0.000776327657446679,0.9552860678993144,0.0025436403654896457,0.02683366077275704,0.0008931795925647613,0.9972331368696791,0.00022066996875912424,0.9808930752656545,0.0007500011269576483,,,,,,,,
9,classifier__combined_without_length_and_duplicate_features,level,classifier,combined_without_length_and_duplicate_features,test,200,balanced,cefr,1182,61080,0.9755730189914866,0.0007775551833445896,0.955214211721134,0.0025459772369190513,0.02755402750491159,0.0009060328067025511,0.9970366732154552,0.00022391414462104861,0.9800551033293609,0.0008070148075092383,,,,,,,,
10,classifier__combined_without_length_correlated_and_duplicate_features,level,classifier,combined_without_length_correlated_and_duplicate_features,test,200,balanced,cefr,1158,61080,0.974656188605108,0.0007904710398653374,0.9544234811019718,0.0026399666896218515,0.028962017026850032,0.000941003018051692,0.9965782580222659,0.00025311363365669673,0.9786148902691025,0.0008890204539216694,,,,,,,,
11,classifier__training_mutual_information_features,level,classifier,training_mutual_information_features,test,200,balanced,cefr,200,61080,0.9278159790438769,0.0013697310113235648,0.8690648023808503,0.004628847759368703,0.08025540275049116,0.0015923859592239678,0.9924361493123772,0.0003830798191353254,0.9448410286579518,0.0015134567266225176,,,,,,,,
12,classifier__polke,level,classifier,polke,test,200,balanced,cefr,618,61080,0.9269155206286837,0.0013848661271337096,0.8666643996355091,0.004609700068888097,0.08089390962671905,0.0015691561146403542,0.9926489849377865,0.0003602131150236152,0.9445409675528612,0.0014792810794617085,,,,,,,,
13,classifier__training_information_gain_features,level,classifier,training_information_gain_features,test,200,balanced,cefr,200,61080,0.9228061558611657,0.0014058368054725562,0.8640964776432574,0.004696797371538997,0.08503601833660773,0.0015997225741947235,0.9925507531106745,0.00036960661696338514,0.9426288236177147,0.0015319482492068544,,,,,,,,
14,regressor__combined_plus_error_composition,level,regressor,combined_plus_error_composition,test,200,none,cefr,1722,61080,0.8624918140144073,0.002020444060744118,0.7331701672216677,0.006699309785546574,0.13948919449901767,0.00207665281420179,0.998018991486575,0.00021773302527377936,0.9122483829183796,0.0016448742334217881,0.6014524668150792,0.00471496627513956,0.8885874533232907,0.007549926974395623,0.9007200730694009,0.0017739511169966023,0.9477755045643158,0.0008784470310539586
15,regressor__complexity,level,regressor,complexity,test,200,none,cefr,1650,61080,0.8625409299279633,0.002022927707430842,0.7323252241780598,0.006479029395112547,0.139505566470203,0.0020784823616206444,0.997969875573019,0.0002188551276331577,0.9120704569446302,0.0016364675570413087,0.6029866586930979,0.004701184460074021,0.8895040069997546,0.007513171222905861,0.9005151583785355,0.0017746272225079237,0.9476017956901599,0.0008815954584854288
16,regressor__combined,level,regressor,combined,test,200,none,cefr,1719,61080,0.8621643745907007,0.0020186545423685437,0.7290918038185894,0.006784928454712385,0.13980026195153897,0.0020758196652734986,0.9980517354289457,0.00021648967939261724,0.9119912731825534,0.0016548373470712406,0.6021768262168902,0.004684853315045636,0.8890776179835038,0.007505149771461796,0.9006105128152985,0.001772515992274815,0.9476668779161311,0.0008813786805288269
17,regressor__complexity_without_length_features,level,regressor,complexity_without_length_features,test,200,none,cefr,1641,61080,0.8622134905042567,0.0020202909474917362,0.7276153301050694,0.0067353115755751725,0.13962017026850032,0.002074727115674796,0.9981827111984283,0.0002110024237311862,0.9121877405912311,0.0016266645178078813,0.605128660918417,0.0047214285144159705,0.8924825128858006,0.007532413932640495,0.8998477925394445,0.0017678339297532357,0.9471162940251244,0.0008912753070521644
18,regressor__combined_without_length_features,level,regressor,combined_without_length_features,test,200,none,cefr,1710,61080,0.8612802881466929,0.002051016240429044,0.7274332864705548,0.006612748416604373,0.14068434839554683,0.0021086997591971395,0.9980517354289457,0.00021333847091694434,0.9114077794702901,0.0016409614281176473,0.6053907522621768,0.004702816699805942,0.8928995672185036,0.007498251823524774,0.8997541690326752,0.001770904486295701,0.9471974265501807,0.0008900151107807748
19,regressor__combined_without_duplicate_features,level,regressor,combined_without_duplicate_features,test,200,none,cefr,1184,61080,0.8589882121807466,0.002031333721596138,0.7219271340644493,0.0064595882972257315,0.14292730844793713,0.002085725004737535,0.9981008513425016,0.00021546389776101317,0.9099369030576261,0.0016628008113124836,0.6113101815137342,0.004727779273532075,0.9006280021061124,0.0075551050199628555,0.8980113162489191,0.001799771661829655,0.9462983651866,0.0009072736979400863
20,regressor__combined_without_length_and_duplicate_features,level,regressor,combined_without_length_and_duplicate_features,test,200,none,cefr,1182,61080,0.8590045841519319,0.002043208136604193,0.719453487886952,0.006440559843068888,0.14289456450556648,0.0020972156663702063,0.9981008513425016,0.0002192191685543029,0.9101751059952421,0.0016507795192012315,0.6127585575902088,0.004748095515739881,0.9021572078032666,0.007543389361251035,0.8976646823843621,0.0017987740081441227,0.946091797631079,0.0009100670407652197
21,regressor__combined_without_length_correlated_features,level,regressor,combined_without_length_correlated_features,test,200,none,cefr,1675,61080,0.8584479371316307,0.0020445916051754455,0.7181973112458948,0.006733877710910579,0.14351669941060904,0.002106282383149114,0.9980353634577603,0.00021580252678538784,0.9095064058997339,0.0016670740584053905,0.6163162122541003,0.004780798177461785,0.9057567991229893,0.007691259809183829,0.8968464209918708,0.0017879466003919019,0.9459065794481504,0.0009139426990332959
22,regressor__complexity_without_length_correlated_features,level,regressor,complexity_without_length_correlated_features,test,200,none,cefr,1613,61080,0.8574656188605108,0.0020380524047172934,0.7140878698010585,0.00666756941014907,0.14443352979698756,0.0020985558455970483,0.9981008513425016,0.00021770474205538756,0.9089469041774343,0.0016574373821192506,0.6172197216936567,0.004772307105790435,0.9066099232751387,0.007687717201483065,0.8966520106286394,0.0017950053253792903,0.9457603345202201,0.0009118921695306184
23,regressor__combined_without_length_correlated_and_duplicate_features,level,regressor,combined_without_length_correlated_and_duplicate_features,test,200,none,cefr,1158,61080,0.8547806155861166,0.002068304630955791,0.707450568307011,0.006270178367240261,0.14720039292730844,0.002127600992321312,0.9980353634577603,0.00022702853486746065,0.906994436858118,0.0016721120919166148,0.6256767701827955,0.004858871419821859,0.9187846504024207,0.007798838251857448,0.8938576845329333,0.0018172026460080537,0.9444160111309781,0.000939728461323957
24,regressor__polke,level,regressor,polke,test,200,none,cefr,618,61080,0.8253601833660773,0.0023155794262479288,0.6768223522144711,0.006152512932656297,0.1776686313032089,0.002394503049236491,0.9969875573018991,0.0002491304855507926,0.8857239281862612,0.002016187780635406,0.7351811974588579,0.005271174255619404,1.0494852483734958,0.007899575715978867,0.8615114805823808,0.0023702602950706492,0.9247334365746709,0.0012866953540712136
25,regressor__training_mutual_information_features,level,regressor,training_mutual_information_features,test,200,none,cefr,200,61080,0.8316633922724296,0.0023195058239636524,0.6725959426721764,0.006641763280242034,0.1709561231172233,0.002384071300745315,0.9973804846103471,0.00023968104977245463,0.8900304232958781,0.001983519821727187,0.7353454682623902,0.005376466102357125,1.0467076321823923,0.007887524002120344,0.8622435707464189,0.0024174455742797304,0.9247908648814704,0.0012792110317895683
26,regressor__training_information_gain_features,level,regressor,training_information_gain_features,test,200,none,cefr,200,61080,0.8325802226588082,0.002272499829729666,0.6703190567594988,0.006301664857581364,0.17013752455795678,0.0023382946470338743,0.9972822527832351,0.000244598400915529,0.8904809494392043,0.0019391681723125,0.7299018926313628,0.005341615383737361,1.041502310407157,0.007825137769670486,0.8636103010875531,0.0023725476749110403,0.925913657647913,0.0012626637574487886
27,classifier__length_only,level,classifier,length_only,test,200,balanced,cefr,9,61080,0.7474950884086444,0.0028649345468100234,0.6534236486970426,0.007078058462150948,0.2778323510150622,0.0032488111324580076,0.9753438113948919,0.0007146662746321663,0.8269735255327386,0.0035901007591726945,,,,,,,,
28,classifier__accuracy,level,classifier,accuracy,test,200,balanced,cefr,69,61080,0.6951702685003275,0.0029987897997570054,0.5897562665736056,0.006646519794377975,0.35599214145383107,0.0037794315646491085,0.9546987557301899,0.001074807221218978,0.7516289067451037,0.004307360234424128,,,,,,,,
29,regressor__length_only,level,regressor,length_only,test,200,none,cefr,9,61080,0.7517845448592011,0.003047110614566673,0.5604021375494022,0.00594032011555773,0.25771119842829077,0.003219626735159926,0.9907334643091028,0.0004554335192876871,0.8182099289992519,0.003165437086093202,1.0958066537504785,0.006784774022768512,1.4581215220025736,0.009079322361075906,0.7326694845751198,0.005026621656118268,0.8315121231828356,0.0028402125417690293
30,regressor__accuracy,level,regressor,accuracy,test,200,none,cefr,69,61080,0.6569908316961363,0.00318008639933068,0.4366721839151288,0.003317842932619615,0.3600196463654224,0.00359361250883346,0.9836771447282253,0.0007615264139615633,0.7064800802090263,0.003488056899154915,1.2837983848109724,0.008723374141663659,1.7411061715691427,0.012569737854100944,0.618836237616833,0.004797599628927287,0.772802309754747,0.0029513229643739237
31,classifier__majority,level,classifier,majority,test,200,none,cefr,0,61080,0.4724623444662737,0.005630994296117049,0.1283461940447864,0.0010386913920005885,0.8005893909626719,0.011717885448568464,0.7919777341191879,0.005088177050322337,0.0,0.0,,,,,,,,
32,regressor__median,level,regressor,median,test,200,none,cefr,0,61080,0.3195153896529142,0.004698150159828292,0.09685840488361705,0.0010789710973353468,0.7455140798952193,0.006581863191167823,0.9444171578258023,0.002738681638483671,0.0,0.0,2.2210052390307795,0.021259541279169365,2.8204307705560994,0.029649569193683264,-0.00021182231318905842,0.00041289849746155294,,
1,classifier__combined,level,classifier,combined,validation,200,balanced,cefr,1719,60230,0.9760916486800598,0.0007836551528563576,0.955979907186497,0.0023238241840969694,0.02684708616968288,0.0009144593588644819,0.997177486302507,0.0002303962542162779,0.9810767854962601,0.0007788816989909076,,,,,,,,
2,classifier__combined_plus_error_composition,level,classifier,combined_plus_error_composition,validation,200,balanced,cefr,1722,60230,0.9758592063755603,0.0007844429192565843,0.9558516557035102,0.0022764250889003973,0.02709613149593226,0.0009163764760676755,0.9971608832807571,0.0002318796586538178,0.9809060777923283,0.00077634220505082,,,,,,,,
3,classifier__complexity,level,classifier,complexity,validation,200,balanced,cefr,1650,60230,0.9757927942885605,0.0007781568248510099,0.9557083474644053,0.0022772028698816484,0.027245558691681885,0.0009102165854261217,0.9970612651502574,0.00023621083996330658,0.980742777616192,0.0007824833858665857,,,,,,,,
4,classifier__combined_without_duplicate_features,level,classifier,combined_without_duplicate_features,validation,200,balanced,cefr,1184,60230,0.9751618794620621,0.0007718649841329921,0.9553859342114259,0.002211962344662027,0.027926282583430183,0.0008955955638160872,0.9970280591067574,0.0002308486761821165,0.980298071651217,0.0007715228374585426,,,,,,,,
5,classifier__combined_without_length_and_duplicate_features,level,classifier,combined_without_length_and_duplicate_features,validation,200,balanced,cefr,1182,60230,0.9750788643533123,0.0007775251704771756,0.9546883356144464,0.002237103506568469,0.028158724887929604,0.0009176342324258333,0.9968952349327578,0.00023691830733423269,0.9799837030879119,0.0008061342230879686,,,,,,,,
6,classifier__complexity_without_length_features,level,classifier,complexity_without_length_features,validation,200,balanced,cefr,1641,60230,0.9756433670928109,0.00078628331737935,0.954680392149285,0.002340072400596707,0.027394985887431514,0.0009223285864567096,0.9970778681720073,0.00023565317474625835,0.9806405383132227,0.0007980085054207372,,,,,,,,
7,classifier__combined_without_length_features,level,classifier,combined_without_length_features,validation,200,balanced,cefr,1710,60230,0.9757595882450606,0.0008017619115333684,0.9546784838068312,0.002329310425209824,0.02731197077868172,0.0009421742434623463,0.9970446621285074,0.000237216415659963,0.9806491964088686,0.000807568318731186,,,,,,,,
8,classifier__combined_without_length_correlated_and_duplicate_features,level,classifier,combined_without_length_correlated_and_duplicate_features,validation,200,balanced,cefr,1158,60230,0.9739332558525652,0.0008149107537155319,0.9531547269229828,0.002377506221555328,0.029719408932425702,0.0009797854714534025,0.9965133654325087,0.0002621065261832377,0.9785775220514262,0.0008762144183739913,,,,,,,,
9,classifier__complexity_without_length_correlated_features,level,classifier,complexity_without_length_correlated_features,validation,200,balanced,cefr,1613,60230,0.9746969948530633,0.0008047928051936332,0.9528765455623175,0.0023905793695002974,0.028706624605678233,0.0009668212060651978,0.9967458077370082,0.0002568699268729313,0.9794415411709322,0.0008494965156960558,,,,,,,,
10,classifier__combined_without_length_correlated_features,level,classifier,combined_without_length_correlated_features,validation,200,balanced,cefr,1675,60230,0.9748630250705629,0.000808178962997325,0.9526637127989469,0.0024081666514316623,0.028607006475178484,0.000975634286965332,0.9966793956500083,0.00026426142153434607,0.9794005835807656,0.0008597030754392284,,,,,,,,
11,classifier__training_mutual_information_features,level,classifier,training_mutual_information_features,validation,200,balanced,cefr,200,60230,0.9294537605844264,0.0013594224256726118,0.8799036282233785,0.003978666577938195,0.07833305661630417,0.0015747513791406484,0.9927112734517682,0.00037538019518696433,0.9472787571403959,0.0015574924408035431,,,,,,,,
12,classifier__training_information_gain_features,level,classifier,training_information_gain_features,validation,200,balanced,cefr,200,60230,0.9252365930599369,0.0014034920729546253,0.8739724213556995,0.004178554083065586,0.08251701809729371,0.0015986149678087439,0.9926116553212685,0.0003631018620326428,0.9451302911041406,0.0015783983311082426,,,,,,,,
13,classifier__polke,level,classifier,polke,validation,200,balanced,cefr,618,60230,0.9264320106259339,0.001374950329338172,0.8690174584322581,0.004029126175580899,0.08125518844429686,0.0015898867869878013,0.9926448613647684,0.0003834997395768194,0.9455268744443841,0.001519236944190449,,,,,,,,
14,regressor__combined,level,regressor,combined,validation,200,none,cefr,1719,60230,0.8644529304333388,0.0020343861048283908,0.7407427055157264,0.006104188340436896,0.13770546239415574,0.0021224487435994423,0.9978748132160054,0.0002268070175384864,0.9147918287382852,0.0017731921545306882,0.5971610493900461,0.004834124735203563,0.8870460146756647,0.008137420286485574,0.9026354329709773,0.0019478194247641643,0.9476811188848308,0.0009098751855177399
15,regressor__complexity,level,regressor,complexity,validation,200,none,cefr,1650,60230,0.864784990868338,0.00202741784938862,0.7383489319303624,0.006457469120445464,0.1373235928939067,0.0021175221386743283,0.9979246222812552,0.00021890717225061653,0.9150564824222053,0.0017609007623144263,0.5965194950012613,0.0048258673285708235,0.885759443016433,0.008107028387586802,0.9029176633112598,0.001950333360629163,0.9477494887639261,0.0009104538669123957
16,regressor__combined_plus_error_composition,level,regressor,combined_plus_error_composition,validation,200,none,cefr,1722,60230,0.8648181969118379,0.0020462801120673564,0.7379248149285839,0.00645902100723979,0.13727378382865682,0.0021265392169541324,0.9979412253030051,0.00021656938417914372,0.91519053068762,0.0017753316253102697,0.596378040316352,0.004815286120697087,0.8860146775728729,0.008096616047757724,0.9028617060479627,0.001943460771745442,0.9477273401649914,0.000906575855006109
17,regressor__complexity_without_length_features,level,regressor,complexity_without_length_features,validation,200,none,cefr,1641,60230,0.8633571309978416,0.0020616210477580684,0.7333983042860523,0.006325881200478564,0.13868504067740328,0.002137638090730866,0.997991034368255,0.00021238787745177524,0.9142809877509865,0.0017556590844771225,0.6008842754129392,0.004868798308821633,0.8910182296323752,0.008148632204536554,0.9017614784569395,0.0019314801414682932,0.9471798654086547,0.000919262052206023
18,regressor__combined_without_length_features,level,regressor,combined_without_length_features,validation,200,none,cefr,1710,60230,0.8619292711273452,0.0020851428478258554,0.7312994914075774,0.006175139081912572,0.14017931263489955,0.0021722869404454336,0.9979246222812552,0.00021764068670526815,0.9134025786122684,0.0017788231492973758,0.6009818009269268,0.0048652543626992945,0.89219587837333,0.008201851512930748,0.9015016253568487,0.0019302713816020847,0.9472513354075941,0.0009127102755538306
19,regressor__combined_without_duplicate_features,level,regressor,combined_without_duplicate_features,validation,200,none,cefr,1184,60230,0.8615806076705961,0.0020547899056906557,0.7298846241564562,0.0063241350288440875,0.1406441972438984,0.002138626832911508,0.9978250041507555,0.00021777984942541992,0.9127901904686665,0.0017878106491887695,0.6070785757222369,0.004881114046252153,0.8990099642436655,0.00820455050684992,0.8999913305181805,0.0019703917446920465,0.9462575452414497,0.0009365554900123895
20,regressor__combined_without_length_and_duplicate_features,level,regressor,combined_without_length_and_duplicate_features,validation,200,none,cefr,1182,60230,0.8610493109745974,0.002072714911522787,0.7253219273659768,0.006324520868650974,0.14107587580939732,0.0021529715506356877,0.9979080192595052,0.00021313573668204258,0.9125840563844648,0.0017585975925038504,0.6092244276833771,0.004894012095473561,0.901339166875098,0.00821118155115714,0.8994724436923708,0.0019705344379547375,0.946051485954595,0.0009389827945501072
21,regressor__combined_without_length_correlated_features,level,regressor,combined_without_length_correlated_features,validation,200,none,cefr,1675,60230,0.8599203054956002,0.002099784820331262,0.7160710993592074,0.00559518120024539,0.14227129337539432,0.0021794149957024803,0.9978416071725054,0.00021380867310372031,0.9116028156129423,0.0017285296696534472,0.6127446536608558,0.00499401976184494,0.9061031258922698,0.008308340265458155,0.8984069740116991,0.0019056731635713486,0.9457597506832648,0.0009394001701836818
22,regressor__complexity_without_length_correlated_features,level,regressor,complexity_without_length_correlated_features,validation,200,none,cefr,1613,60230,0.8588411090818528,0.0021017513964172087,0.7143505579828002,0.006070594817924594,0.14338369583264154,0.0021835939426810133,0.9978084011290055,0.00022071492539247202,0.9108506708328137,0.001751064747072983,0.6128573903622518,0.005010454060189255,0.9058854300739895,0.008389551516698244,0.8984557846150554,0.001902815052942475,0.9458098311382072,0.0009377475519071752
23,regressor__combined_without_length_correlated_and_duplicate_features,level,regressor,combined_without_length_correlated_and_duplicate_features,validation,200,none,cefr,1158,60230,0.8570147766893574,0.002105117543111309,0.711486709718994,0.005680938351115523,0.14512701311638718,0.002183294702471397,0.9978914162377552,0.0002144869171497633,0.9098078132441392,0.0017587858321548352,0.6220303247741318,0.005041103503672606,0.9183942985885435,0.008462380453880335,0.8956320875744648,0.0019435935998805215,0.9443637432997134,0.0009686592805284097
24,regressor__training_information_gain_features,level,regressor,training_information_gain_features,validation,200,none,cefr,200,60230,0.8355304665449111,0.002278688035424485,0.6944505423175608,0.007215881482490714,0.167192429022082,0.0023618352108373607,0.9973269134982566,0.00024198847300397472,0.8945484023635389,0.0020973410171393303,0.7216701474523923,0.005363552123469153,1.0342620266609683,0.008197389194925513,0.867636025817347,0.0026068035331347403,0.9264082745919592,0.0012864851631731941
25,regressor__training_mutual_information_features,level,regressor,training_mutual_information_features,validation,200,none,cefr,200,60230,0.8347501245226632,0.002252528806590144,0.6931452552295835,0.006926065140029292,0.16797277104433006,0.0023335536996358605,0.9973269134982566,0.00024098300907431767,0.8939283854422878,0.0020577281460210845,0.7264384075740321,0.005343419144963829,1.0381410908958344,0.008143148733263337,0.8666412852099936,0.002620701291121085,0.9255974622358424,0.001291484356829945
26,regressor__polke,level,regressor,polke,validation,200,none,cefr,618,60230,0.8272953677569318,0.002247510144516576,0.6892705475702489,0.005903734733945224,0.17597542752781006,0.002355259017217215,0.996795616802258,0.0002867228046180394,0.8887218953753375,0.002200012452833838,0.7259595750489372,0.005218639023414477,1.041099469565065,0.00827337282322961,0.8658801406639498,0.002645672705886394,0.9257597876797795,0.0013248080046056629
27,classifier__length_only,level,classifier,length_only,validation,200,balanced,cefr,9,60230,0.7534783330566163,0.002838483184465578,0.6732035023895886,0.0063889661220216595,0.2714261995683214,0.003188580669994754,0.9758260003320605,0.0006917982565832548,0.8334488929949984,0.003953721221665258,,,,,,,,
28,classifier__accuracy,level,classifier,accuracy,validation,200,balanced,cefr,69,60230,0.7000664120869998,0.002875273457443444,0.607562302807217,0.006137855839935525,0.3516520006641209,0.003582422089749849,0.9546405445791134,0.001057537634476436,0.7562029698845204,0.0047832982136145515,,,,,,,,
29,regressor__length_only,level,regressor,length_only,validation,200,none,cefr,9,60230,0.754391499252864,0.0029129839215960795,0.5699089016638855,0.006347608767054008,0.25493939897061263,0.0030710083394457077,0.9909513531462726,0.0004353672172210234,0.8232332068668268,0.003413616013289746,1.0832331357255547,0.006357533236170494,1.4416999697406996,0.008639275556930733,0.7428074303674952,0.005481160832059962,0.8322136149632242,0.0029047262752585658
30,regressor__accuracy,level,regressor,accuracy,validation,200,none,cefr,69,60230,0.6563340527976091,0.003065228205082079,0.44165574628887966,0.0033361846558244675,0.3611157230615972,0.0035754962397010147,0.9835630084675411,0.0008255692974425339,0.710411333236386,0.003986689830180159,1.2892017511355107,0.008742885891353146,1.7492703583398659,0.01385770730346922,0.6213634687042482,0.005272946295790495,0.7706887730372559,0.0030410928006335955
31,classifier__majority,level,classifier,majority,validation,200,none,cefr,0,60230,0.4785821019425535,0.005601567423949967,0.12947055190612541,0.0010251433570783613,0.7957662294537606,0.012171871797745674,0.7932591731695169,0.005074310147393013,0.0,0.0,,,,,,,,
32,regressor__median,level,regressor,median,validation,200,none,cefr,0,60230,0.3146770712269633,0.004597150928642841,0.09574277306997714,0.001063861916882179,0.7529304333388677,0.006966822028110838,0.9450606010293874,0.0029670036323405447,0.0,0.0,2.2286568155404285,0.022872090920671655,2.84284246469916,0.034235324989401905,-3.275933399748965e-05,0.00030202458212366315,,
1,classifier__combined_without_length_features,level,classifier,combined_without_length_features,test,200,balanced,level,1710,61080,0.9437295350360183,0.0012301743227822088,0.8968324807651253,0.005851402792096797,0.11306483300589391,0.002908960995528066,0.9707105435494433,0.0008333748814611464,0.9793405723083315,0.0007809537039181646,,,,,,,,
2,classifier__combined,level,classifier,combined,test,200,balanced,level,1719,61080,0.943909626719057,0.0012412287993912347,0.8968154858632497,0.00617223870453487,0.11272102161100196,0.0029169288879840427,0.970841519318926,0.0008403503837394477,0.9794178027816892,0.0007699022902595621,,,,,,,,
3,classifier__combined_plus_error_composition,level,classifier,combined_plus_error_composition,test,200,balanced,level,1722,61080,0.944106090373281,0.0012417302949163172,0.8967939638834649,0.005919354834148256,0.112475442043222,0.0028867054436393967,0.9710052390307793,0.0008249624514776303,0.9793722366702886,0.0007669674803441541,,,,,,,,
4,classifier__complexity,level,classifier,complexity,test,200,balanced,level,1650,61080,0.9433038637851997,0.0012558334689824811,0.8966635828074445,0.006060759322820079,0.11399803536345776,0.002919744971848632,0.9702685003274394,0.0008505959756047622,0.9793029693192858,0.0007567259459397334,,,,,,,,
5,classifier__combined_without_duplicate_features,level,classifier,combined_without_duplicate_features,test,200,balanced,level,1184,61080,0.9428290766208252,0.001229600198827023,0.8959861484151567,0.006106554095225233,0.11592992796332678,0.0028909016722773453,0.9701866404715128,0.0008285917451233263,0.9785546525354326,0.0008023761216157843,,,,,,,,
6,classifier__complexity_without_length_features,level,classifier,complexity_without_length_features,test,200,balanced,level,1641,61080,0.9430582842174198,0.0012526291111651438,0.8958894880273777,0.006088452245036195,0.11399803536345776,0.002949680421953856,0.9703012442698101,0.0008542158560878476,0.9794586326937909,0.000762879550849884,,,,,,,,
7,classifier__combined_without_length_correlated_features,level,classifier,combined_without_length_correlated_features,test,200,balanced,level,1675,61080,0.9430910281597904,0.0012316175829198072,0.8955250438367072,0.006107620122641542,0.11656843483955469,0.0029888605148159376,0.9701047806155861,0.0008449298330243087,0.9781246555928318,0.0008216602435947387,,,,,,,,
8,classifier__combined_without_length_and_duplicate_features,level,classifier,combined_without_length_and_duplicate_features,test,200,balanced,level,1182,61080,0.941879502292076,0.0012312530307991556,0.8949095970741768,0.006148534224389632,0.11800916830386378,0.0029099866558581675,0.9694335297969876,0.0008350219597236015,0.9782440518130097,0.0008079448754825086,,,,,,,,
9,classifier__complexity_without_length_correlated_features,level,classifier,complexity_without_length_correlated_features,test,200,balanced,level,1613,61080,0.9427963326784545,0.0012432122025834865,0.8947537373740836,0.005801683032827775,0.11687950229207597,0.0029765751739158977,0.9699410609037328,0.000845935796970793,0.9781291871907314,0.0008254779994596562,,,,,,,,
10,classifier__combined_without_length_correlated_and_duplicate_features,level,classifier,combined_without_length_correlated_and_duplicate_features,test,200,balanced,level,1158,61080,0.9408808120497708,0.0012614141292378387,0.8937763745549616,0.006163325325532457,0.12257694826457105,0.003086624110877975,0.9685330713817943,0.0008679068613058626,0.9766462369783624,0.0009036309572951751,,,,,,,,
11,classifier__training_mutual_information_features,level,classifier,training_mutual_information_features,test,200,balanced,level,200,61080,0.8416666666666667,0.0019972486093266357,0.7359570131502479,0.008106155649411919,0.33153241650294696,0.005031496094738289,0.9136214800261951,0.0014541036365068871,0.9400231427037796,0.0015198850397054671,,,,,,,,
12,classifier__polke,level,classifier,polke,test,200,balanced,level,618,61080,0.8343483955468238,0.002067562516404401,0.7163604375916993,0.007437356066001661,0.3384741322855272,0.005073564968605642,0.91262278978389,0.001461190772453845,0.9394118438892489,0.0015513339752981784,,,,,,,,
13,classifier__training_information_gain_features,level,classifier,training_information_gain_features,test,200,balanced,level,200,61080,0.8260314341846758,0.002009814627000727,0.7162610903843203,0.00831155649337246,0.35944662737393585,0.005149045820163255,0.9072691552062868,0.0015000508695716963,0.9361913440416898,0.0015587273319789532,,,,,,,,
14,regressor__combined_plus_error_composition,level,regressor,combined_plus_error_composition,test,200,none,level,1722,61080,0.5679436804191225,0.0028940532062365727,0.3770406257870808,0.004849755286907485,0.5494106090373281,0.00510746534524231,0.9104125736738703,0.0018175268243263232,0.9431386930657135,0.001012583532308185,0.6014524668150792,0.00471496627513956,0.8885874533232907,0.007549926974395623,0.9007200730694009,0.0017739511169966023,0.9477755045643158,0.0008784470310539586
15,regressor__complexity_without_length_features,level,regressor,complexity_without_length_features,test,200,none,level,1641,61080,0.5658808120497708,0.002915772347627966,0.37590889141111433,0.005195715983420382,0.5525540275049116,0.005126307650396492,0.9092174197773412,0.001836701335469618,0.9427975759593346,0.001015862259308349,0.605128660918417,0.0047214285144159705,0.8924825128858006,0.007532413932640495,0.8998477925394445,0.0017678339297532357,0.9471162940251244,0.0008912753070521644
16,regressor__combined,level,regressor,combined,test,200,none,level,1719,61080,0.5685494433529797,0.0029126564173940577,0.3758127898625665,0.005266712802783025,0.5487884741322855,0.005103497401609733,0.9104125736738703,0.0018293908413553764,0.9431759087337153,0.001018012725945575,0.6021768262168902,0.004684853315045636,0.8890776179835038,0.007505149771461796,0.9006105128152985,0.001772515992274815,0.9476668779161311,0.0008813786805288269
17,regressor__combined_without_length_features,level,regressor,combined_without_length_features,test,200,none,level,1710,61080,0.5656679764243615,0.002943399892048765,0.3749102666412293,0.004941523348700666,0.5533071381794368,0.005170351178979364,0.9094138834315652,0.001840857115257478,0.9425300198258769,0.001007119555932847,0.6053907522621768,0.004702816699805942,0.8928995672185036,0.007498251823524774,0.8997541690326752,0.001770904486295701,0.9471974265501807,0.0008900151107807748
18,regressor__complexity,level,regressor,complexity,test,200,none,level,1650,61080,0.5673542894564506,0.002926445092506296,0.37395860615089,0.004556918779256237,0.5493614931237721,0.005107199467481016,0.910789129011133,0.0018215117116102007,0.9432402606737031,0.00101429215229796,0.6029866586930979,0.004701184460074021,0.8895040069997546,0.007513171222905861,0.9005151583785355,0.0017746272225079237,0.9476017956901599,0.0008815954584854288
19,regressor__combined_without_duplicate_features,level,regressor,combined_without_duplicate_features,test,200,none,level,1184,61080,0.5620661427635887,0.002882910646099025,0.36998954728300704,0.004800297809620498,0.5590700720366732,0.00513998338445747,0.9071545514079895,0.001844242168625,0.9417553054684294,0.001025853069785698,0.6113101815137342,0.004727779273532075,0.9006280021061124,0.0075551050199628555,0.8980113162489191,0.001799771661829655,0.9462983651866,0.0009072736979400863
20,regressor__combined_without_length_correlated_features,level,regressor,combined_without_length_correlated_features,test,200,none,level,1675,61080,0.5570235756385069,0.0028603261336773984,0.36791072977525574,0.005554162816371272,0.5654223968565816,0.005094616135175261,0.9069089718402096,0.0018408638797381396,0.9409607899032756,0.0010356250112391143,0.6163162122541003,0.004780798177461785,0.9057567991229893,0.007691259809183829,0.8968464209918708,0.0017879466003919019,0.9459065794481504,0.0009139426990332959
21,regressor__combined_without_length_and_duplicate_features,level,regressor,combined_without_length_and_duplicate_features,test,200,none,level,1182,61080,0.5603798297314997,0.002893070016996077,0.3677333599309334,0.004613187943617176,0.5617714472822528,0.005157483484824631,0.9064505566470203,0.0018642294385477576,0.9414746935890418,0.001023160073472449,0.6127585575902088,0.004748095515739881,0.9021572078032666,0.007543389361251035,0.8976646823843621,0.0017987740081441227,0.946091797631079,0.0009100670407652197
22,regressor__complexity_without_length_correlated_features,level,regressor,complexity_without_length_correlated_features,test,200,none,level,1613,61080,0.553912901113294,0.0028664654701575022,0.3613876694284329,0.004450808498316346,0.5694826457105435,0.005130565685879342,0.9061067452521283,0.0018431675306094287,0.9405275056092736,0.001040986319575296,0.6172197216936567,0.004772307105790435,0.9066099232751387,0.007687717201483065,0.8966520106286394,0.0017950053253792903,0.9457603345202201,0.0009118921695306184
23,regressor__combined_without_length_correlated_and_duplicate_features,level,regressor,combined_without_length_correlated_and_duplicate_features,test,200,none,level,1158,61080,0.5515225933202358,0.0028756765693683816,0.3589696427113111,0.0041505386311753625,0.5761296660117878,0.005249883338112455,0.9031434184675835,0.0019195289224189578,0.9392047416915906,0.0010452020093709824,0.6256767701827955,0.004858871419821859,0.9187846504024207,0.007798838251857448,0.8938576845329333,0.0018172026460080537,0.9444160111309781,0.000939728461323957
24,regressor__polke,level,regressor,polke,test,200,none,level,618,61080,0.4847085789129011,0.0027047513730671458,0.31697282278136873,0.004233848861865392,0.6951866404715128,0.005584838145157388,0.8657662082514734,0.0021689955096517756,0.9205717759300965,0.0013654926928973578,0.7351811974588579,0.005271174255619404,1.0494852483734958,0.007899575715978867,0.8615114805823808,0.0023702602950706492,0.9247334365746709,0.0012866953540712136
25,regressor__training_mutual_information_features,level,regressor,training_mutual_information_features,test,200,none,level,200,61080,0.4847413228552718,0.002842356216447814,0.3079781765321421,0.0037015840454123275,0.6944826457105435,0.005756135364175885,0.8639489194499018,0.002196923440493606,0.921075300912181,0.0013870791738289743,0.7353454682623902,0.005376466102357125,1.0467076321823923,0.007887524002120344,0.8622435707464189,0.0024174455742797304,0.9247908648814704,0.0012792110317895683
26,regressor__training_information_gain_features,level,regressor,training_information_gain_features,test,200,none,level,200,61080,0.4892272429600524,0.002800726203392976,0.3061348110490009,0.003484454028433253,0.6884741322855272,0.005676375924003576,0.8658153241650295,0.0021805692095750195,0.9216128994160698,0.001358726672167769,0.7299018926313628,0.005341615383737361,1.041502310407157,0.007825137769670486,0.8636103010875531,0.0023725476749110403,0.925913657647913,0.0012626637574487886
27,classifier__length_only,level,classifier,length_only,test,200,balanced,level,9,61080,0.3934512115258677,0.0025751623011937854,0.25014088667588114,0.004462476602318943,1.2168631303208906,0.00833971436955217,0.6743614931237721,0.002661965882118684,0.8183887254869309,0.0035305331789806924,,,,,,,,
28,classifier__accuracy,level,classifier,accuracy,test,200,balanced,level,69,61080,0.3424525212835625,0.0023452223916816356,0.23950769454513274,0.003787518485110483,1.4108709888670596,0.009443438884578366,0.6228388998035363,0.0026665319625100727,0.755944237111531,0.004100739287520568,,,,,,,,
29,regressor__length_only,level,regressor,length_only,test,200,none,level,9,61080,0.32976424361493123,0.002468886206496172,0.20580884876073746,0.002809261829618756,1.0627373935821873,0.007120426428132872,0.7424034053700066,0.0028406940768955957,0.8416947275724714,0.0029439126918134567,1.0958066537504785,0.006784774022768512,1.4581215220025736,0.009079322361075906,0.7326694845751198,0.005026621656118268,0.8315121231828356,0.0028402125417690293
30,regressor__accuracy,level,regressor,accuracy,test,200,none,level,69,61080,0.3023411918795023,0.0023406429874927542,0.16483736456079848,0.0018208970004459154,1.277030124426981,0.008771705360971707,0.6533889980353634,0.003026352111832714,0.749266681071522,0.0029419041811015443,1.2837983848109724,0.008723374141663659,1.7411061715691427,0.012569737854100944,0.618836237616833,0.004797599628927287,0.772802309754747,0.0029513229643739237
31,classifier__majority,level,classifier,majority,test,200,none,level,0,61080,0.23924361493123772,0.0033170770372726445,0.025740821476226337,0.00028795761196334695,3.041044531761624,0.03588174886029073,0.37827439423706616,0.004802155311470094,0.0,0.0,,,,,,,,
32,regressor__median,level,regressor,median,test,200,none,level,0,61080,0.17483628028814668,0.0026366815364051474,0.019842342656205724,0.00025466003770327505,2.2210052390307795,0.021259541279169365,0.3604780615586117,0.004252277647449431,0.0,0.0,2.2210052390307795,0.021259541279169365,2.8204307705560994,0.029649569193683264,-0.00021182231318905842,0.00041289849746155294,,
1,classifier__combined,level,classifier,combined,validation,200,balanced,level,1719,60230,0.9444296862028889,0.0012486161697642854,0.9035440194194648,0.004375335607617107,0.11522497094471194,0.003162930153149655,0.9704466212850739,0.0008764652077886571,0.9785023276638602,0.0008619821145500776,,,,,,,,
2,classifier__complexity,level,classifier,complexity,validation,200,balanced,level,1650,60230,0.9441806408766396,0.0012411330693602206,0.9024730627596059,0.004446510869473445,0.11532458907521169,0.0030816241673096933,0.9703470031545741,0.0008601178207216279,0.978533158813115,0.0008369921911732158,,,,,,,,
3,classifier__combined_plus_error_composition,level,classifier,combined_plus_error_composition,validation,200,balanced,level,1722,60230,0.9448447617466379,0.0012574388251460143,0.9022624379442216,0.004331626788524891,0.11452764403121368,0.003174163169060515,0.9704466212850739,0.0008874448979981563,0.9785255032040102,0.0008523607879252613,,,,,,,,
4,classifier__combined_without_length_features,level,classifier,combined_without_length_features,validation,200,balanced,level,1710,60230,0.9445459073551387,0.0012747307183133387,0.9020753741641575,0.004277831536181412,0.11532458907521169,0.0032212173731470365,0.9702971940893242,0.0008948636854168917,0.9783686550209312,0.0008693857044442402,,,,,,,,
5,classifier__complexity_without_length_features,level,classifier,complexity_without_length_features,validation,200,balanced,level,1641,60230,0.9441142287896397,0.001262251446946007,0.9009088686151446,0.004421691690616509,0.11567325253196081,0.003172334756688402,0.9701809729370745,0.000884354334438298,0.9784824931171975,0.0008612652429744609,,,,,,,,
6,classifier__combined_without_duplicate_features,level,classifier,combined_without_duplicate_features,validation,200,balanced,level,1184,60230,0.9430682384193924,0.001234113437366023,0.900088895399983,0.0046701633615472485,0.11741656981570646,0.003033706218746672,0.9698821185455753,0.0008712137754449469,0.97812850583185,0.0008302248421882089,,,,,,,,
7,classifier__combined_without_length_and_duplicate_features,level,classifier,combined_without_length_and_duplicate_features,validation,200,balanced,level,1182,60230,0.9430184293541425,0.001244545050556847,0.8999147539656768,0.0046547536991692175,0.1180806906857048,0.003127499512303055,0.9697326913498256,0.0008922385766386762,0.9778303694595628,0.0008720923021172594,,,,,,,,
8,classifier__combined_without_length_correlated_and_duplicate_features,level,classifier,combined_without_length_correlated_and_duplicate_features,validation,200,balanced,level,1158,60230,0.9421550722231447,0.0012474608181308883,0.8998226410699471,0.0045524872844165225,0.12282915490619292,0.003279344243832116,0.9686700979578283,0.0008985685859760771,0.9762497943447095,0.0009421580882478326,,,,,,,,
9,classifier__combined_without_length_correlated_features,level,classifier,combined_without_length_correlated_features,validation,200,balanced,level,1675,60230,0.9437157562676407,0.0012838566255051794,0.8997818191645187,0.00459025863823613,0.11937572638220156,0.0033528382435085674,0.9696994853063258,0.0009011303167602093,0.9769029446305405,0.0009191351442689744,,,,,,,,
10,classifier__complexity_without_length_correlated_features,level,classifier,complexity_without_length_correlated_features,validation,200,balanced,level,1613,60230,0.9435165200066412,0.0012584968521760034,0.8993022842070768,0.004614837101271547,0.11919309314295201,0.0032836724353318358,0.9695334550888262,0.0008839312264812335,0.9771758427730999,0.0009068373490792378,,,,,,,,
11,classifier__training_mutual_information_features,level,classifier,training_mutual_information_features,validation,200,balanced,level,200,60230,0.8428856051801428,0.0019137656992160184,0.7457596744592092,0.006276897729825714,0.3301676905196746,0.004985166579345353,0.9147102772704633,0.001429899056592746,0.940598733706872,0.0016907312972483767,,,,,,,,
12,classifier__training_information_gain_features,level,classifier,training_information_gain_features,validation,200,balanced,level,200,60230,0.8271127345176822,0.0019877446752768835,0.7288563793096217,0.006748106050359546,0.35346173003486636,0.0051350645680099775,0.9091316619624772,0.001509464227207785,0.9386384207455722,0.0016767401604370516,,,,,,,,
13,classifier__polke,level,classifier,polke,validation,200,balanced,level,618,60230,0.8347335215009132,0.0020279683641026146,0.7218462291182131,0.005658038301076409,0.33753943217665616,0.005191001868928508,0.9133488294869666,0.0014452898960800413,0.9405324303087415,0.0016245103491453435,,,,,,,,
14,regressor__complexity,level,regressor,complexity,validation,200,none,level,1650,60230,0.5740660800265648,0.0028661194711537864,0.3795763324498743,0.0037744978980503415,0.5411588909181471,0.005186066223108724,0.9139465382699651,0.001816514509405228,0.9447141196530705,0.0011000880558638588,0.5965194950012613,0.0048258673285708235,0.885759443016433,0.008107028387586802,0.9029176633112598,0.001950333360629163,0.9477494887639261,0.0009104538669123957
15,regressor__combined_plus_error_composition,level,regressor,combined_plus_error_composition,validation,200,none,level,1722,60230,0.5732857380043168,0.002864321632559409,0.37898768172200786,0.0041399221843324745,0.5429022082018927,0.005227143915324007,0.9133820355304666,0.0018404374230793336,0.9444554932554383,0.0011054151951432431,0.596378040316352,0.004815286120697087,0.8860146775728729,0.008096616047757724,0.9028617060479627,0.001943460771745442,0.9477273401649914,0.000906575855006109
16,regressor__combined,level,regressor,combined,validation,200,none,level,1719,60230,0.5729038685040677,0.0028756669050926426,0.37818445934748546,0.0035886922094810897,0.5429354142453927,0.005215865468211706,0.9131661962477171,0.0018481945246904285,0.9445470773790114,0.0010958363447214133,0.5971610493900461,0.004834124735203563,0.8870460146756647,0.008137420286485574,0.9026354329709773,0.0019478194247641643,0.9476811188848308,0.0009098751855177399
17,regressor__complexity_without_length_features,level,regressor,complexity_without_length_features,validation,200,none,level,1641,60230,0.5696496762410759,0.00289392977715002,0.37753896762249056,0.003984985954168374,0.547600863357131,0.005302483368638262,0.9121534119209697,0.0018746061816360714,0.9439932952180371,0.0010884666729374978,0.6008842754129392,0.004868798308821633,0.8910182296323752,0.008148632204536554,0.9017614784569395,0.0019314801414682932,0.9471798654086547,0.000919262052206023
18,regressor__combined_without_length_features,level,regressor,combined_without_length_features,validation,200,none,level,1710,60230,0.5701809729370746,0.002869306964805026,0.37610761811547194,0.003602733048283,0.5478333056616305,0.005254325729087768,0.9119209696164702,0.0018619536691602244,0.9438012636662166,0.0010962070307232851,0.6009818009269268,0.0048652543626992945,0.89219587837333,0.008201851512930748,0.9015016253568487,0.0019302713816020847,0.9472513354075941,0.0009127102755538306
19,regressor__combined_without_duplicate_features,level,regressor,combined_without_duplicate_features,validation,200,none,level,1184,60230,0.5652498754773368,0.002872994796413396,0.3728654775307704,0.0036207526694610197,0.5543084841441143,0.0052710918041094165,0.9109247883114727,0.0018711709872155484,0.9429418550865301,0.001115992878131,0.6070785757222369,0.004881114046252153,0.8990099642436655,0.00820455050684992,0.8999913305181805,0.0019703917446920465,0.9462575452414497,0.0009365554900123895
20,regressor__combined_without_length_and_duplicate_features,level,regressor,combined_without_length_and_duplicate_features,validation,200,none,level,1182,60230,0.5624439648015939,0.002838748341122099,0.37205459317154344,0.003939786235981073,0.5577453096463556,0.005257592634143376,0.9103104765067243,0.001888096950022352,0.9425897428046556,0.0011108729312906834,0.6092244276833771,0.004894012095473561,0.901339166875098,0.00821118155115714,0.8994724436923708,0.0019705344379547375,0.946051485954595,0.0009389827945501072
21,regressor__combined_without_length_correlated_features,level,regressor,combined_without_length_correlated_features,validation,200,none,level,1675,60230,0.5613149593225967,0.002891276990728429,0.36597351153031227,0.0038084779093269677,0.5602191598870995,0.005348730080916904,0.9094305163539764,0.001861824722615488,0.9420639729864043,0.0010831831887087705,0.6127446536608558,0.00499401976184494,0.9061031258922698,0.008308340265458155,0.8984069740116991,0.0019056731635713486,0.9457597506832648,0.0009394001701836818
22,regressor__complexity_without_length_correlated_features,level,regressor,complexity_without_length_correlated_features,validation,200,none,level,1613,60230,0.5601859538435995,0.0029137273467660717,0.3639527603412837,0.003937632952315363,0.5614809895400963,0.0054298620796593,0.9091648680059771,0.0019015379947909536,0.9419224000801565,0.001085235944373256,0.6128573903622518,0.005010454060189255,0.9058854300739895,0.008389551516698244,0.8984557846150554,0.001902815052942475,0.9458098311382072,0.0009377475519071752
23,regressor__combined_without_length_correlated_and_duplicate_features,level,regressor,combined_without_length_correlated_and_duplicate_features,validation,200,none,level,1158,60230,0.5540428357961149,0.0028202511921093746,0.3620387506657944,0.003906993581409312,0.5723227627428192,0.005382294444384607,0.9058110576124855,0.0019272191618041653,0.9403023370072697,0.0011132791847729443,0.6220303247741318,0.005041103503672606,0.9183942985885435,0.008462380453880335,0.8956320875744648,0.0019435935998805215,0.9443637432997134,0.0009686592805284097
24,regressor__training_information_gain_features,level,regressor,training_information_gain_features,validation,200,none,level,200,60230,0.4949526813880126,0.0027720802928292354,0.3209914973742507,0.004306225012607341,0.6778515689855553,0.005666145533052932,0.870396812219824,0.002147008577517034,0.9243490772827383,0.001479940372452015,0.7216701474523923,0.005363552123469153,1.0342620266609683,0.008197389194925513,0.867636025817347,0.0026068035331347403,0.9264082745919592,0.0012864851631731941
25,regressor__polke,level,regressor,polke,validation,200,none,level,618,60230,0.48934086003652666,0.0026931772529457327,0.32032277848743135,0.0038126148569834948,0.6849742653162876,0.005552719212251149,0.870795284741823,0.0020982303656432466,0.9233726428317599,0.0014861524751212903,0.7259595750489372,0.005218639023414477,1.041099469565065,0.00827337282322961,0.8658801406639498,0.002645672705886394,0.9257597876797795,0.0013248080046056629
26,regressor__training_mutual_information_features,level,regressor,training_mutual_information_features,validation,200,none,level,200,60230,0.4903536443632741,0.0027305348188961464,0.31811052821707453,0.004096866284085726,0.6840444960982899,0.005643261653567974,0.8684708616968289,0.0021723457864341504,0.9236945665455657,0.0014743046030209171,0.7264384075740321,0.005343419144963829,1.0381410908958344,0.008143148733263337,0.8666412852099936,0.002620701291121085,0.9255974622358424,0.001291484356829945
27,classifier__length_only,level,classifier,length_only,validation,200,balanced,level,9,60230,0.39473684210526316,0.0025862741388713723,0.25465636733292385,0.00452919249796161,1.1987547733687531,0.008065507555421816,0.6813548065747966,0.0026159567066173024,0.8254372975176532,0.003902167796579148,,,,,,,,
28,classifier__accuracy,level,classifier,accuracy,validation,200,balanced,level,69,60230,0.3393159555039017,0.0023734635053613375,0.24152406844084287,0.0037145090914383933,1.413531462726216,0.009070283710925872,0.619591565664951,0.002693876316271513,0.7589929849632467,0.004592874888670828,,,,,,,,
29,regressor__length_only,level,regressor,length_only,validation,200,none,level,9,60230,0.33152913830317116,0.0023259438893872752,0.20893235473769595,0.0027423335737732733,1.0502905528806243,0.0066761560268525245,0.7486468537273784,0.0026835950504659144,0.8474816425245729,0.0031696943153145477,1.0832331357255547,0.006357533236170494,1.4416999697406996,0.008639275556930733,0.7428074303674952,0.005481160832059962,0.8322136149632242,0.0029047262752585658
30,regressor__accuracy,level,regressor,accuracy,validation,200,none,level,69,60230,0.3011456085007471,0.002237075037954538,0.16778269956523362,0.0019938180067421624,1.2801095799435498,0.008788711690465868,0.6522331064253695,0.0028607036938440938,0.7512387628975618,0.003213997927380909,1.2892017511355107,0.008742885891353146,1.7492703583398659,0.01385770730346922,0.6213634687042482,0.005272946295790495,0.7706887730372559,0.0030410928006335955
31,classifier__majority,level,classifier,majority,validation,200,none,level,0,60230,0.24165698157064586,0.003310978146769528,0.02594994539903278,0.0002862982526494336,3.016270961314959,0.03748672896757795,0.3859538435995351,0.004781904274848525,0.0,0.0,,,,,,,,
32,regressor__median,level,regressor,median,validation,200,none,level,0,60230,0.17413249211356466,0.002707578185410346,0.019774314884470717,0.00026185053810670887,2.2286568155404285,0.022872090920671655,0.35669931927610826,0.0042988864195247336,0.0,0.0,2.2286568155404285,0.022872090920671655,2.84284246469916,0.034235324989401905,-3.275933399748965e-05,0.00030202458212366315,,
