source,feature,is_text_length_feature,pearson_correlation_with_level,pearson_absolute_correlation,pearson_direction,pearson_strength,pearson_asymptotic_p_value,pearson_fdr_q_value,pearson_significant_after_fdr,spearman_correlation_with_level,spearman_absolute_correlation,spearman_direction,spearman_strength,spearman_asymptotic_p_value,spearman_fdr_q_value,spearman_significant_after_fdr
ERRANT,errant_family_spell_per_100_words,no,-0.25074112829432216,0.25074112829432216,negative,weak,0.0,0.0,yes,-0.2179959107255097,0.2179959107255097,negative,weak,0.0,0.0,yes
ERRANT,errant_r_spell_per_100_words,no,-0.25074112829432216,0.25074112829432216,negative,weak,0.0,0.0,yes,-0.21799591072550728,0.21799591072550728,negative,weak,0.0,0.0,yes
ERRANT,replacement_errors_per_100_words,no,-0.2187240607194318,0.2187240607194318,negative,weak,0.0,0.0,yes,-0.21540988766488148,0.21540988766488148,negative,weak,0.0,0.0,yes
ERRANT,errors_per_100_words,no,-0.20692779620966112,0.20692779620966112,negative,weak,0.0,0.0,yes,-0.21074917454210734,0.21074917454210734,negative,weak,0.0,0.0,yes
ERRANT,surface_accuracy_proxy,no,0.20361352023117454,0.20361352023117454,positive,weak,0.0,0.0,yes,0.20501761886624686,0.20501761886624686,positive,weak,0.0,0.0,yes
ERRANT,errant_family_orth_per_100_words,no,0.00912186996572119,0.00912186996572119,positive,very weak,6.141132647146334e-09,6.803645019286797e-09,yes,0.19222063897124508,0.19222063897124508,positive,very weak,0.0,0.0,yes
ERRANT,errant_r_orth_per_100_words,no,0.00912186996572119,0.00912186996572119,positive,very weak,6.141132647146334e-09,6.803645019286797e-09,yes,0.192220638971244,0.192220638971244,positive,very weak,0.0,0.0,yes
ERRANT,errant_r_noun_per_100_words,no,-0.14738212391343405,0.14738212391343405,negative,very weak,0.0,0.0,yes,-0.09494754824825967,0.09494754824825967,negative,very weak,0.0,0.0,yes
ERRANT,errant_family_noun_per_100_words,no,-0.14591428694741956,0.14591428694741956,negative,very weak,0.0,0.0,yes,-0.0901700330130272,0.0901700330130272,negative,very weak,0.0,0.0,yes
ERRANT,errant_family_verb_per_100_words,no,0.02064672231980453,0.02064672231980453,positive,very weak,1.5201252688939643e-39,1.8218133026926265e-39,yes,0.08853805140688187,0.08853805140688187,positive,very weak,0.0,0.0,yes
ERRANT,errant_r_verb_per_100_words,no,0.01911904480216991,0.01911904480216991,positive,very weak,3.7517980332703852e-34,4.440533904112292e-34,yes,0.07878252408632097,0.07878252408632097,positive,very weak,0.0,0.0,yes
ERRANT,error_free,no,-0.08860492546843438,0.08860492546843438,negative,very weak,0.0,0.0,yes,-0.07158004817924675,0.07158004817924675,negative,very weak,0.0,0.0,yes
ERRANT,errant_family_morph_per_100_words,no,0.0009765692178027138,0.0009765692178027138,positive,very weak,0.5337465633474618,0.5381395391774821,no,0.04407521435363698,0.04407521435363698,positive,very weak,8.716298389262465e-174,1.1188960882174241e-173,yes
ERRANT,errant_r_morph_per_100_words,no,0.0009765692178027138,0.0009765692178027138,positive,very weak,0.5337465633474618,0.5381395391774821,no,0.04407521435363325,0.04407521435363325,positive,very weak,8.716298389845355e-174,1.1188960882174241e-173,yes
ERRANT,unnecessary_errors_per_100_words,no,-0.05624822650103084,0.05624822650103084,negative,very weak,6.089251628695012e-282,9.176684132875173e-282,yes,0.03876885881103982,0.03876885881103982,positive,very weak,7.026257646392139e-135,8.795643696031034e-135,yes
ERRANT,errant_family_space_per_100_words,no,-0.05660424014729526,0.05660424014729526,negative,very weak,1.6754655477892003e-285,2.531650585425972e-285,yes,0.036871676288858866,0.036871676288858866,positive,very weak,3.5159729096607196e-122,4.3505725397528035e-122,yes
ERRANT,errant_u_space_per_100_words,no,-0.05660424014729526,0.05660424014729526,negative,very weak,1.6754655477892003e-285,2.531650585425972e-285,yes,0.036871676288858554,0.036871676288858554,positive,very weak,3.515972909677776e-122,4.3505725397528035e-122,yes
ERRANT,errant_family_adv_per_100_words,no,0.023432433218825436,0.023432433218825436,positive,very weak,1.9646396560017044e-50,2.40153742697286e-50,yes,0.03622195445193565,0.03622195445193565,positive,very weak,5.606251499743134e-118,6.927032652780601e-118,yes
ERRANT,errant_u_adv_per_100_words,no,0.02636632690447563,0.02636632690447563,positive,very weak,2.233843713290518e-63,2.7841874769572954e-63,yes,0.034179168532545615,0.034179168532545615,positive,very weak,2.989372403531119e-105,3.630859541116055e-105,yes
ERRANT,errant_u_verb_tense_per_100_words,no,0.025141229396937966,0.025141229396937966,positive,very weak,8.679102459173993e-58,1.0731550625438644e-57,yes,0.030518732256433936,0.030518732256433936,positive,very weak,2.726306715134409e-84,3.237961230232349e-84,yes
ERRANT,errant_r_verb_infl_per_100_words,no,0.0028658682985884527,0.0028658682985884527,positive,very weak,0.06781783073110313,0.07044674724642148,no,0.029971395884272094,0.029971395884272094,positive,very weak,2.3242657187280443e-81,2.743369378952922e-81,yes
ERRANT,errant_r_noun_infl_per_100_words,no,0.0026421151735187315,0.0026421151735187315,positive,very weak,0.09225269454905859,0.0955394753331132,no,0.028524630127486003,0.028524630127486003,positive,very weak,7.217847827379761e-74,8.461113481856659e-74,yes
ERRANT,errant_u_verb_per_100_words,no,0.002712438584314624,0.002712438584314624,positive,very weak,0.08390848472514642,0.08710838456635964,no,0.018533032232364532,0.018533032232364532,positive,very weak,3.420084539251519e-32,3.826121973135261e-32,yes
ERRANT,errant_family_other_per_100_words,no,-0.06138112294186818,0.06138112294186818,negative,very weak,0.0,0.0,yes,-0.016951878625142847,0.016951878625142847,negative,very weak,3.322689675771856e-27,3.695468737969347e-27,yes
ERRANT,errant_r_other_per_100_words,no,-0.06138730009416844,0.06138730009416844,negative,very weak,0.0,0.0,yes,-0.01686918009754217,0.01686918009754217,negative,very weak,5.892411804398665e-27,6.549245783890933e-27,yes
ERRANT,errant_r_noun_num_per_100_words,no,0.007707419909303441,0.007707419909303441,positive,very weak,9.039249493144243e-07,9.911964757507913e-07,yes,0.01647359935197286,0.01647359935197286,positive,very weak,8.787360266040045e-26,9.741643733845299e-26,yes
ERRANT,errant_r_adv_per_100_words,no,0.004084588055963717,0.004084588055963717,positive,very weak,0.0092458683962058,0.00969826562660119,yes,0.013992020616624213,0.013992020616624213,positive,very weak,4.804603988976721e-19,5.251686323196352e-19,yes
ERRANT,errant_family_adj_per_100_words,no,-0.004745572926231732,0.004745572926231732,negative,very weak,0.0024942948141564655,0.0026373092517129088,yes,0.012143617307959664,0.012143617307959664,positive,very weak,1.0049503489332958e-14,1.0894373252174522e-14,yes
ERRANT,errant_r_adj_per_100_words,no,-0.004745572926231732,0.004745572926231732,negative,very weak,0.0024942948141564655,0.0026373092517129088,yes,0.012143617307951165,0.012143617307951165,positive,very weak,1.0049503489760988e-14,1.0894373252174522e-14,yes
ERRANT,errant_r_verb_form_per_100_words,no,0.009982709783806571,0.009982709783806571,positive,very weak,1.9983271361703055e-10,2.223965631753455e-10,yes,0.01200477251950321,0.01200477251950321,positive,very weak,2.0076099365302742e-14,2.1750164505050033e-14,yes
ERRANT,errant_u_punct_per_100_words,no,-0.014518362330148407,0.014518362330148407,negative,very weak,2.2001934520526818e-20,2.5290427414680623e-20,yes,-0.009392344335426437,0.009392344335426437,negative,very weak,2.1607508537751095e-09,2.3189535132817976e-09,yes
ERRANT,errant_r_verb_tense_per_100_words,no,0.0010244267077745475,0.0010244267077745475,positive,very weak,0.5138896149467987,0.5190345639774793,no,0.00901159320669364,0.00901159320669364,positive,very weak,9.323859714665389e-09,9.969089408136622e-09,yes
ERRANT,errant_u_pron_per_100_words,no,0.004021010440993381,0.004021010440993381,positive,very weak,0.01039776849666421,0.010899861229693839,yes,0.0086015992789091,0.0086015992789091,positive,very weak,4.2218425720955436e-08,4.494388585440011e-08,yes
ERRANT,errant_r_det_per_100_words,no,-0.0003125131377210642,0.0003125131377210642,negative,very weak,0.8421516680996924,0.8446140998777617,no,0.007461182503693808,0.007461182503693808,positive,very weak,1.988795004822787e-06,2.1067223182650277e-06,yes
ERRANT,errant_family_det_per_100_words,no,-0.0006007651042149688,0.0006007651042149688,negative,very weak,0.7018501577684104,0.7055527670415146,no,0.007120895201849736,0.007120895201849736,positive,very weak,5.686904246441782e-06,6.0092672721180875e-06,yes
ERRANT,errant_m_noun_per_100_words,no,0.003815354642886537,0.003815354642886537,positive,very weak,0.015046369897697767,0.015744066122362215,yes,0.006793365681709499,0.006793365681709499,positive,very weak,1.4979702751909638e-05,1.5819082647490782e-05,yes
ERRANT,errant_u_noun_per_100_words,no,-0.007957224238778633,0.007957224238778633,negative,very weak,3.9641796834256393e-07,4.3552646746156125e-07,yes,-0.005347038014058562,0.005347038014058562,negative,very weak,0.0006560593903838235,0.0006864806921953981,yes
ERRANT,errant_r_punct_per_100_words,no,-0.005770498510320431,0.005770498510320431,negative,very weak,0.00023584357831412075,0.00025185039651850376,yes,0.004981087591492783,0.004981087591492783,positive,very weak,0.0015029532802551856,0.0015659567895732948,yes
ERRANT,errant_r_conj_per_100_words,no,0.001344903835336618,0.001344903835336618,positive,very weak,0.391439167429885,0.39770033894683227,no,0.004765227639365999,0.004765227639365999,positive,very weak,0.0023929646041949185,0.002484221728931165,yes
ERRANT,errant_family_pron_per_100_words,no,-0.0032471036992488787,0.0032471036992488787,negative,very weak,0.03853188792401848,0.04017154272929586,yes,0.004546637576784909,0.004546637576784909,positive,very weak,0.0037643420055474366,0.003903172031145014,yes
ERRANT,missing_errors_per_100_words,no,-0.0019011104628714017,0.0019011104628714017,negative,very weak,0.22572624394255558,0.23194757840711974,no,0.004138568997141684,0.004138568997141684,positive,very weak,0.008358727019188517,0.008630473713370444,yes
ERRANT,errant_family_conj_per_100_words,no,0.0005534109338341967,0.0005534109338341967,positive,very weak,0.7243517846118736,0.7277465205678753,no,0.004094414527185206,0.004094414527185206,positive,very weak,0.009078376636516538,0.009367879621916885,yes
ERRANT,errant_m_pron_per_100_words,no,-0.0030540469358911644,0.0030540469358911644,negative,very weak,0.05163924394254928,0.053706066319873874,no,-0.0036712454992885923,0.0036712454992885923,negative,very weak,0.019313219996983832,0.01980991165958569,yes
ERRANT,errant_family_punct_per_100_words,no,-0.014967517625928123,0.014967517625928123,negative,very weak,1.450144166495244e-21,1.6713691166259027e-21,yes,-0.003104054039301168,0.003104054039301168,negative,very weak,0.0479292454598219,0.04907382445587735,yes
ERRANT,errant_family_prep_per_100_words,no,-0.0017440642965747427,0.0017440642965747427,negative,very weak,0.26641040499512214,0.2727724445173937,no,0.0025873065496653425,0.0025873065496653425,positive,very weak,0.0992077177828138,0.10121429863029485,no
ERRANT,errant_r_prep_per_100_words,no,-0.0016533057343625568,0.0016533057343625568,negative,very weak,0.29209678418035817,0.29853753567897157,no,0.002579664097087073,0.002579664097087073,positive,very weak,0.10020992198834447,0.10217599061237263,no
ERRANT,errant_m_adv_per_100_words,no,0.0012740384176840706,0.0012740384176840706,positive,very weak,0.4168760616529421,0.42329333672871267,no,0.0022012618533811864,0.0022012618533811864,positive,very weak,0.16070421447991476,0.16337150434680128,no
ERRANT,errant_m_other_per_100_words,no,-0.0026718864081669578,0.0026718864081669578,negative,very weak,0.08864224124102743,0.091855857237681,no,-0.0021325321323356758,0.0021325321323356758,negative,very weak,0.1741749927716055,0.17696096718205181,no
ERRANT,errant_u_det_per_100_words,no,-0.0016785432501052757,0.0016785432501052757,negative,very weak,0.2847926078623229,0.2912458691018996,no,-0.002095816689950367,0.002095816689950367,negative,very weak,0.18170812023087157,0.18439611019225483,no
ERRANT,errant_u_conj_per_100_words,no,-0.0016785432501052718,0.0016785432501052718,negative,very weak,0.28479260786232397,0.2912458691018996,no,-0.0020958166898693287,0.0020958166898693287,negative,very weak,0.18170812024776134,0.18439611019225483,no
ERRANT,errant_m_verb_tense_per_100_words,no,0.0011957373236027898,0.0011957373236027898,positive,very weak,0.4460855642041882,0.45241676085758886,no,0.0020573468131946777,0.0020573468131946777,positive,very weak,0.18985776398374934,0.19232490564250496,no
ERRANT,errant_m_prep_per_100_words,no,0.0016096977802997747,0.0016096977802997747,positive,very weak,0.3050119284604863,0.3113663436367464,no,0.0018559869585425839,0.0018559869585425839,positive,very weak,0.23693303881138686,0.2397287088858575,no
ERRANT,errant_r_verb_sva_per_100_words,no,-0.005783455507676215,0.005783455507676215,negative,very weak,0.0002283271415558738,0.00024397573069677482,yes,-0.0012187408728105758,0.0012187408728105758,negative,very weak,0.4373855404647766,0.44098542145625624,no
ERRANT,errant_u_noun_poss_per_100_words,no,0.00014285898414665162,0.00014285898414665162,positive,very weak,0.9274658241122151,0.9285486797153817,no,0.0010644805006233189,0.0010644805006233189,positive,very weak,0.4975709763478549,0.5010770548658668,no
ERRANT,errant_m_det_per_100_words,no,-0.001130503078371082,0.001130503078371082,negative,very weak,0.4712861008235288,0.47684699876835124,no,-0.0010550163686187332,0.0010550163686187332,negative,very weak,0.5014017767570846,0.5043425496835787,no
ERRANT,errant_m_conj_per_100_words,no,-0.001130503078371077,0.001130503078371077,negative,very weak,0.4712861008235308,0.47684699876835124,no,-0.0010550163685150785,0.0010550163685150785,negative,very weak,0.5014017767991263,0.5043425496835787,no
ERRANT,errant_u_prep_per_100_words,no,-0.0011944441201455405,0.0011944441201455405,negative,very weak,0.4465775667429954,0.4526480655817004,no,-0.0006099743259338351,0.0006099743259338351,negative,very weak,0.6975036183809469,0.7007725281331716,no
ERRANT,errant_r_contr_per_100_words,no,-0.00035408287065823396,0.00035408287065823396,negative,very weak,0.8214881298204237,0.8243722309198519,no,0.0004536579002914025,0.0004536579002914025,positive,very weak,0.772517594835629,0.7752297689663847,no
ERRANT,errant_family_contr_per_100_words,no,-0.00035408287065823396,0.00035408287065823396,negative,very weak,0.8214881298204237,0.8243722309198519,no,0.0004536579002669516,0.0004536579002669516,positive,very weak,0.7725175948475519,0.7752297689663847,no
ERRANT,errant_u_other_per_100_words,no,-0.006888309235534742,0.006888309235534742,negative,very weak,1.1361674431625266e-05,1.2301307859998316e-05,yes,0.00019786396942741912,0.00019786396942741912,positive,very weak,0.8996651303166677,0.9017683801829837,no
ERRANT,errant_r_pron_per_100_words,no,-0.004488629724000852,0.004488629724000852,negative,very weak,0.0042324321549543145,0.004461352886138076,yes,-0.00015737103185873075,0.00015737103185873075,negative,very weak,0.920121111042819,0.921733472802824,no
ERRANT,errant_m_punct_per_100_words,no,-0.0030814066757886235,0.0030814066757886235,negative,very weak,0.04958072664193836,0.051596447931386104,no,-9.111594849850368e-05,9.111594849850368e-05,negative,very weak,0.9536995644516435,0.9548130490569577,no
ERRANT,errant_r_noun_poss_per_100_words,no,-0.0014361155601002136,0.0014361155601002136,negative,very weak,0.3601217681256454,0.3665334316531049,no,-5.264888765338416e-05,5.264888765338416e-05,negative,very weak,0.973236533270723,0.9738043492177888,no
ERRANT,other_errors_per_100_words,no,,,not calculable,not calculable,,,no,,,not calculable,not calculable,,,no
