quality_rank,experiment,task,algorithm,feature_set,split,rounds,class_weight,evaluated_target,features,rows,accuracy,accuracy_standard_deviation,macro_f1,macro_f1_standard_deviation,ordinal_mae,ordinal_mae_standard_deviation,within_one_accuracy,within_one_accuracy_standard_deviation,quadratic_weighted_kappa,quadratic_weighted_kappa_standard_deviation,regression_mae,regression_mae_standard_deviation,regression_rmse,regression_rmse_standard_deviation,regression_r_squared,regression_r_squared_standard_deviation,regression_spearman_correlation,regression_spearman_correlation_standard_deviation,model_file,baseline_experiment,macro_f1_baseline,accuracy_baseline,ordinal_mae_baseline,baseline_model,macro_f1_gain_over_baseline,macro_f1_gain_over_baseline_standard_deviation,accuracy_gain_over_baseline,accuracy_gain_over_baseline_standard_deviation,ordinal_mae_reduction_over_baseline,ordinal_mae_reduction_over_baseline_standard_deviation
1,classifier__combined,level,classifier,combined,validation,200,balanced,cefr,1719,60230,0.9760916486800598,0.0007836551528563576,0.955979907186497,0.0023238241840969694,0.02684708616968288,0.0009144593588644819,0.997177486302507,0.0002303962542162779,0.9810767854962601,0.0007788816989909076,,,,,,,,,Thesis/2_Explainable_Boosting_Machine/3_Level_Prediction/1_Intermediate_Calculations/classifier__combined/model.joblib,classifier__majority,0.12947055190612541,0.4785821019425535,0.7957662294537606,Majority classifier,0.8265093552803715,0.002552500287431215,0.4975095467375063,0.005490217981802871,0.7689191432840777,0.011958520782183252
2,classifier__combined_plus_error_composition,level,classifier,combined_plus_error_composition,validation,200,balanced,cefr,1722,60230,0.9758592063755603,0.0007844429192565843,0.9558516557035102,0.0022764250889003973,0.02709613149593226,0.0009163764760676755,0.9971608832807571,0.0002318796586538178,0.9809060777923283,0.00077634220505082,,,,,,,,,Thesis/2_Explainable_Boosting_Machine/3_Level_Prediction/1_Intermediate_Calculations/classifier__combined_plus_error_composition/model.joblib,classifier__majority,0.12947055190612541,0.4785821019425535,0.7957662294537606,Majority classifier,0.8263811037973847,0.0025218875865396654,0.4972771044330068,0.0055004526104951495,0.7686700979578284,0.01195961710672862
3,classifier__complexity,level,classifier,complexity,validation,200,balanced,cefr,1650,60230,0.9757927942885605,0.0007781568248510099,0.9557083474644053,0.0022772028698816484,0.027245558691681885,0.0009102165854261217,0.9970612651502574,0.00023621083996330658,0.980742777616192,0.0007824833858665857,,,,,,,,,Thesis/2_Explainable_Boosting_Machine/3_Level_Prediction/1_Intermediate_Calculations/classifier__complexity/model.joblib,classifier__majority,0.12947055190612541,0.4785821019425535,0.7957662294537606,Majority classifier,0.8262377955582798,0.0025123320928713646,0.49721069234600695,0.005494293159584615,0.7685206707620788,0.011970919784527774
4,classifier__combined_without_duplicate_features,level,classifier,combined_without_duplicate_features,validation,200,balanced,cefr,1184,60230,0.9751618794620621,0.0007718649841329921,0.9553859342114259,0.002211962344662027,0.027926282583430183,0.0008955955638160872,0.9970280591067574,0.0002308486761821165,0.980298071651217,0.0007715228374585426,,,,,,,,,Thesis/2_Explainable_Boosting_Machine/3_Level_Prediction/1_Intermediate_Calculations/classifier__combined_without_duplicate_features/model.joblib,classifier__majority,0.12947055190612541,0.4785821019425535,0.7957662294537606,Majority classifier,0.8259153823053005,0.002462051526717758,0.4965797775195086,0.0055002065099960485,0.7678399468703304,0.011971853985800668
5,classifier__combined_without_length_and_duplicate_features,level,classifier,combined_without_length_and_duplicate_features,validation,200,balanced,cefr,1182,60230,0.9750788643533123,0.0007775251704771756,0.9546883356144464,0.002237103506568469,0.028158724887929604,0.0009176342324258333,0.9968952349327578,0.00023691830733423269,0.9799837030879119,0.0008061342230879686,,,,,,,,,Thesis/2_Explainable_Boosting_Machine/3_Level_Prediction/1_Intermediate_Calculations/classifier__combined_without_length_and_duplicate_features/model.joblib,classifier__majority,0.12947055190612541,0.4785821019425535,0.7957662294537606,Majority classifier,0.825217783708321,0.0024912529093692546,0.49649676241075874,0.005503276221493402,0.767607504565831,0.01197631341382612
6,classifier__complexity_without_length_features,level,classifier,complexity_without_length_features,validation,200,balanced,cefr,1641,60230,0.9756433670928109,0.00078628331737935,0.954680392149285,0.002340072400596707,0.027394985887431514,0.0009223285864567096,0.9970778681720073,0.00023565317474625835,0.9806405383132227,0.0007980085054207372,,,,,,,,,Thesis/2_Explainable_Boosting_Machine/3_Level_Prediction/1_Intermediate_Calculations/classifier__complexity_without_length_features/model.joblib,classifier__majority,0.12947055190612541,0.4785821019425535,0.7957662294537606,Majority classifier,0.8252098402431596,0.0025834950383172863,0.49706126515025734,0.005499462406708597,0.7683712435663291,0.011966628789759565
7,classifier__combined_without_length_features,level,classifier,combined_without_length_features,validation,200,balanced,cefr,1710,60230,0.9757595882450606,0.0008017619115333684,0.9546784838068312,0.002329310425209824,0.02731197077868172,0.0009421742434623463,0.9970446621285074,0.000237216415659963,0.9806491964088686,0.000807568318731186,,,,,,,,,Thesis/2_Explainable_Boosting_Machine/3_Level_Prediction/1_Intermediate_Calculations/classifier__combined_without_length_features/model.joblib,classifier__majority,0.12947055190612541,0.4785821019425535,0.7957662294537606,Majority classifier,0.8252079319007057,0.0025755457615010704,0.4971774863025071,0.005497620185839698,0.7684542586750789,0.011954923361362777
8,classifier__combined_without_length_correlated_and_duplicate_features,level,classifier,combined_without_length_correlated_and_duplicate_features,validation,200,balanced,cefr,1158,60230,0.9739332558525652,0.0008149107537155319,0.9531547269229828,0.002377506221555328,0.029719408932425702,0.0009797854714534025,0.9965133654325087,0.0002621065261832377,0.9785775220514262,0.0008762144183739913,,,,,,,,,Thesis/2_Explainable_Boosting_Machine/3_Level_Prediction/1_Intermediate_Calculations/classifier__combined_without_length_correlated_and_duplicate_features/model.joblib,classifier__majority,0.12947055190612541,0.4785821019425535,0.7957662294537606,Majority classifier,0.8236841750168573,0.0026323272968839504,0.49535115391001167,0.005516100317380344,0.7660468205213349,0.011970057743770818
9,classifier__complexity_without_length_correlated_features,level,classifier,complexity_without_length_correlated_features,validation,200,balanced,cefr,1613,60230,0.9746969948530633,0.0008047928051936332,0.9528765455623175,0.0023905793695002974,0.028706624605678233,0.0009668212060651978,0.9967458077370082,0.0002568699268729313,0.9794415411709322,0.0008494965156960558,,,,,,,,,Thesis/2_Explainable_Boosting_Machine/3_Level_Prediction/1_Intermediate_Calculations/classifier__complexity_without_length_correlated_features/model.joblib,classifier__majority,0.12947055190612541,0.4785821019425535,0.7957662294537606,Majority classifier,0.823405993656192,0.002625307456886571,0.49611489291050975,0.005489340677101748,0.7670596048480824,0.011939647670498642
10,classifier__combined_without_length_correlated_features,level,classifier,combined_without_length_correlated_features,validation,200,balanced,cefr,1675,60230,0.9748630250705629,0.000808178962997325,0.9526637127989469,0.0024081666514316623,0.028607006475178484,0.000975634286965332,0.9966793956500083,0.00026426142153434607,0.9794005835807656,0.0008597030754392284,,,,,,,,,Thesis/2_Explainable_Boosting_Machine/3_Level_Prediction/1_Intermediate_Calculations/classifier__combined_without_length_correlated_features/model.joblib,classifier__majority,0.12947055190612541,0.4785821019425535,0.7957662294537606,Majority classifier,0.8231931608928215,0.0026514112719227367,0.49628092312800937,0.0054966720413802,0.7671592229785822,0.011934866416864715
11,classifier__complexity,cefr,classifier,complexity,validation,200,balanced,cefr,1650,60230,0.966793956500083,0.0009092100017110404,0.9372254847404626,0.002658450618048955,0.03739000498090653,0.0010649233919704417,0.99599867175826,0.0002778601960656584,0.9737074016418409,0.0009424814199389693,,,,,,,,,Thesis/2_Explainable_Boosting_Machine/2_CEFR_Classification/1_Intermediate_Calculations/classifier__complexity/model.joblib,classifier__majority,0.12947055190612541,0.4785821019425535,0.7957662294537606,Majority classifier,0.8077549328343372,0.0029034297824012782,0.4882118545575295,0.005435224915032625,0.7583762244728541,0.01188996849908483
12,classifier__combined_plus_error_composition,cefr,classifier,combined_plus_error_composition,validation,200,balanced,cefr,1722,60230,0.9672422380873319,0.0009005759594032145,0.9369058763690076,0.0026069244485910836,0.03702473850240744,0.0010537166120754857,0.9958824506060103,0.0002791532609808806,0.9738642559515712,0.0009310955007056776,,,,,,,,,Thesis/2_Explainable_Boosting_Machine/2_CEFR_Classification/1_Intermediate_Calculations/classifier__combined_plus_error_composition/model.joblib,classifier__majority,0.12947055190612541,0.4785821019425535,0.7957662294537606,Majority classifier,0.8074353244628821,0.0028509984655641575,0.4886601361447784,0.005427809427647659,0.7587414909513532,0.011882828173173954
13,classifier__combined,cefr,classifier,combined,validation,200,balanced,cefr,1719,60230,0.9671592229785821,0.0008986190129610525,0.9366277729665112,0.0025856165712793474,0.037041341524157397,0.0010516598684397163,0.9959654657147601,0.00027728891014193273,0.9739129041210239,0.0009265496164370539,,,,,,,,,Thesis/2_Explainable_Boosting_Machine/2_CEFR_Classification/1_Intermediate_Calculations/classifier__combined/model.joblib,classifier__majority,0.12947055190612541,0.4785821019425535,0.7957662294537606,Majority classifier,0.8071572210603858,0.0028293760987622304,0.4885771210360286,0.005420752667674543,0.7587248879296032,0.011871788867064581
14,classifier__combined_without_length_features,cefr,classifier,combined_without_length_features,validation,200,balanced,cefr,1710,60230,0.9670928108915823,0.0009085562206656038,0.9366168369789232,0.0025895913252017466,0.03714095965465715,0.0010593936186727299,0.9959156566495102,0.0002767927259907123,0.9738159277323589,0.0009247495273188212,,,,,,,,,Thesis/2_Explainable_Boosting_Machine/2_CEFR_Classification/1_Intermediate_Calculations/classifier__combined_without_length_features/model.joblib,classifier__majority,0.12947055190612541,0.4785821019425535,0.7957662294537606,Majority classifier,0.8071462850727977,0.002826845837524541,0.48851070894902876,0.005416599827902239,0.7586252697991035,0.011866711662469899
15,classifier__complexity_without_length_features,cefr,classifier,complexity_without_length_features,validation,200,balanced,cefr,1641,60230,0.9669101776523327,0.0009026428902701655,0.9364863012588913,0.0026309435503641524,0.037290386850406775,0.001054809929781487,0.9959654657147601,0.000276468995624788,0.973784555806865,0.0009316843967389158,,,,,,,,,Thesis/2_Explainable_Boosting_Machine/2_CEFR_Classification/1_Intermediate_Calculations/classifier__complexity_without_length_features/model.joblib,classifier__majority,0.12947055190612541,0.4785821019425535,0.7957662294537606,Majority classifier,0.8070157493527659,0.0028719151772284295,0.48832807570977915,0.005432067230402342,0.7584758426033539,0.011882326026500536
16,classifier__combined_without_length_correlated_features,cefr,classifier,combined_without_length_correlated_features,validation,200,balanced,cefr,1675,60230,0.9657977751950855,0.0009169475279367388,0.9349624582429783,0.00249043296246437,0.03898389506890254,0.0010857091469050804,0.9954839780840113,0.00028805572458656827,0.9719978426246143,0.0009770821730922547,,,,,,,,,Thesis/2_Explainable_Boosting_Machine/2_CEFR_Classification/1_Intermediate_Calculations/classifier__combined_without_length_correlated_features/model.joblib,classifier__majority,0.12947055190612541,0.4785821019425535,0.7957662294537606,Majority classifier,0.8054919063368529,0.0027308298174245436,0.48721567325253196,0.005421191839654844,0.7567823343848581,0.011865395747226953
17,classifier__combined_without_length_and_duplicate_features,cefr,classifier,combined_without_length_and_duplicate_features,validation,200,balanced,cefr,1182,60230,0.9654989208035862,0.0009287217577924062,0.9347709613369247,0.0026901399274213518,0.03886767391665283,0.0010871219025277866,0.9958326415407605,0.0002833173964279891,0.9727039830800638,0.0009561004663959671,,,,,,,,,Thesis/2_Explainable_Boosting_Machine/2_CEFR_Classification/1_Intermediate_Calculations/classifier__combined_without_length_and_duplicate_features/model.joblib,classifier__majority,0.12947055190612541,0.4785821019425535,0.7957662294537606,Majority classifier,0.8053004094307993,0.002918128466687359,0.4869168188610327,0.00542182740631079,0.7568985555371078,0.01186998875033671
18,classifier__complexity_without_length_correlated_features,cefr,classifier,complexity_without_length_correlated_features,validation,200,balanced,cefr,1613,60230,0.9656483479993359,0.0009248544148577962,0.9347038637785653,0.0025094120879951176,0.039133322264652166,0.0010920092955062442,0.9954839780840113,0.0002871505075738898,0.9719173461723144,0.0009820914532044046,,,,,,,,,Thesis/2_Explainable_Boosting_Machine/2_CEFR_Classification/1_Intermediate_Calculations/classifier__complexity_without_length_correlated_features/model.joblib,classifier__majority,0.12947055190612541,0.4785821019425535,0.7957662294537606,Majority classifier,0.8052333118724398,0.0027597222123992332,0.48706624605678234,0.005432935059424622,0.7566329071891085,0.011880014561553989
19,classifier__combined_without_duplicate_features,cefr,classifier,combined_without_duplicate_features,validation,200,balanced,cefr,1184,60230,0.9656649510210858,0.0009414177550531484,0.9335787202597222,0.002717150516282733,0.03855221650340362,0.001100910949628374,0.9959820687365101,0.0002766489957320606,0.9730481368829615,0.0009548555458613438,,,,,,,,,Thesis/2_Explainable_Boosting_Machine/2_CEFR_Classification/1_Intermediate_Calculations/classifier__combined_without_duplicate_features/model.joblib,classifier__majority,0.12947055190612541,0.4785821019425535,0.7957662294537606,Majority classifier,0.8041081683535968,0.0029292127406535004,0.48708284907853233,0.00541292515618254,0.7572140129503571,0.011856002731876984
20,classifier__combined_without_length_correlated_and_duplicate_features,cefr,classifier,combined_without_length_correlated_and_duplicate_features,validation,200,balanced,cefr,1158,60230,0.9644529304333389,0.0009604898792361567,0.9316892342688334,0.002727378145536352,0.04042835796114893,0.0011335078365032603,0.9953677569317616,0.00029380370646344816,0.9711540755220708,0.0010209370830710062,,,,,,,,,Thesis/2_Explainable_Boosting_Machine/2_CEFR_Classification/1_Intermediate_Calculations/classifier__combined_without_length_correlated_and_duplicate_features/model.joblib,classifier__majority,0.12947055190612541,0.4785821019425535,0.7957662294537606,Majority classifier,0.802218682362708,0.0029374220634251795,0.4858708284907854,0.005415432870006203,0.7553378714926117,0.011860384319995901
21,classifier__training_mutual_information_features,level,classifier,training_mutual_information_features,validation,200,balanced,cefr,200,60230,0.9294537605844264,0.0013594224256726118,0.8799036282233785,0.003978666577938195,0.07833305661630417,0.0015747513791406484,0.9927112734517682,0.00037538019518696433,0.9472787571403959,0.0015574924408035431,,,,,,,,,Thesis/2_Explainable_Boosting_Machine/3_Level_Prediction/1_Intermediate_Calculations/classifier__training_mutual_information_features/model.joblib,classifier__majority,0.12947055190612541,0.4785821019425535,0.7957662294537606,Majority classifier,0.7504330763172531,0.0041543048016994205,0.4508716586418729,0.005326504790209002,0.7174331728374564,0.011798796384234655
22,classifier__training_information_gain_features,level,classifier,training_information_gain_features,validation,200,balanced,cefr,200,60230,0.9252365930599369,0.0014034920729546253,0.8739724213556995,0.004178554083065586,0.08251701809729371,0.0015986149678087439,0.9926116553212685,0.0003631018620326428,0.9451302911041406,0.0015783983311082426,,,,,,,,,Thesis/2_Explainable_Boosting_Machine/3_Level_Prediction/1_Intermediate_Calculations/classifier__training_information_gain_features/model.joblib,classifier__majority,0.12947055190612541,0.4785821019425535,0.7957662294537606,Majority classifier,0.7445018694495741,0.004354143705679851,0.44665449111738337,0.005325980276740282,0.7132492113564669,0.01179005626183331
23,classifier__polke,level,classifier,polke,validation,200,balanced,cefr,618,60230,0.9264320106259339,0.001374950329338172,0.8690174584322581,0.004029126175580899,0.08125518844429686,0.0015898867869878013,0.9926448613647684,0.0003834997395768194,0.9455268744443841,0.001519236944190449,,,,,,,,,Thesis/2_Explainable_Boosting_Machine/3_Level_Prediction/1_Intermediate_Calculations/classifier__polke/model.joblib,classifier__majority,0.12947055190612541,0.4785821019425535,0.7957662294537606,Majority classifier,0.7395469065261326,0.004199603322694223,0.4478499086833804,0.005336076599917266,0.7145110410094637,0.011718209141854102
24,classifier__training_mutual_information_features,cefr,classifier,training_mutual_information_features,validation,200,balanced,cefr,200,60230,0.9147102772704633,0.0015531994782957163,0.855172989093474,0.004469499698795057,0.09443798771376391,0.0017874779066545273,0.9913830317117716,0.0004193252362929365,0.9374497508173408,0.0017545996210677696,,,,,,,,,Thesis/2_Explainable_Boosting_Machine/2_CEFR_Classification/1_Intermediate_Calculations/classifier__training_mutual_information_features/model.joblib,classifier__majority,0.12947055190612541,0.4785821019425535,0.7957662294537606,Majority classifier,0.7257024371873485,0.0046098883349886795,0.43612817532790976,0.005258759363079994,0.7013282417399967,0.011689643408671856
25,classifier__training_information_gain_features,cefr,classifier,training_information_gain_features,validation,200,balanced,cefr,200,60230,0.9094803254192263,0.0016207224612781077,0.8472674753920157,0.004624174817910387,0.09996679395650009,0.0018545922628872796,0.9910841773202723,0.00042740712345640985,0.9341655074229633,0.0018138523602208663,,,,,,,,,Thesis/2_Explainable_Boosting_Machine/2_CEFR_Classification/1_Intermediate_Calculations/classifier__training_information_gain_features/model.joblib,classifier__majority,0.12947055190612541,0.4785821019425535,0.7957662294537606,Majority classifier,0.7177969234858903,0.004752291854655129,0.4308982234766728,0.0052471034409922075,0.6957994354972605,0.011660244300965456
26,classifier__polke,cefr,classifier,polke,validation,200,balanced,cefr,618,60230,0.9157064585754607,0.0015243555521212682,0.8470963047904891,0.004545960304805525,0.09387348497426531,0.0017776598311174236,0.9909679561680226,0.0004330123608737571,0.937031470952375,0.0017055898567486392,,,,,,,,,Thesis/2_Explainable_Boosting_Machine/2_CEFR_Classification/1_Intermediate_Calculations/classifier__polke/model.joblib,classifier__majority,0.12947055190612541,0.4785821019425535,0.7957662294537606,Majority classifier,0.7176257528843637,0.004705019801706347,0.4371243566329072,0.005264826009112154,0.7018927444794953,0.01163895907040675
27,regressor__combined,level,regressor,combined,validation,200,none,cefr,1719,60230,0.8644529304333388,0.0020343861048283908,0.7407427055157264,0.006104188340436896,0.13770546239415574,0.0021224487435994423,0.9978748132160054,0.0002268070175384864,0.9147918287382852,0.0017731921545306882,0.5971610493900461,0.004834124735203563,0.8870460146756647,0.008137420286485574,0.9026354329709773,0.0019478194247641643,0.9476811188848308,0.0009098751855177399,Thesis/2_Explainable_Boosting_Machine/3_Level_Prediction/1_Intermediate_Calculations/regressor__combined/model.joblib,regressor__median,0.09574277306997714,0.3146770712269633,0.7529304333388677,Median regressor,0.6449999324457493,0.0062705594150678215,0.5497758592063755,0.005058069003041281,0.615224970944712,0.006704370315992896
28,regressor__complexity,level,regressor,complexity,validation,200,none,cefr,1650,60230,0.864784990868338,0.00202741784938862,0.7383489319303624,0.006457469120445464,0.1373235928939067,0.0021175221386743283,0.9979246222812552,0.00021890717225061653,0.9150564824222053,0.0017609007623144263,0.5965194950012613,0.0048258673285708235,0.885759443016433,0.008107028387586802,0.9029176633112598,0.001950333360629163,0.9477494887639261,0.0009104538669123957,Thesis/2_Explainable_Boosting_Machine/3_Level_Prediction/1_Intermediate_Calculations/regressor__complexity/model.joblib,regressor__median,0.09574277306997714,0.3146770712269633,0.7529304333388677,Median regressor,0.6426061588603853,0.006618337831748561,0.5501079196413747,0.005070584949133512,0.615606840444961,0.006707537463131841
29,regressor__combined_plus_error_composition,level,regressor,combined_plus_error_composition,validation,200,none,cefr,1722,60230,0.8648181969118379,0.0020462801120673564,0.7379248149285839,0.00645902100723979,0.13727378382865682,0.0021265392169541324,0.9979412253030051,0.00021656938417914372,0.91519053068762,0.0017753316253102697,0.596378040316352,0.004815286120697087,0.8860146775728729,0.008096616047757724,0.9028617060479627,0.001943460771745442,0.9477273401649914,0.000906575855006109,Thesis/2_Explainable_Boosting_Machine/3_Level_Prediction/1_Intermediate_Calculations/regressor__combined_plus_error_composition/model.joblib,regressor__median,0.09574277306997714,0.3146770712269633,0.7529304333388677,Median regressor,0.6421820418586067,0.006622554330200701,0.5501411256848746,0.00507515058335808,0.6156566495102108,0.0067256095858527105
30,regressor__complexity_without_length_features,level,regressor,complexity_without_length_features,validation,200,none,cefr,1641,60230,0.8633571309978416,0.0020616210477580684,0.7333983042860523,0.006325881200478564,0.13868504067740328,0.002137638090730866,0.997991034368255,0.00021238787745177524,0.9142809877509865,0.0017556590844771225,0.6008842754129392,0.004868798308821633,0.8910182296323752,0.008148632204536554,0.9017614784569395,0.0019314801414682932,0.9471798654086547,0.000919262052206023,Thesis/2_Explainable_Boosting_Machine/3_Level_Prediction/1_Intermediate_Calculations/regressor__complexity_without_length_features/model.joblib,regressor__median,0.09574277306997714,0.3146770712269633,0.7529304333388677,Median regressor,0.6376555312160752,0.006476799300800853,0.5486800597708783,0.005070790059488371,0.6142453926614644,0.006689619958918087
31,regressor__combined_without_length_features,level,regressor,combined_without_length_features,validation,200,none,cefr,1710,60230,0.8619292711273452,0.0020851428478258554,0.7312994914075774,0.006175139081912572,0.14017931263489955,0.0021722869404454336,0.9979246222812552,0.00021764068670526815,0.9134025786122684,0.0017788231492973758,0.6009818009269268,0.0048652543626992945,0.89219587837333,0.008201851512930748,0.9015016253568487,0.0019302713816020847,0.9472513354075941,0.0009127102755538306,Thesis/2_Explainable_Boosting_Machine/3_Level_Prediction/1_Intermediate_Calculations/regressor__combined_without_length_features/model.joblib,regressor__median,0.09574277306997714,0.3146770712269633,0.7529304333388677,Median regressor,0.6355567183376003,0.006336404259990076,0.5472521999003819,0.005091114522096305,0.6127511207039681,0.006700927353102034
32,regressor__combined_without_duplicate_features,level,regressor,combined_without_duplicate_features,validation,200,none,cefr,1184,60230,0.8615806076705961,0.0020547899056906557,0.7298846241564562,0.0063241350288440875,0.1406441972438984,0.002138626832911508,0.9978250041507555,0.00021777984942541992,0.9127901904686665,0.0017878106491887695,0.6070785757222369,0.004881114046252153,0.8990099642436655,0.00820455050684992,0.8999913305181805,0.0019703917446920465,0.9462575452414497,0.0009365554900123895,Thesis/2_Explainable_Boosting_Machine/3_Level_Prediction/1_Intermediate_Calculations/regressor__combined_without_duplicate_features/model.joblib,regressor__median,0.09574277306997714,0.3146770712269633,0.7529304333388677,Median regressor,0.634141851086479,0.006493271436125275,0.5469035364436328,0.005091561758847258,0.6122862360949692,0.006709819277834565
33,regressor__combined_without_length_and_duplicate_features,level,regressor,combined_without_length_and_duplicate_features,validation,200,none,cefr,1182,60230,0.8610493109745974,0.002072714911522787,0.7253219273659768,0.006324520868650974,0.14107587580939732,0.0021529715506356877,0.9979080192595052,0.00021313573668204258,0.9125840563844648,0.0017585975925038504,0.6092244276833771,0.004894012095473561,0.901339166875098,0.00821118155115714,0.8994724436923708,0.0019705344379547375,0.946051485954595,0.0009389827945501072,Thesis/2_Explainable_Boosting_Machine/3_Level_Prediction/1_Intermediate_Calculations/regressor__combined_without_length_and_duplicate_features/model.joblib,regressor__median,0.09574277306997714,0.3146770712269633,0.7529304333388677,Median regressor,0.6295791542959996,0.006477717623491193,0.546372239747634,0.005068865905612145,0.6118545575294704,0.006665742517858974
34,regressor__combined_without_length_correlated_features,level,regressor,combined_without_length_correlated_features,validation,200,none,cefr,1675,60230,0.8599203054956002,0.002099784820331262,0.7160710993592074,0.00559518120024539,0.14227129337539432,0.0021794149957024803,0.9978416071725054,0.00021380867310372031,0.9116028156129423,0.0017285296696534472,0.6127446536608558,0.00499401976184494,0.9061031258922698,0.008308340265458155,0.8984069740116991,0.0019056731635713486,0.9457597506832648,0.0009394001701836818,Thesis/2_Explainable_Boosting_Machine/3_Level_Prediction/1_Intermediate_Calculations/regressor__combined_without_length_correlated_features/model.joblib,regressor__median,0.09574277306997714,0.3146770712269633,0.7529304333388677,Median regressor,0.6203283262892303,0.0057506250610701685,0.5452432342686369,0.005074592615009771,0.6106591399634733,0.006624279795320639
35,regressor__complexity_without_length_correlated_features,level,regressor,complexity_without_length_correlated_features,validation,200,none,cefr,1613,60230,0.8588411090818528,0.0021017513964172087,0.7143505579828002,0.006070594817924594,0.14338369583264154,0.0021835939426810133,0.9978084011290055,0.00022071492539247202,0.9108506708328137,0.001751064747072983,0.6128573903622518,0.005010454060189255,0.9058854300739895,0.008389551516698244,0.8984557846150554,0.001902815052942475,0.9458098311382072,0.0009377475519071752,Thesis/2_Explainable_Boosting_Machine/3_Level_Prediction/1_Intermediate_Calculations/regressor__complexity_without_length_correlated_features/model.joblib,regressor__median,0.09574277306997714,0.3146770712269633,0.7529304333388677,Median regressor,0.6186077849128231,0.006226875697004398,0.5441640378548895,0.005080708352216493,0.6095467375062261,0.006631664425367477
36,regressor__combined_without_length_correlated_and_duplicate_features,level,regressor,combined_without_length_correlated_and_duplicate_features,validation,200,none,cefr,1158,60230,0.8570147766893574,0.002105117543111309,0.711486709718994,0.005680938351115523,0.14512701311638718,0.002183294702471397,0.9978914162377552,0.0002144869171497633,0.9098078132441392,0.0017587858321548352,0.6220303247741318,0.005041103503672606,0.9183942985885435,0.008462380453880335,0.8956320875744648,0.0019435935998805215,0.9443637432997134,0.0009686592805284097,Thesis/2_Explainable_Boosting_Machine/3_Level_Prediction/1_Intermediate_Calculations/regressor__combined_without_length_correlated_and_duplicate_features/model.joblib,regressor__median,0.09574277306997714,0.3146770712269633,0.7529304333388677,Median regressor,0.6157439366490168,0.005853725981171868,0.5423377054623941,0.0050883501051745186,0.6078034202224805,0.006636968638841728
37,regressor__training_information_gain_features,level,regressor,training_information_gain_features,validation,200,none,cefr,200,60230,0.8355304665449111,0.002278688035424485,0.6944505423175608,0.007215881482490714,0.167192429022082,0.0023618352108373607,0.9973269134982566,0.00024198847300397472,0.8945484023635389,0.0020973410171393303,0.7216701474523923,0.005363552123469153,1.0342620266609683,0.008197389194925513,0.867636025817347,0.0026068035331347403,0.9264082745919592,0.0012864851631731941,Thesis/2_Explainable_Boosting_Machine/3_Level_Prediction/1_Intermediate_Calculations/regressor__training_information_gain_features/model.joblib,regressor__median,0.09574277306997714,0.3146770712269633,0.7529304333388677,Median regressor,0.5987077692475836,0.007364773473099003,0.5208533953179478,0.005171300659934804,0.5857380043167857,0.006688612774914378
38,regressor__training_mutual_information_features,level,regressor,training_mutual_information_features,validation,200,none,cefr,200,60230,0.8347501245226632,0.002252528806590144,0.6931452552295835,0.006926065140029292,0.16797277104433006,0.0023335536996358605,0.9973269134982566,0.00024098300907431767,0.8939283854422878,0.0020577281460210845,0.7264384075740321,0.005343419144963829,1.0381410908958344,0.008143148733263337,0.8666412852099936,0.002620701291121085,0.9255974622358424,0.001291484356829945,Thesis/2_Explainable_Boosting_Machine/3_Level_Prediction/1_Intermediate_Calculations/regressor__training_mutual_information_features/model.joblib,regressor__median,0.09574277306997714,0.3146770712269633,0.7529304333388677,Median regressor,0.5974024821596063,0.007061077580980417,0.5200730532956999,0.005129350772918147,0.5849576622945376,0.00662873554960903
39,regressor__polke,level,regressor,polke,validation,200,none,cefr,618,60230,0.8272953677569318,0.002247510144516576,0.6892705475702489,0.005903734733945224,0.17597542752781006,0.002355259017217215,0.996795616802258,0.0002867228046180394,0.8887218953753375,0.002200012452833838,0.7259595750489372,0.005218639023414477,1.041099469565065,0.00827337282322961,0.8658801406639498,0.002645672705886394,0.9257597876797795,0.0013248080046056629,Thesis/2_Explainable_Boosting_Machine/3_Level_Prediction/1_Intermediate_Calculations/regressor__polke/model.joblib,regressor__median,0.09574277306997714,0.3146770712269633,0.7529304333388677,Median regressor,0.5935277745002717,0.00606435287681548,0.5126182965299685,0.005110868372811107,0.5769550058110576,0.0066752784811357595
40,classifier__length_only,cefr,classifier,length_only,validation,200,balanced,cefr,9,60230,0.7523161215341192,0.002855572295792326,0.6740474789102991,0.0064346273428841465,0.2731695168520671,0.0032232125023080784,0.9754441308318114,0.0007063393906911956,0.8326887013822215,0.0039651980972502995,,,,,,,,,Thesis/2_Explainable_Boosting_Machine/2_CEFR_Classification/1_Intermediate_Calculations/classifier__length_only/model.joblib,classifier__majority,0.12947055190612541,0.4785821019425535,0.7957662294537606,Majority classifier,0.5445769270041737,0.006658259073329544,0.2737340195915657,0.005610720873741695,0.5225967126016935,0.012178095716451466
41,classifier__length_only,level,classifier,length_only,validation,200,balanced,cefr,9,60230,0.7534783330566163,0.002838483184465578,0.6732035023895886,0.0063889661220216595,0.2714261995683214,0.003188580669994754,0.9758260003320605,0.0006917982565832548,0.8334488929949984,0.003953721221665258,,,,,,,,,Thesis/2_Explainable_Boosting_Machine/3_Level_Prediction/1_Intermediate_Calculations/classifier__length_only/model.joblib,classifier__majority,0.12947055190612541,0.4785821019425535,0.7957662294537606,Majority classifier,0.5437329504834632,0.006603410709397656,0.27489623111406275,0.005490056434134191,0.5243400298854393,0.01206166941100043
42,classifier__accuracy,cefr,classifier,accuracy,validation,200,balanced,cefr,69,60230,0.7001162211522497,0.0029045918689005207,0.6086625385132127,0.006048727456395646,0.3518346339033704,0.0036078897482560096,0.9544247052963639,0.0010586834588779221,0.7569869753623317,0.0047517122283910205,,,,,,,,,Thesis/2_Explainable_Boosting_Machine/2_CEFR_Classification/1_Intermediate_Calculations/classifier__accuracy/model.joblib,classifier__majority,0.12947055190612541,0.4785821019425535,0.7957662294537606,Majority classifier,0.4791919866070873,0.0061816625676936994,0.22153411920969618,0.004583473183224873,0.44393159555039025,0.010837602656581471
43,classifier__accuracy,level,classifier,accuracy,validation,200,balanced,cefr,69,60230,0.7000664120869998,0.002875273457443444,0.607562302807217,0.006137855839935525,0.3516520006641209,0.003582422089749849,0.9546405445791134,0.001057537634476436,0.7562029698845204,0.0047832982136145515,,,,,,,,,Thesis/2_Explainable_Boosting_Machine/3_Level_Prediction/1_Intermediate_Calculations/classifier__accuracy/model.joblib,classifier__majority,0.12947055190612541,0.4785821019425535,0.7957662294537606,Majority classifier,0.4780917509010916,0.006277510197281155,0.2214843101444463,0.00452974604793941,0.44411422878963974,0.010785800448977591
44,regressor__length_only,level,regressor,length_only,validation,200,none,cefr,9,60230,0.754391499252864,0.0029129839215960795,0.5699089016638855,0.006347608767054008,0.25493939897061263,0.0030710083394457077,0.9909513531462726,0.0004353672172210234,0.8232332068668268,0.003413616013289746,1.0832331357255547,0.006357533236170494,1.4416999697406996,0.008639275556930733,0.7428074303674952,0.005481160832059962,0.8322136149632242,0.0029047262752585658,Thesis/2_Explainable_Boosting_Machine/3_Level_Prediction/1_Intermediate_Calculations/regressor__length_only/model.joblib,regressor__median,0.09574277306997714,0.3146770712269633,0.7529304333388677,Median regressor,0.4741661285939084,0.006433448991632543,0.43971442802590066,0.005016531399156366,0.49799103436825504,0.00644295203227297
45,regressor__accuracy,level,regressor,accuracy,validation,200,none,cefr,69,60230,0.6563340527976091,0.003065228205082079,0.44165574628887966,0.0033361846558244675,0.3611157230615972,0.0035754962397010147,0.9835630084675411,0.0008255692974425339,0.710411333236386,0.003986689830180159,1.2892017511355107,0.008742885891353146,1.7492703583398659,0.01385770730346922,0.6213634687042482,0.005272946295790495,0.7706887730372559,0.0030410928006335955,Thesis/2_Explainable_Boosting_Machine/3_Level_Prediction/1_Intermediate_Calculations/regressor__accuracy/model.joblib,regressor__median,0.09574277306997714,0.3146770712269633,0.7529304333388677,Median regressor,0.3459129732189025,0.0033530432952749386,0.34165698157064583,0.004013150055836348,0.39181471027727044,0.005147376484987402
46,classifier__majority,cefr,classifier,majority,validation,200,none,cefr,0,60230,0.4785821019425535,0.005601567423949967,0.12947055190612541,0.0010251433570783613,0.7957662294537606,0.012171871797745674,0.7932591731695169,0.005074310147393013,0.0,0.0,,,,,,,,,Thesis/2_Explainable_Boosting_Machine/2_CEFR_Classification/1_Intermediate_Calculations/classifier__majority/model.joblib,classifier__majority,0.12947055190612541,0.4785821019425535,0.7957662294537606,Majority classifier,0.0,0.0,0.0,0.0,0.0,0.0
47,classifier__majority,level,classifier,majority,validation,200,none,cefr,0,60230,0.4785821019425535,0.005601567423949967,0.12947055190612541,0.0010251433570783613,0.7957662294537606,0.012171871797745674,0.7932591731695169,0.005074310147393013,0.0,0.0,,,,,,,,,Thesis/2_Explainable_Boosting_Machine/3_Level_Prediction/1_Intermediate_Calculations/classifier__majority/model.joblib,classifier__majority,0.12947055190612541,0.4785821019425535,0.7957662294537606,Majority classifier,0.0,0.0,0.0,0.0,0.0,0.0
48,regressor__median,level,regressor,median,validation,200,none,cefr,0,60230,0.3146770712269633,0.004597150928642841,0.09574277306997714,0.001063861916882179,0.7529304333388677,0.006966822028110838,0.9450606010293874,0.0029670036323405447,0.0,0.0,2.2286568155404285,0.022872090920671655,2.84284246469916,0.034235324989401905,-3.275933399748965e-05,0.00030202458212366315,,,Thesis/2_Explainable_Boosting_Machine/3_Level_Prediction/1_Intermediate_Calculations/regressor__median/model.joblib,regressor__median,0.09574277306997714,0.3146770712269633,0.7529304333388677,Median regressor,0.0,0.0,0.0,0.0,0.0,0.0
1,classifier__combined,level,classifier,combined,validation,200,balanced,level,1719,60230,0.9444296862028889,0.0012486161697642854,0.9035440194194648,0.004375335607617107,0.11522497094471194,0.003162930153149655,0.9704466212850739,0.0008764652077886571,0.9785023276638602,0.0008619821145500776,,,,,,,,,Thesis/2_Explainable_Boosting_Machine/3_Level_Prediction/1_Intermediate_Calculations/classifier__combined/model.joblib,classifier__majority,0.02594994539903278,0.24165698157064586,3.016270961314959,Majority classifier,0.877594074020432,0.0043988251164181124,0.7027727046322431,0.0033918890992180174,2.9010459903702475,0.03671843293716638
2,classifier__complexity,level,classifier,complexity,validation,200,balanced,level,1650,60230,0.9441806408766396,0.0012411330693602206,0.9024730627596059,0.004446510869473445,0.11532458907521169,0.0030816241673096933,0.9703470031545741,0.0008601178207216279,0.978533158813115,0.0008369921911732158,,,,,,,,,Thesis/2_Explainable_Boosting_Machine/3_Level_Prediction/1_Intermediate_Calculations/classifier__complexity/model.joblib,classifier__majority,0.02594994539903278,0.24165698157064586,3.016270961314959,Majority classifier,0.8765231173605732,0.004469116507194956,0.7025236593059937,0.0033792204919454298,2.9009463722397477,0.03674960588565517
3,classifier__combined_plus_error_composition,level,classifier,combined_plus_error_composition,validation,200,balanced,level,1722,60230,0.9448447617466379,0.0012574388251460143,0.9022624379442216,0.004331626788524891,0.11452764403121368,0.003174163169060515,0.9704466212850739,0.0008874448979981563,0.9785255032040102,0.0008523607879252613,,,,,,,,,Thesis/2_Explainable_Boosting_Machine/3_Level_Prediction/1_Intermediate_Calculations/classifier__combined_plus_error_composition/model.joblib,classifier__majority,0.02594994539903278,0.24165698157064586,3.016270961314959,Majority classifier,0.8763124925451888,0.0043544466766064415,0.703187780175992,0.003387158526137172,2.9017433172837457,0.03669033592512227
4,classifier__combined_without_length_features,level,classifier,combined_without_length_features,validation,200,balanced,level,1710,60230,0.9445459073551387,0.0012747307183133387,0.9020753741641575,0.004277831536181412,0.11532458907521169,0.0032212173731470365,0.9702971940893242,0.0008948636854168917,0.9783686550209312,0.0008693857044442402,,,,,,,,,Thesis/2_Explainable_Boosting_Machine/3_Level_Prediction/1_Intermediate_Calculations/classifier__combined_without_length_features/model.joblib,classifier__majority,0.02594994539903278,0.24165698157064586,3.016270961314959,Majority classifier,0.8761254287651248,0.004298675853945401,0.7028889257844928,0.0033847909262223327,2.9009463722397477,0.03667637987622806
5,classifier__complexity_without_length_features,level,classifier,complexity_without_length_features,validation,200,balanced,level,1641,60230,0.9441142287896397,0.001262251446946007,0.9009088686151446,0.004421691690616509,0.11567325253196081,0.003172334756688402,0.9701809729370745,0.000884354334438298,0.9784824931171975,0.0008612652429744609,,,,,,,,,Thesis/2_Explainable_Boosting_Machine/3_Level_Prediction/1_Intermediate_Calculations/classifier__complexity_without_length_features/model.joblib,classifier__majority,0.02594994539903278,0.24165698157064586,3.016270961314959,Majority classifier,0.8749589232161119,0.004446209946946677,0.7024572472189938,0.0033816412576126594,2.9005977087829984,0.036732485998150655
6,classifier__combined_without_duplicate_features,level,classifier,combined_without_duplicate_features,validation,200,balanced,level,1184,60230,0.9430682384193924,0.001234113437366023,0.900088895399983,0.0046701633615472485,0.11741656981570646,0.003033706218746672,0.9698821185455753,0.0008712137754449469,0.97812850583185,0.0008302248421882089,,,,,,,,,Thesis/2_Explainable_Boosting_Machine/3_Level_Prediction/1_Intermediate_Calculations/classifier__combined_without_duplicate_features/model.joblib,classifier__majority,0.02594994539903278,0.24165698157064586,3.016270961314959,Majority classifier,0.8741389500009502,0.004696325945484297,0.7014112568487465,0.003381066046583198,2.8988543914992526,0.03677236719904475
7,classifier__combined_without_length_and_duplicate_features,level,classifier,combined_without_length_and_duplicate_features,validation,200,balanced,level,1182,60230,0.9430184293541425,0.001244545050556847,0.8999147539656768,0.0046547536991692175,0.1180806906857048,0.003127499512303055,0.9697326913498256,0.0008922385766386762,0.9778303694595628,0.0008720923021172594,,,,,,,,,Thesis/2_Explainable_Boosting_Machine/3_Level_Prediction/1_Intermediate_Calculations/classifier__combined_without_length_and_duplicate_features/model.joblib,classifier__majority,0.02594994539903278,0.24165698157064586,3.016270961314959,Majority classifier,0.873964808566644,0.004680355136253204,0.7013614477834966,0.003380871156060051,2.8981902706292546,0.036784521544475604
8,classifier__combined_without_length_correlated_and_duplicate_features,level,classifier,combined_without_length_correlated_and_duplicate_features,validation,200,balanced,level,1158,60230,0.9421550722231447,0.0012474608181308883,0.8998226410699471,0.0045524872844165225,0.12282915490619292,0.003279344243832116,0.9686700979578283,0.0008985685859760771,0.9762497943447095,0.0009421580882478326,,,,,,,,,Thesis/2_Explainable_Boosting_Machine/3_Level_Prediction/1_Intermediate_Calculations/classifier__combined_without_length_correlated_and_duplicate_features/model.joblib,classifier__majority,0.02594994539903278,0.24165698157064586,3.016270961314959,Majority classifier,0.8738726956709144,0.004581338670039359,0.7004980906524988,0.0033852447700440567,2.893441806408766,0.036747774141676376
9,classifier__combined_without_length_correlated_features,level,classifier,combined_without_length_correlated_features,validation,200,balanced,level,1675,60230,0.9437157562676407,0.0012838566255051794,0.8997818191645187,0.00459025863823613,0.11937572638220156,0.0033528382435085674,0.9696994853063258,0.0009011303167602093,0.9769029446305405,0.0009191351442689744,,,,,,,,,Thesis/2_Explainable_Boosting_Machine/3_Level_Prediction/1_Intermediate_Calculations/classifier__combined_without_length_correlated_features/model.joblib,classifier__majority,0.02594994539903278,0.24165698157064586,3.016270961314959,Majority classifier,0.873831873765486,0.004611077328416624,0.7020587746969948,0.0033852713181010915,2.8968952349327575,0.03660277436700716
10,classifier__complexity_without_length_correlated_features,level,classifier,complexity_without_length_correlated_features,validation,200,balanced,level,1613,60230,0.9435165200066412,0.0012584968521760034,0.8993022842070768,0.004614837101271547,0.11919309314295201,0.0032836724353318358,0.9695334550888262,0.0008839312264812335,0.9771758427730999,0.0009068373490792378,,,,,,,,,Thesis/2_Explainable_Boosting_Machine/3_Level_Prediction/1_Intermediate_Calculations/classifier__complexity_without_length_correlated_features/model.joblib,classifier__majority,0.02594994539903278,0.24165698157064586,3.016270961314959,Majority classifier,0.873352338808044,0.004636140898398911,0.7018595384359954,0.003373393540910184,2.897077868172007,0.03664312022865544
11,classifier__training_mutual_information_features,level,classifier,training_mutual_information_features,validation,200,balanced,level,200,60230,0.8428856051801428,0.0019137656992160184,0.7457596744592092,0.006276897729825714,0.3301676905196746,0.004985166579345353,0.9147102772704633,0.001429899056592746,0.940598733706872,0.0016907312972483767,,,,,,,,,Thesis/2_Explainable_Boosting_Machine/3_Level_Prediction/1_Intermediate_Calculations/classifier__training_mutual_information_features/model.joblib,classifier__majority,0.02594994539903278,0.24165698157064586,3.016270961314959,Majority classifier,0.7198097290601764,0.0062998979720664166,0.6012286236094969,0.0032833434584114704,2.6861032707952845,0.03601210214167008
12,classifier__training_information_gain_features,level,classifier,training_information_gain_features,validation,200,balanced,level,200,60230,0.8271127345176822,0.0019877446752768835,0.7288563793096217,0.006748106050359546,0.35346173003486636,0.0051350645680099775,0.9091316619624772,0.001509464227207785,0.9386384207455722,0.0016767401604370516,,,,,,,,,Thesis/2_Explainable_Boosting_Machine/3_Level_Prediction/1_Intermediate_Calculations/classifier__training_information_gain_features/model.joblib,classifier__majority,0.02594994539903278,0.24165698157064586,3.016270961314959,Majority classifier,0.7029064339105888,0.006770414979368129,0.5854557529470363,0.0033233984883063064,2.662809231280093,0.035818504237399906
13,classifier__polke,level,classifier,polke,validation,200,balanced,level,618,60230,0.8347335215009132,0.0020279683641026146,0.7218462291182131,0.005658038301076409,0.33753943217665616,0.005191001868928508,0.9133488294869666,0.0014452898960800413,0.9405324303087415,0.0016245103491453435,,,,,,,,,Thesis/2_Explainable_Boosting_Machine/3_Level_Prediction/1_Intermediate_Calculations/classifier__polke/model.joblib,classifier__majority,0.02594994539903278,0.24165698157064586,3.016270961314959,Majority classifier,0.6958962837191802,0.005689306215755608,0.5930765399302673,0.0034578479425957354,2.678731529138303,0.03588913585163479
14,regressor__complexity,level,regressor,complexity,validation,200,none,level,1650,60230,0.5740660800265648,0.0028661194711537864,0.3795763324498743,0.0037744978980503415,0.5411588909181471,0.005186066223108724,0.9139465382699651,0.001816514509405228,0.9447141196530705,0.0011000880558638588,0.5965194950012613,0.0048258673285708235,0.885759443016433,0.008107028387586802,0.9029176633112598,0.001950333360629163,0.9477494887639261,0.0009104538669123957,Thesis/2_Explainable_Boosting_Machine/3_Level_Prediction/1_Intermediate_Calculations/regressor__complexity/model.joblib,regressor__median,0.019774314884470717,0.17413249211356466,2.2286568155404285,Median regressor,0.3598020175654036,0.003802414093939408,0.39993358791300015,0.003609568957952688,1.6874979246222814,0.020317819784470673
15,regressor__combined_plus_error_composition,level,regressor,combined_plus_error_composition,validation,200,none,level,1722,60230,0.5732857380043168,0.002864321632559409,0.37898768172200786,0.0041399221843324745,0.5429022082018927,0.005227143915324007,0.9133820355304666,0.0018404374230793336,0.9444554932554383,0.0011054151951432431,0.596378040316352,0.004815286120697087,0.8860146775728729,0.008096616047757724,0.9028617060479627,0.001943460771745442,0.9477273401649914,0.000906575855006109,Thesis/2_Explainable_Boosting_Machine/3_Level_Prediction/1_Intermediate_Calculations/regressor__combined_plus_error_composition/model.joblib,regressor__median,0.019774314884470717,0.17413249211356466,2.2286568155404285,Median regressor,0.35921336683753713,0.00416565198747529,0.3991532458907522,0.003566975822712593,1.6857546073385357,0.020269968584540714
16,regressor__combined,level,regressor,combined,validation,200,none,level,1719,60230,0.5729038685040677,0.0028756669050926426,0.37818445934748546,0.0035886922094810897,0.5429354142453927,0.005215865468211706,0.9131661962477171,0.0018481945246904285,0.9445470773790114,0.0010958363447214133,0.5971610493900461,0.004834124735203563,0.8870460146756647,0.008137420286485574,0.9026354329709773,0.0019478194247641643,0.9476811188848308,0.0009098751855177399,Thesis/2_Explainable_Boosting_Machine/3_Level_Prediction/1_Intermediate_Calculations/regressor__combined/model.joblib,regressor__median,0.019774314884470717,0.17413249211356466,2.2286568155404285,Median regressor,0.3584101444630147,0.0036160681132986253,0.3987713763905031,0.003586139541070297,1.685721401295036,0.020237478793808092
17,regressor__complexity_without_length_features,level,regressor,complexity_without_length_features,validation,200,none,level,1641,60230,0.5696496762410759,0.00289392977715002,0.37753896762249056,0.003984985954168374,0.547600863357131,0.005302483368638262,0.9121534119209697,0.0018746061816360714,0.9439932952180371,0.0010884666729374978,0.6008842754129392,0.004868798308821633,0.8910182296323752,0.008148632204536554,0.9017614784569395,0.0019314801414682932,0.9471798654086547,0.000919262052206023,Thesis/2_Explainable_Boosting_Machine/3_Level_Prediction/1_Intermediate_Calculations/regressor__complexity_without_length_features/model.joblib,regressor__median,0.019774314884470717,0.17413249211356466,2.2286568155404285,Median regressor,0.35776465273801983,0.00400739767282482,0.39551718412751125,0.003584695079922854,1.6810559521832975,0.02019715529520138
18,regressor__combined_without_length_features,level,regressor,combined_without_length_features,validation,200,none,level,1710,60230,0.5701809729370746,0.002869306964805026,0.37610761811547194,0.003602733048283,0.5478333056616305,0.005254325729087768,0.9119209696164702,0.0018619536691602244,0.9438012636662166,0.0010962070307232851,0.6009818009269268,0.0048652543626992945,0.89219587837333,0.008201851512930748,0.9015016253568487,0.0019302713816020847,0.9472513354075941,0.0009127102755538306,Thesis/2_Explainable_Boosting_Machine/3_Level_Prediction/1_Intermediate_Calculations/regressor__combined_without_length_features/model.joblib,regressor__median,0.019774314884470717,0.17413249211356466,2.2286568155404285,Median regressor,0.3563333032310012,0.0036292149938726035,0.39604848082350996,0.003592656090803899,1.680823509878798,0.020226857701394454
19,regressor__combined_without_duplicate_features,level,regressor,combined_without_duplicate_features,validation,200,none,level,1184,60230,0.5652498754773368,0.002872994796413396,0.3728654775307704,0.0036207526694610197,0.5543084841441143,0.0052710918041094165,0.9109247883114727,0.0018711709872155484,0.9429418550865301,0.001115992878131,0.6070785757222369,0.004881114046252153,0.8990099642436655,0.00820455050684992,0.8999913305181805,0.0019703917446920465,0.9462575452414497,0.0009365554900123895,Thesis/2_Explainable_Boosting_Machine/3_Level_Prediction/1_Intermediate_Calculations/regressor__combined_without_duplicate_features/model.joblib,regressor__median,0.019774314884470717,0.17413249211356466,2.2286568155404285,Median regressor,0.35309116264629964,0.0036478955729356733,0.3911173833637722,0.003615791507745483,1.6743483313963141,0.02025532973286373
20,regressor__combined_without_length_and_duplicate_features,level,regressor,combined_without_length_and_duplicate_features,validation,200,none,level,1182,60230,0.5624439648015939,0.002838748341122099,0.37205459317154344,0.003939786235981073,0.5577453096463556,0.005257592634143376,0.9103104765067243,0.001888096950022352,0.9425897428046556,0.0011108729312906834,0.6092244276833771,0.004894012095473561,0.901339166875098,0.00821118155115714,0.8994724436923708,0.0019705344379547375,0.946051485954595,0.0009389827945501072,Thesis/2_Explainable_Boosting_Machine/3_Level_Prediction/1_Intermediate_Calculations/regressor__combined_without_length_and_duplicate_features/model.joblib,regressor__median,0.019774314884470717,0.17413249211356466,2.2286568155404285,Median regressor,0.3522802782870727,0.003963223861576568,0.38831147268802924,0.003574347899282897,1.670911505894073,0.020207462526428178
21,regressor__combined_without_length_correlated_features,level,regressor,combined_without_length_correlated_features,validation,200,none,level,1675,60230,0.5613149593225967,0.002891276990728429,0.36597351153031227,0.0038084779093269677,0.5602191598870995,0.005348730080916904,0.9094305163539764,0.001861824722615488,0.9420639729864043,0.0010831831887087705,0.6127446536608558,0.00499401976184494,0.9061031258922698,0.008308340265458155,0.8984069740116991,0.0019056731635713486,0.9457597506832648,0.0009394001701836818,Thesis/2_Explainable_Boosting_Machine/3_Level_Prediction/1_Intermediate_Calculations/regressor__combined_without_length_correlated_features/model.joblib,regressor__median,0.019774314884470717,0.17413249211356466,2.2286568155404285,Median regressor,0.34619919664584153,0.0038254134806250794,0.38718246720903204,0.0035842185510659634,1.668437655653329,0.020057626670709802
22,regressor__complexity_without_length_correlated_features,level,regressor,complexity_without_length_correlated_features,validation,200,none,level,1613,60230,0.5601859538435995,0.0029137273467660717,0.3639527603412837,0.003937632952315363,0.5614809895400963,0.0054298620796593,0.9091648680059771,0.0019015379947909536,0.9419224000801565,0.001085235944373256,0.6128573903622518,0.005010454060189255,0.9058854300739895,0.008389551516698244,0.8984557846150554,0.001902815052942475,0.9458098311382072,0.0009377475519071752,Thesis/2_Explainable_Boosting_Machine/3_Level_Prediction/1_Intermediate_Calculations/regressor__complexity_without_length_correlated_features/model.joblib,regressor__median,0.019774314884470717,0.17413249211356466,2.2286568155404285,Median regressor,0.344178445456813,0.003956103625946239,0.38605346173003485,0.0035460470910548977,1.6671758260003322,0.019951581307064998
23,regressor__combined_without_length_correlated_and_duplicate_features,level,regressor,combined_without_length_correlated_and_duplicate_features,validation,200,none,level,1158,60230,0.5540428357961149,0.0028202511921093746,0.3620387506657944,0.003906993581409312,0.5723227627428192,0.005382294444384607,0.9058110576124855,0.0019272191618041653,0.9403023370072697,0.0011132791847729443,0.6220303247741318,0.005041103503672606,0.9183942985885435,0.008462380453880335,0.8956320875744648,0.0019435935998805215,0.9443637432997134,0.0009686592805284097,Thesis/2_Explainable_Boosting_Machine/3_Level_Prediction/1_Intermediate_Calculations/regressor__combined_without_length_correlated_and_duplicate_features/model.joblib,regressor__median,0.019774314884470717,0.17413249211356466,2.2286568155404285,Median regressor,0.34226443578132365,0.003928435575856597,0.3799103436825503,0.0035335647407499903,1.6563340527976091,0.020031482679640486
24,regressor__training_information_gain_features,level,regressor,training_information_gain_features,validation,200,none,level,200,60230,0.4949526813880126,0.0027720802928292354,0.3209914973742507,0.004306225012607341,0.6778515689855553,0.005666145533052932,0.870396812219824,0.002147008577517034,0.9243490772827383,0.001479940372452015,0.7216701474523923,0.005363552123469153,1.0342620266609683,0.008197389194925513,0.867636025817347,0.0026068035331347403,0.9264082745919592,0.0012864851631731941,Thesis/2_Explainable_Boosting_Machine/3_Level_Prediction/1_Intermediate_Calculations/regressor__training_information_gain_features/model.joblib,regressor__median,0.019774314884470717,0.17413249211356466,2.2286568155404285,Median regressor,0.30121718248977997,0.004325588721045426,0.320820189274448,0.0035226324731969403,1.5508052465548732,0.02019727487526259
25,regressor__polke,level,regressor,polke,validation,200,none,level,618,60230,0.48934086003652666,0.0026931772529457327,0.32032277848743135,0.0038126148569834948,0.6849742653162876,0.005552719212251149,0.870795284741823,0.0020982303656432466,0.9233726428317599,0.0014861524751212903,0.7259595750489372,0.005218639023414477,1.041099469565065,0.00827337282322961,0.8658801406639498,0.002645672705886394,0.9257597876797795,0.0013248080046056629,Thesis/2_Explainable_Boosting_Machine/3_Level_Prediction/1_Intermediate_Calculations/regressor__polke/model.joblib,regressor__median,0.019774314884470717,0.17413249211356466,2.2286568155404285,Median regressor,0.3005484636029606,0.0038309667651556666,0.31520836792296203,0.003493251569895447,1.543682550224141,0.020254052167344144
26,regressor__training_mutual_information_features,level,regressor,training_mutual_information_features,validation,200,none,level,200,60230,0.4903536443632741,0.0027305348188961464,0.31811052821707453,0.004096866284085726,0.6840444960982899,0.005643261653567974,0.8684708616968289,0.0021723457864341504,0.9236945665455657,0.0014743046030209171,0.7264384075740321,0.005343419144963829,1.0381410908958344,0.008143148733263337,0.8666412852099936,0.002620701291121085,0.9255974622358424,0.001291484356829945,Thesis/2_Explainable_Boosting_Machine/3_Level_Prediction/1_Intermediate_Calculations/regressor__training_mutual_information_features/model.joblib,regressor__median,0.019774314884470717,0.17413249211356466,2.2286568155404285,Median regressor,0.2983362133326038,0.004117569657145235,0.3162211522497095,0.0035288751056509033,1.5446123194421386,0.020146408045821806
27,classifier__length_only,level,classifier,length_only,validation,200,balanced,level,9,60230,0.39473684210526316,0.0025862741388713723,0.25465636733292385,0.00452919249796161,1.1987547733687531,0.008065507555421816,0.6813548065747966,0.0026159567066173024,0.8254372975176532,0.003902167796579148,,,,,,,,,Thesis/2_Explainable_Boosting_Machine/3_Level_Prediction/1_Intermediate_Calculations/classifier__length_only/model.joblib,classifier__majority,0.02594994539903278,0.24165698157064586,3.016270961314959,Majority classifier,0.22870642193389107,0.004549846299340959,0.1530798605346173,0.002920987882348774,1.817516187946206,0.03582129572633575
28,classifier__accuracy,level,classifier,accuracy,validation,200,balanced,level,69,60230,0.3393159555039017,0.0023734635053613375,0.24152406844084287,0.0037145090914383933,1.413531462726216,0.009070283710925872,0.619591565664951,0.002693876316271513,0.7589929849632467,0.004592874888670828,,,,,,,,,Thesis/2_Explainable_Boosting_Machine/3_Level_Prediction/1_Intermediate_Calculations/classifier__accuracy/model.joblib,classifier__majority,0.02594994539903278,0.24165698157064586,3.016270961314959,Majority classifier,0.2155741230418101,0.003759846551019226,0.09765897393325584,0.0030443680513879304,1.602739498588743,0.03373557199637977
29,regressor__length_only,level,regressor,length_only,validation,200,none,level,9,60230,0.33152913830317116,0.0023259438893872752,0.20893235473769595,0.0027423335737732733,1.0502905528806243,0.0066761560268525245,0.7486468537273784,0.0026835950504659144,0.8474816425245729,0.0031696943153145477,1.0832331357255547,0.006357533236170494,1.4416999697406996,0.008639275556930733,0.7428074303674952,0.005481160832059962,0.8322136149632242,0.0029047262752585658,Thesis/2_Explainable_Boosting_Machine/3_Level_Prediction/1_Intermediate_Calculations/regressor__length_only/model.joblib,regressor__median,0.019774314884470717,0.17413249211356466,2.2286568155404285,Median regressor,0.18915803985322524,0.002769962563746466,0.1573966461896065,0.0032664747750159023,1.1783662626598042,0.020618071153878023
30,regressor__accuracy,level,regressor,accuracy,validation,200,none,level,69,60230,0.3011456085007471,0.002237075037954538,0.16778269956523362,0.0019938180067421624,1.2801095799435498,0.008788711690465868,0.6522331064253695,0.0028607036938440938,0.7512387628975618,0.003213997927380909,1.2892017511355107,0.008742885891353146,1.7492703583398659,0.01385770730346922,0.6213634687042482,0.005272946295790495,0.7706887730372559,0.0030410928006335955,Thesis/2_Explainable_Boosting_Machine/3_Level_Prediction/1_Intermediate_Calculations/regressor__accuracy/model.joblib,regressor__median,0.019774314884470717,0.17413249211356466,2.2286568155404285,Median regressor,0.1480083846807629,0.002004293224693057,0.12701311638718246,0.002945293241759525,0.9485472355968787,0.01724184322956366
31,classifier__majority,level,classifier,majority,validation,200,none,level,0,60230,0.24165698157064586,0.003310978146769528,0.02594994539903278,0.0002862982526494336,3.016270961314959,0.03748672896757795,0.3859538435995351,0.004781904274848525,0.0,0.0,,,,,,,,,Thesis/2_Explainable_Boosting_Machine/3_Level_Prediction/1_Intermediate_Calculations/classifier__majority/model.joblib,classifier__majority,0.02594994539903278,0.24165698157064586,3.016270961314959,Majority classifier,0.0,0.0,0.0,0.0,0.0,0.0
32,regressor__median,level,regressor,median,validation,200,none,level,0,60230,0.17413249211356466,0.002707578185410346,0.019774314884470717,0.00026185053810670887,2.2286568155404285,0.022872090920671655,0.35669931927610826,0.0042988864195247336,0.0,0.0,2.2286568155404285,0.022872090920671655,2.84284246469916,0.034235324989401905,-3.275933399748965e-05,0.00030202458212366315,,,Thesis/2_Explainable_Boosting_Machine/3_Level_Prediction/1_Intermediate_Calculations/regressor__median/model.joblib,regressor__median,0.019774314884470717,0.17413249211356466,2.2286568155404285,Median regressor,0.0,0.0,0.0,0.0,0.0,0.0
