model_validation_rank,experiment,task,algorithm,feature_set,split,rounds,class_weight,label,accuracy,accuracy_standard_deviation,precision,precision_standard_deviation,recall,recall_standard_deviation,f1-score,f1-score_standard_deviation,support
1,classifier__complexity,cefr,classifier,complexity,validation,200,balanced,A1,0.9834865568083261,0.0008383205643876417,0.9896666084831559,0.0006882870571553948,0.9834865568083261,0.0008383205643876417,0.9865669044718984,0.000548240653376441,28825.0
1,classifier__complexity,cefr,classifier,complexity,validation,200,balanced,A2,0.9615891943227985,0.0016694744448682074,0.9642346965769006,0.0016138263129176923,0.9615891943227985,0.0016694744448682074,0.9629101283880172,0.0012198861506400695,18953.0
1,classifier__complexity,cefr,classifier,complexity,validation,200,balanced,B1,0.9433446352400744,0.0026138354721188545,0.9301197023616953,0.0035623556319512783,0.9433446352400744,0.0026138354721188545,0.9366854908774979,0.002334688459488842,9143.0
1,classifier__complexity,cefr,classifier,complexity,validation,200,balanced,B2,0.9194815396700707,0.007101176302442744,0.8887623386484435,0.007713325839246228,0.9194815396700707,0.007101176302442744,0.9038610038610039,0.005473793691738819,2546.0
1,classifier__complexity,cefr,classifier,complexity,validation,200,balanced,C1,0.9043250327653998,0.01075757002212629,0.888030888030888,0.016057267066039313,0.9043250327653998,0.01075757002212629,0.8961038961038961,0.01024791937324279,763.0
1,classifier__complexity,cefr,classifier,complexity,test,200,balanced,A1,0.9836440501767274,0.0008080742292712374,0.9877514092838751,0.0008307978417063087,0.9836440501767274,0.0008080742292712374,0.9856934509340927,0.0005803420647049454,28858.0
1,classifier__complexity,cefr,classifier,complexity,test,200,balanced,A2,0.9584443533510966,0.0017987203677605138,0.9649711101939744,0.0015568210089372562,0.9584443533510966,0.0017987203677605138,0.9616966580976863,0.0012294756191083163,19516.0
1,classifier__complexity,cefr,classifier,complexity,test,200,balanced,B1,0.9434002792396091,0.002642244675828138,0.9279526727234312,0.0036252852282609867,0.9434002792396091,0.002642244675828138,0.9356127176865314,0.002334804312962626,9311.0
1,classifier__complexity,cefr,classifier,complexity,test,200,balanced,B2,0.9201561391057488,0.006809343616998978,0.9050610820244328,0.006918694407896458,0.9201561391057488,0.006809343616998978,0.9125461903923984,0.004973857570318074,2818.0
1,classifier__complexity,cefr,classifier,complexity,test,200,balanced,C1,0.9220103986135182,0.013104528855799553,0.8484848484848485,0.02006341245088091,0.9220103986135182,0.013104528855799553,0.8837209302325582,0.012610556825780292,577.0
2,classifier__combined_plus_error_composition,cefr,classifier,combined_plus_error_composition,validation,200,balanced,A1,0.983937554206418,0.0008310214880089525,0.9897403685092128,0.0006777548377938495,0.983937554206418,0.0008310214880089525,0.9868304309250013,0.0005415448789637638,28825.0
2,classifier__combined_plus_error_composition,cefr,classifier,combined_plus_error_composition,validation,200,balanced,A2,0.9623806257584552,0.0016221570362442651,0.9653858367735789,0.0015809722088723202,0.9623806257584552,0.0016221570362442651,0.9638808888419161,0.0011837912332461839,18953.0
2,classifier__combined_plus_error_composition,cefr,classifier,combined_plus_error_composition,validation,200,balanced,B1,0.943563381822159,0.0026072220644003455,0.9310382041873516,0.003551524156525389,0.943563381822159,0.0026072220644003455,0.9372589494269108,0.002327119246110918,9143.0
2,classifier__combined_plus_error_composition,cefr,classifier,combined_plus_error_composition,validation,200,balanced,B2,0.9186959937156324,0.006787956712373748,0.8876660341555977,0.0077941188608975495,0.9186959937156324,0.006787956712373748,0.9029144952711832,0.005455690905532392,2546.0
2,classifier__combined_plus_error_composition,cefr,classifier,combined_plus_error_composition,validation,200,balanced,C1,0.9030144167758847,0.010414187277891838,0.8844672657252889,0.016125178269177726,0.9030144167758847,0.010414187277891838,0.893644617380026,0.010074943683700908,763.0
2,classifier__combined_plus_error_composition,cefr,classifier,combined_plus_error_composition,test,200,balanced,A1,0.9834014831242637,0.0008161235653828206,0.9875765590200446,0.0008343300561587946,0.9834014831242637,0.0008161235653828206,0.985484599090183,0.0005823521805129944,28858.0
2,classifier__combined_plus_error_composition,cefr,classifier,combined_plus_error_composition,test,200,balanced,A2,0.9580344332855093,0.0017956375820876423,0.9644091401454583,0.0015832097731061478,0.9580344332855093,0.0017956375820876423,0.9612112176438835,0.0012329970833169794,19516.0
2,classifier__combined_plus_error_composition,cefr,classifier,combined_plus_error_composition,test,200,balanced,B1,0.9445816775856514,0.0025695208080733323,0.9288203611785828,0.0035474012774766883,0.9445816775856514,0.0025695208080733323,0.9366347177848775,0.0022627696425061147,9311.0
2,classifier__combined_plus_error_composition,cefr,classifier,combined_plus_error_composition,test,200,balanced,B2,0.9222853087295955,0.006654827752181044,0.9062064156206415,0.006854028828207783,0.9222853087295955,0.006654827752181044,0.9141751670770313,0.00495083263528787,2818.0
2,classifier__combined_plus_error_composition,cefr,classifier,combined_plus_error_composition,test,200,balanced,C1,0.9185441941074524,0.012846352662689535,0.8548387096774194,0.01984761286269583,0.9185441941074524,0.012846352662689535,0.885547201336675,0.012415108491027504,577.0
3,classifier__combined,cefr,classifier,combined,validation,200,balanced,A1,0.9840069384215091,0.0008298611490207571,0.9897410845139228,0.0006815983914827162,0.9840069384215091,0.0008298611490207571,0.98686568202773,0.0005413395863245921,28825.0
3,classifier__combined,cefr,classifier,combined,validation,200,balanced,A2,0.9622223394713239,0.0016244852709425834,0.9652781453448367,0.0015906391518678523,0.9622223394713239,0.0016244852709425834,0.9637478201130899,0.0011795275385351248,18953.0
3,classifier__combined,cefr,classifier,combined,validation,200,balanced,B1,0.9430165153669474,0.0026008169105890475,0.9314032623960247,0.0035335818913434,0.9430165153669474,0.0026008169105890475,0.9371739130434783,0.002308756354777974,9143.0
3,classifier__combined,cefr,classifier,combined,validation,200,balanced,B2,0.9198743126472899,0.00704314403972708,0.8847752172270494,0.007787486825820589,0.9198743126472899,0.00704314403972708,0.9019834392451377,0.00550906595865819,2546.0
3,classifier__combined,cefr,classifier,combined,validation,200,balanced,C1,0.9003931847968545,0.010123253883711148,0.8864516129032258,0.016317417945558535,0.9003931847968545,0.010123253883711148,0.893368010403121,0.009887724732322831,763.0
3,classifier__combined,cefr,classifier,combined,test,200,balanced,A1,0.9833321782521312,0.0008209082398391407,0.9876100650819615,0.0008594524969011123,0.9833321782521312,0.0008209082398391407,0.9854664791373652,0.0005937901026327283,28858.0
3,classifier__combined,cefr,classifier,combined,test,200,balanced,A2,0.9582906333265013,0.0018074557167148957,0.9642194266859146,0.0015652532542537996,0.9582906333265013,0.0018074557167148957,0.9612458881578947,0.0012350119961195695,19516.0
3,classifier__combined,cefr,classifier,combined,test,200,balanced,B1,0.9424336805928472,0.002608183809983604,0.9288663067640521,0.0035526757239639213,0.9424336805928472,0.002608183809983604,0.9356008103209298,0.0022858233005599096,9311.0
3,classifier__combined,cefr,classifier,combined,test,200,balanced,B2,0.921930447125621,0.006744904791274065,0.8998960859023207,0.0071501554208630745,0.921930447125621,0.006744904791274065,0.9107800175284838,0.005091882330014935,2818.0
3,classifier__combined,cefr,classifier,combined,test,200,balanced,C1,0.9185441941074524,0.011836616695801834,0.8589951377633711,0.019554082969874893,0.9185441941074524,0.011836616695801834,0.8877721943048577,0.011987641759259196,577.0
4,classifier__combined_without_length_features,cefr,classifier,combined_without_length_features,validation,200,balanced,A1,0.9840069384215091,0.000824449325669928,0.9896720167480809,0.0006833179445699404,0.9840069384215091,0.000824449325669928,0.9868313473079934,0.0005397386936241467,28825.0
4,classifier__combined_without_length_features,cefr,classifier,combined_without_length_features,validation,200,balanced,A2,0.9623278636627447,0.0016080458124905072,0.9648733005343068,0.0016229004792708227,0.9623278636627447,0.0016080458124905072,0.9635989010989011,0.0011956003452344539,18953.0
4,classifier__combined_without_length_features,cefr,classifier,combined_without_length_features,validation,200,balanced,B1,0.9430165153669474,0.002621271160849153,0.930699481865285,0.0035293461386994825,0.9430165153669474,0.002621271160849153,0.9368175150757864,0.0023263590729554035,9143.0
4,classifier__combined_without_length_features,cefr,classifier,combined_without_length_features,validation,200,balanced,B2,0.917910447761194,0.007013361063377906,0.8889311525294789,0.007803036177235409,0.917910447761194,0.007013361063377906,0.9031884057971015,0.00547258948933023,2546.0
4,classifier__combined_without_length_features,cefr,classifier,combined_without_length_features,validation,200,balanced,C1,0.8990825688073395,0.010686318998316027,0.8863049095607235,0.01603041499350627,0.8990825688073395,0.010686318998316027,0.8926480156148341,0.00999952477766737,763.0
4,classifier__combined_without_length_features,cefr,classifier,combined_without_length_features,test,200,balanced,A1,0.9836440501767274,0.0008218349835043421,0.9875452268299472,0.0008354927803940026,0.9836440501767274,0.0008218349835043421,0.9855907780979827,0.0005904073471315212,28858.0
4,classifier__combined_without_length_features,cefr,classifier,combined_without_length_features,test,200,balanced,A2,0.9581369133019061,0.0017985748332943142,0.9648108972705227,0.0015579371566294099,0.9581369133019061,0.0017985748332943142,0.961462323572512,0.0012328486093597531,19516.0
4,classifier__combined_without_length_features,cefr,classifier,combined_without_length_features,test,200,balanced,B1,0.9439372784878102,0.002627045765172786,0.930151338766007,0.0035092243869071674,0.9439372784878102,0.002627045765172786,0.9369936034115138,0.0022709902191809244,9311.0
4,classifier__combined_without_length_features,cefr,classifier,combined_without_length_features,test,200,balanced,B2,0.9247693399574166,0.006524302822522941,0.9036061026352289,0.00698518267655055,0.9247693399574166,0.006524302822522941,0.9140652402665731,0.00486892842110786,2818.0
4,classifier__combined_without_length_features,cefr,classifier,combined_without_length_features,test,200,balanced,C1,0.925476603119584,0.012012881949136845,0.8585209003215434,0.019522752274661374,0.925476603119584,0.012012881949136845,0.890742285237698,0.011972919065389066,577.0
5,classifier__complexity_without_length_features,cefr,classifier,complexity_without_length_features,validation,200,balanced,A1,0.983868169991327,0.000830970940621108,0.9896705750977107,0.0006862282876324046,0.983868169991327,0.000830970940621108,0.9867608427132444,0.0005428395728594328,28825.0
5,classifier__complexity_without_length_features,cefr,classifier,complexity_without_length_features,validation,200,balanced,A2,0.9618002427056402,0.0016420986710704805,0.96500794070937,0.0016161541411641074,0.9618002427056402,0.0016420986710704805,0.9634014216631874,0.0012093508227512464,18953.0
5,classifier__complexity_without_length_features,cefr,classifier,complexity_without_length_features,validation,200,balanced,B1,0.9422509023296511,0.002627478976696369,0.9309487789064188,0.003480326437406924,0.9422509023296511,0.002627478976696369,0.9365657444148503,0.0022917388445625863,9143.0
5,classifier__complexity_without_length_features,cefr,classifier,complexity_without_length_features,validation,200,balanced,B2,0.9206598586017282,0.006911663851828644,0.8841946435307431,0.00791076085523964,0.9206598586017282,0.006911663851828644,0.9020588801231479,0.0054991589075982575,2546.0
5,classifier__complexity_without_length_features,cefr,classifier,complexity_without_length_features,validation,200,balanced,C1,0.9030144167758847,0.011176118582121957,0.8844672657252889,0.016030269784072248,0.9030144167758847,0.011176118582121957,0.893644617380026,0.010206854699511367,763.0
5,classifier__complexity_without_length_features,cefr,classifier,complexity_without_length_features,test,200,balanced,A1,0.9829510014554023,0.0008347625681235397,0.9879836996273206,0.000831146076644555,0.9829510014554023,0.0008347625681235397,0.9854609251506887,0.0005909747782253415,28858.0
5,classifier__complexity_without_length_features,cefr,classifier,complexity_without_length_features,test,200,balanced,A2,0.9582393933183029,0.0017789156623062596,0.9644662197008768,0.0015704273409126778,0.9582393933183029,0.0017789156623062596,0.9613427234873798,0.0012134165773992204,19516.0
5,classifier__complexity_without_length_features,cefr,classifier,complexity_without_length_features,test,200,balanced,B1,0.9441520781870906,0.00264901786406645,0.9281038851351351,0.003537050037876528,0.9441520781870906,0.00264901786406645,0.9360592024703189,0.0022839379171968517,9311.0
5,classifier__complexity_without_length_features,cefr,classifier,complexity_without_length_features,test,200,balanced,B2,0.9226401703335699,0.006841613890670247,0.9005888465535158,0.007173756932435332,0.9226401703335699,0.006841613890670247,0.9114811568799299,0.004985173571381109,2818.0
5,classifier__complexity_without_length_features,cefr,classifier,complexity_without_length_features,test,200,balanced,C1,0.9168110918544194,0.012706829161615146,0.853225806451613,0.019920118336034142,0.9168110918544194,0.012706829161615146,0.883876357560568,0.012071389082645496,577.0
6,classifier__combined_without_length_correlated_features,cefr,classifier,combined_without_length_correlated_features,validation,200,balanced,A1,0.9826539462272333,0.0008756584454821892,0.9896233666410453,0.0006709544652606573,0.9826539462272333,0.0008756584454821892,0.9861263425418212,0.0005528502878752144,28825.0
6,classifier__combined_without_length_correlated_features,cefr,classifier,combined_without_length_correlated_features,validation,200,balanced,A2,0.9606394766000106,0.0016451558349881567,0.9640984908657665,0.0016235181322082615,0.9606394766000106,0.0016451558349881567,0.962365875574819,0.0012057766238018814,18953.0
6,classifier__combined_without_length_correlated_features,cefr,classifier,combined_without_length_correlated_features,validation,200,balanced,B1,0.9436727551132014,0.00256698192532841,0.9259497746297489,0.0036678919760185003,0.9436727551132014,0.00256698192532841,0.9347272628785006,0.002345831889827762,9143.0
6,classifier__combined_without_length_correlated_features,cefr,classifier,combined_without_length_correlated_features,validation,200,balanced,B2,0.9131971720345641,0.006948159419220272,0.8820182094081942,0.007907070395815693,0.9131971720345641,0.006948159419220272,0.8973369355461212,0.005597849030913908,2546.0
6,classifier__combined_without_length_correlated_features,cefr,classifier,combined_without_length_correlated_features,validation,200,balanced,C1,0.8977719528178244,0.010353138571118452,0.8907672301690507,0.015440493774333269,0.8977719528178244,0.010353138571118452,0.8942558746736292,0.009443853930097248,763.0
6,classifier__combined_without_length_correlated_features,cefr,classifier,combined_without_length_correlated_features,test,200,balanced,A1,0.982361910042276,0.00083984628143836,0.9874603782785886,0.0008472030171894936,0.982361910042276,0.00083984628143836,0.9849045460072611,0.000605000733409258,28858.0
6,classifier__combined_without_length_correlated_features,cefr,classifier,combined_without_length_correlated_features,test,200,balanced,A2,0.9565484730477557,0.0018681053682826699,0.963758389261745,0.0015620900341520756,0.9565484730477557,0.0018681053682826699,0.9601398961065679,0.0012576019803149036,19516.0
6,classifier__combined_without_length_correlated_features,cefr,classifier,combined_without_length_correlated_features,test,200,balanced,B1,0.9432928793899689,0.0026948740237285225,0.9255005268703899,0.003685061902652545,0.9432928793899689,0.0026948740237285225,0.934312004680602,0.0023704201964330385,9311.0
6,classifier__combined_without_length_correlated_features,cefr,classifier,combined_without_length_correlated_features,test,200,balanced,B2,0.9201561391057488,0.00680623370650995,0.8987868284228769,0.007196851685330284,0.9201561391057488,0.00680623370650995,0.9093459582675785,0.0050920701949472924,2818.0
6,classifier__combined_without_length_correlated_features,cefr,classifier,combined_without_length_correlated_features,test,200,balanced,C1,0.9116117850953206,0.014774762766698146,0.8402555910543131,0.020713426234569513,0.9116117850953206,0.014774762766698146,0.8744804655029094,0.013547070715318554,577.0
7,classifier__combined_without_length_and_duplicate_features,cefr,classifier,combined_without_length_and_duplicate_features,validation,200,balanced,A1,0.9827580225498699,0.000878056458426212,0.9896244541484717,0.0006974008146915426,0.9827580225498699,0.000878056458426212,0.9861792863359443,0.0005643191530570583,28825.0
7,classifier__combined_without_length_and_duplicate_features,cefr,classifier,combined_without_length_and_duplicate_features,validation,200,balanced,A2,0.958898327441566,0.0017266820794830265,0.9645984820338623,0.001621930410362831,0.958898327441566,0.0017266820794830265,0.961739958723607,0.0012402816479426403,18953.0
7,classifier__combined_without_length_and_duplicate_features,cefr,classifier,combined_without_length_and_duplicate_features,validation,200,balanced,B1,0.9430165153669474,0.002606804690881123,0.9246112600536193,0.00372606130095155,0.9430165153669474,0.002606804690881123,0.9337231968810916,0.002402810478335243,9143.0
7,classifier__combined_without_length_and_duplicate_features,cefr,classifier,combined_without_length_and_duplicate_features,validation,200,balanced,B2,0.9171249018067557,0.007126430801485776,0.8807996982270841,0.00804756371126575,0.9171249018067557,0.007126430801485776,0.898595343467385,0.005656556041232536,2546.0
7,classifier__combined_without_length_and_duplicate_features,cefr,classifier,combined_without_length_and_duplicate_features,validation,200,balanced,C1,0.908256880733945,0.010784721864384355,0.8794416243654822,0.01651605589099829,0.908256880733945,0.010784721864384355,0.8936170212765957,0.010394806066006719,763.0
7,classifier__combined_without_length_and_duplicate_features,cefr,classifier,combined_without_length_and_duplicate_features,test,200,balanced,A1,0.9825351722226072,0.0008629099696181753,0.9875313457787684,0.0008403577068901217,0.9825351722226072,0.0008629099696181753,0.9850269237450061,0.0006081362911162897,28858.0
7,classifier__combined_without_length_and_duplicate_features,cefr,classifier,combined_without_length_and_duplicate_features,test,200,balanced,A2,0.955318712850994,0.0018738098927488737,0.9644113387130147,0.0016032421992396545,0.955318712850994,0.0018738098927488737,0.9598434925864909,0.0012767568534928643,19516.0
7,classifier__combined_without_length_and_duplicate_features,cefr,classifier,combined_without_length_and_duplicate_features,test,200,balanced,B1,0.9424336805928472,0.0027092019734663983,0.924365321816075,0.003753456163486227,0.9424336805928472,0.0027092019734663983,0.9333120612635609,0.00241591328139797,9311.0
7,classifier__combined_without_length_and_duplicate_features,cefr,classifier,combined_without_length_and_duplicate_features,test,200,balanced,B2,0.9194464158977999,0.00692468770411729,0.8916035788024776,0.0076446651939711735,0.9194464158977999,0.00692468770411729,0.9053109713487072,0.005316273447269463,2818.0
7,classifier__combined_without_length_and_duplicate_features,cefr,classifier,combined_without_length_and_duplicate_features,test,200,balanced,C1,0.9237435008665511,0.012069231013106285,0.8367346938775511,0.021323559453161677,0.9237435008665511,0.012069231013106285,0.8780889621087314,0.013238444082840074,577.0
8,classifier__complexity_without_length_correlated_features,cefr,classifier,complexity_without_length_correlated_features,validation,200,balanced,A1,0.9826886383347788,0.0008811483654022409,0.9892090099528549,0.0007014768183858527,0.9826886383347788,0.0008811483654022409,0.9859380438565959,0.0005663601023247192,28825.0
8,classifier__complexity_without_length_correlated_features,cefr,classifier,complexity_without_length_correlated_features,validation,200,balanced,A2,0.9603756661214583,0.0016355792180850512,0.9639868657981147,0.0016453925566488855,0.9603756661214583,0.0016355792180850512,0.9621778776265363,0.0012140788036349968,18953.0
8,classifier__complexity_without_length_correlated_features,cefr,classifier,complexity_without_length_correlated_features,validation,200,balanced,B1,0.9424696489117358,0.0026196135572065004,0.9272570752179059,0.003615829311353063,0.9424696489117358,0.0026196135572065004,0.9348014753742677,0.0023477982768561083,9143.0
8,classifier__complexity_without_length_correlated_features,cefr,classifier,complexity_without_length_correlated_features,validation,200,balanced,B2,0.9167321288295365,0.006709585204170291,0.8787650602409639,0.00809554397348056,0.9167321288295365,0.006709585204170291,0.8973471741637832,0.005547385554583698,2546.0
8,classifier__complexity_without_length_correlated_features,cefr,classifier,complexity_without_length_correlated_features,validation,200,balanced,C1,0.8938401048492791,0.011021648395490774,0.8926701570680629,0.014857759505042816,0.8938401048492791,0.011021648395490774,0.8932547478716437,0.009414682249692016,763.0
8,classifier__complexity_without_length_correlated_features,cefr,classifier,complexity_without_length_correlated_features,test,200,balanced,A1,0.9827777392750711,0.0008390516589282579,0.9875343849019813,0.0008571709877764467,0.9827777392750711,0.0008390516589282579,0.9851503204404537,0.0006132705034810942,28858.0
8,classifier__complexity_without_length_correlated_features,cefr,classifier,complexity_without_length_correlated_features,test,200,balanced,A2,0.9570608731297398,0.0018483304281434998,0.9638268228494762,0.0015748519195790923,0.9570608731297398,0.0018483304281434998,0.9604319321249518,0.0012569941787780408,19516.0
8,classifier__complexity_without_length_correlated_features,cefr,classifier,complexity_without_length_correlated_features,test,200,balanced,B1,0.941359682096445,0.00277923793094483,0.9261411665257819,0.003660861446637265,0.941359682096445,0.00277923793094483,0.933688415446072,0.002391522361508987,9311.0
8,classifier__complexity_without_length_correlated_features,cefr,classifier,complexity_without_length_correlated_features,test,200,balanced,B2,0.9205110007097232,0.006771353758924541,0.8981994459833795,0.007249489467186675,0.9205110007097232,0.006771353758924541,0.9092183666316158,0.005058464299534584,2818.0
8,classifier__complexity_without_length_correlated_features,cefr,classifier,complexity_without_length_correlated_features,test,200,balanced,C1,0.9168110918544194,0.01449590613896365,0.8396825396825397,0.020998913917389013,0.9168110918544194,0.01449590613896365,0.8765534382767192,0.013584437230201292,577.0
9,classifier__combined_without_duplicate_features,cefr,classifier,combined_without_duplicate_features,validation,200,balanced,A1,0.9832784041630529,0.0008722728046759644,0.9898026890169374,0.0006912028169420287,0.9832784041630529,0.0008722728046759644,0.9865297598329272,0.0005575858852475769,28825.0
9,classifier__combined_without_duplicate_features,cefr,classifier,combined_without_duplicate_features,validation,200,balanced,A2,0.9593204242072495,0.0017156629033472548,0.9649718713512366,0.0016061777273977055,0.9593204242072495,0.0017156629033472548,0.9621378489218151,0.0012411213982546129,18953.0
9,classifier__combined_without_duplicate_features,cefr,classifier,combined_without_duplicate_features,validation,200,balanced,B1,0.9427977687848628,0.002590745845806325,0.9254885119175434,0.0036904313713181742,0.9427977687848628,0.002590745845806325,0.9340629571436312,0.002401499839497442,9143.0
9,classifier__combined_without_duplicate_features,cefr,classifier,combined_without_duplicate_features,validation,200,balanced,B2,0.9143754909662215,0.006890301980277376,0.8774971730116848,0.008247933819571068,0.9143754909662215,0.006890301980277376,0.8955568378534333,0.0056858923943579895,2546.0
9,classifier__combined_without_duplicate_features,cefr,classifier,combined_without_duplicate_features,validation,200,balanced,C1,0.9030144167758847,0.011658490716034715,0.8765903307888041,0.016166861443449556,0.9030144167758847,0.011658490716034715,0.8896061975468044,0.01046832725032727,763.0
9,classifier__combined_without_duplicate_features,cefr,classifier,combined_without_duplicate_features,test,200,balanced,A1,0.9827430868390048,0.0008609870883120918,0.9870871184434931,0.0008507017254092554,0.9827430868390048,0.0008609870883120918,0.9849103127333345,0.000613760823612413,28858.0
9,classifier__combined_without_duplicate_features,cefr,classifier,combined_without_duplicate_features,test,200,balanced,A2,0.955574912891986,0.0018648813957257218,0.9642709410548087,0.0016139351491457755,0.955574912891986,0.0018648813957257218,0.9599032324480131,0.0012770949931608757,19516.0
9,classifier__combined_without_duplicate_features,cefr,classifier,combined_without_duplicate_features,test,200,balanced,B1,0.9412522822468049,0.0027612678281670688,0.926329140682803,0.003649573398564758,0.9412522822468049,0.0027612678281670688,0.9337310888557426,0.0023971853076391325,9311.0
9,classifier__combined_without_duplicate_features,cefr,classifier,combined_without_duplicate_features,test,200,balanced,B2,0.9226401703335699,0.006588397530594506,0.8922443376801648,0.007609243420279271,0.9226401703335699,0.006588397530594506,0.9071877180739707,0.0052486946042331045,2818.0
9,classifier__combined_without_duplicate_features,cefr,classifier,combined_without_duplicate_features,test,200,balanced,C1,0.9272097053726169,0.01207134164257256,0.8438485804416404,0.020552595573757573,0.9272097053726169,0.01207134164257256,0.8835672997522709,0.01288300189159397,577.0
10,classifier__combined_without_length_correlated_and_duplicate_features,cefr,classifier,combined_without_length_correlated_and_duplicate_features,validation,200,balanced,A1,0.9821335646140503,0.0009070085489852152,0.9894449881168741,0.0006997757655085334,0.9821335646140503,0.0009070085489852152,0.9857757194839564,0.0005715341650610217,28825.0
10,classifier__combined_without_length_correlated_and_duplicate_features,cefr,classifier,combined_without_length_correlated_and_duplicate_features,validation,200,balanced,A2,0.9582651822930407,0.0017122499122281382,0.9638081086818086,0.001662497943940703,0.9582651822930407,0.0017122499122281382,0.9610286530677038,0.0012506333414427533,18953.0
10,classifier__combined_without_length_correlated_and_duplicate_features,cefr,classifier,combined_without_length_correlated_and_duplicate_features,validation,200,balanced,B1,0.9409384228371431,0.0026578974667783592,0.92296963845081,0.003773896991955584,0.9409384228371431,0.0026578974667783592,0.931867417677643,0.002454444533551339,9143.0
10,classifier__combined_without_length_correlated_and_duplicate_features,cefr,classifier,combined_without_length_correlated_and_duplicate_features,validation,200,balanced,B2,0.915553809897879,0.007334484970843211,0.8710762331838565,0.008402712805322591,0.915553809897879,0.007334484970843211,0.8927613941018767,0.005914263424518677,2546.0
10,classifier__combined_without_length_correlated_and_duplicate_features,cefr,classifier,combined_without_length_correlated_and_duplicate_features,validation,200,balanced,C1,0.8951507208387942,0.01143402238990994,0.879021879021879,0.0164868558927273,0.8951507208387942,0.01143402238990994,0.887012987012987,0.010555770882157391,763.0
10,classifier__combined_without_length_correlated_and_duplicate_features,cefr,classifier,combined_without_length_correlated_and_duplicate_features,test,200,balanced,A1,0.9820500381176797,0.0008573513158078562,0.9871468877355533,0.0008455447983467957,0.9820500381176797,0.0008573513158078562,0.984591866868171,0.0006066269235344909,28858.0
10,classifier__combined_without_length_correlated_and_duplicate_features,cefr,classifier,combined_without_length_correlated_and_duplicate_features,test,200,balanced,A2,0.9541401926624308,0.00189892148244926,0.9646187318690427,0.0015926750577657286,0.9541401926624308,0.00189892148244926,0.9593508500772797,0.0012815959018929988,19516.0
10,classifier__combined_without_length_correlated_and_duplicate_features,cefr,classifier,combined_without_length_correlated_and_duplicate_features,test,200,balanced,B1,0.9409300826978843,0.002733960183913382,0.9227933431641037,0.0037719559801831608,0.9409300826978843,0.002733960183913382,0.9317734645041212,0.002413821656262838,9311.0
10,classifier__combined_without_length_correlated_and_duplicate_features,cefr,classifier,combined_without_length_correlated_and_duplicate_features,test,200,balanced,B2,0.9201561391057488,0.006790254341902047,0.8846809962470147,0.007856097668513671,0.9201561391057488,0.006790254341902047,0.9020699252043833,0.005385564990327224,2818.0
10,classifier__combined_without_length_correlated_and_duplicate_features,cefr,classifier,combined_without_length_correlated_and_duplicate_features,test,200,balanced,C1,0.9185441941074524,0.01228903582661051,0.8255451713395638,0.0221265336046998,0.9185441941074524,0.01228903582661051,0.8695652173913043,0.0138554958222083,577.0
11,classifier__training_mutual_information_features,cefr,classifier,training_mutual_information_features,validation,200,balanced,A1,0.9555247181266262,0.0014668597269640947,0.9724948803050631,0.0012656726516011429,0.9555247181266262,0.0014668597269640947,0.9639351147041839,0.0009582172174990167,28825.0
11,classifier__training_mutual_information_features,cefr,classifier,training_mutual_information_features,validation,200,balanced,A2,0.889727219965177,0.0028672032626875033,0.9086647268024571,0.0029767847729334166,0.889727219965177,0.0028672032626875033,0.899096265095572,0.002168288114082766,18953.0
11,classifier__training_mutual_information_features,cefr,classifier,training_mutual_information_features,validation,200,balanced,B1,0.856720988734551,0.004463303887764394,0.8379332477535302,0.005543487940420605,0.856720988734551,0.004463303887764394,0.8472229733383808,0.0038055475579476397,9143.0
11,classifier__training_mutual_information_features,cefr,classifier,training_mutual_information_features,validation,200,balanced,B2,0.8499607227022781,0.008886783220239981,0.7186981069412155,0.013172664489720173,0.8499607227022781,0.008886783220239981,0.7788375022494152,0.008992127313138514,2546.0
11,classifier__training_mutual_information_features,cefr,classifier,training_mutual_information_features,validation,200,balanced,C1,0.9043250327653998,0.012098569151409569,0.6962663975782039,0.02649823312873809,0.9043250327653998,0.012098569151409569,0.7867730900798175,0.018055674985755193,763.0
11,classifier__training_mutual_information_features,cefr,classifier,training_mutual_information_features,test,200,balanced,A1,0.9542241319564766,0.0014779665004358525,0.9691008270279782,0.0014015392156017197,0.9542241319564766,0.0014779665004358525,0.9616049447383583,0.001011660560696381,28858.0
11,classifier__training_mutual_information_features,cefr,classifier,training_mutual_information_features,test,200,balanced,A2,0.8878868620618979,0.0029373866854062185,0.9100362375925635,0.00282374346275223,0.8878868620618979,0.0029373866854062185,0.8988251160619343,0.002151976991234878,19516.0
11,classifier__training_mutual_information_features,cefr,classifier,training_mutual_information_features,test,200,balanced,B1,0.8605949951670068,0.004045756258366927,0.8375666353088742,0.005644834242716493,0.8605949951670068,0.004045756258366927,0.8489246742239644,0.0037221643596415683,9311.0
11,classifier__training_mutual_information_features,cefr,classifier,training_mutual_information_features,test,200,balanced,B2,0.8381831085876508,0.008416099401394797,0.7416012558869701,0.012278173154667626,0.8381831085876508,0.008416099401394797,0.7869398634016325,0.008353921175672005,2818.0
11,classifier__training_mutual_information_features,cefr,classifier,training_mutual_information_features,test,200,balanced,C1,0.8908145580589255,0.01319075521940037,0.5894495412844036,0.029023111934534766,0.8908145580589255,0.01319075521940037,0.7094547964113181,0.02151515921742592,577.0
12,classifier__training_information_gain_features,cefr,classifier,training_information_gain_features,validation,200,balanced,A1,0.9500780572419775,0.0015537877374711387,0.9685587975243147,0.0013746397557744697,0.9500780572419775,0.0015537877374711387,0.9592294220665499,0.0010422767689520947,28825.0
12,classifier__training_information_gain_features,cefr,classifier,training_information_gain_features,validation,200,balanced,A2,0.8838178652456076,0.003013279111978596,0.9013182674199623,0.0030701110656765067,0.8838178652456076,0.003013279111978596,0.8924822846182535,0.002254960355884298,18953.0
12,classifier__training_information_gain_features,cefr,classifier,training_information_gain_features,validation,200,balanced,B1,0.8561741222793394,0.004515477612134469,0.8366823428815733,0.005709131205949036,0.8561741222793394,0.004515477612134469,0.8463160170820044,0.0039096492125065005,9143.0
12,classifier__training_information_gain_features,cefr,classifier,training_information_gain_features,validation,200,balanced,B2,0.8366064414768264,0.009536014203300214,0.7088186356073212,0.013395444298268914,0.8366064414768264,0.009536014203300214,0.767429292019456,0.009397585161046171,2546.0
12,classifier__training_information_gain_features,cefr,classifier,training_information_gain_features,validation,200,balanced,C1,0.8951507208387942,0.011656161551984465,0.6769078295341923,0.026764337317331355,0.8951507208387942,0.011656161551984465,0.7708803611738149,0.018625513220171006,763.0
12,classifier__training_information_gain_features,cefr,classifier,training_information_gain_features,test,200,balanced,A1,0.9494767482153995,0.0015619743628004223,0.9661495063469676,0.0014494026242444294,0.9494767482153995,0.0015619743628004223,0.9577405711489392,0.0010799280935013885,28858.0
12,classifier__training_information_gain_features,cefr,classifier,training_information_gain_features,test,200,balanced,A2,0.8818405410944866,0.0030073832853843097,0.9021807506814846,0.0029308966600497663,0.8818405410944866,0.0030073832853843097,0.8918946932006634,0.0022279486130538442,19516.0
12,classifier__training_information_gain_features,cefr,classifier,training_information_gain_features,test,200,balanced,B1,0.855117602835356,0.00417763048525015,0.8331066234173904,0.005642880045129926,0.855117602835356,0.00417763048525015,0.8439686241255036,0.003777431002013459,9311.0
12,classifier__training_information_gain_features,cefr,classifier,training_information_gain_features,test,200,balanced,B2,0.8254080908445706,0.008852973477946618,0.728240450845335,0.012850717843101751,0.8254080908445706,0.008852973477946618,0.7737857618097139,0.008874579565092203,2818.0
12,classifier__training_information_gain_features,cefr,classifier,training_information_gain_features,test,200,balanced,C1,0.9046793760831889,0.01328846644979749,0.5845464725643897,0.030083988859074665,0.9046793760831889,0.01328846644979749,0.710204081632653,0.022764359246039156,577.0
13,classifier__polke,cefr,classifier,polke,validation,200,balanced,A1,0.9571899392888118,0.0014318309855001496,0.9699430499894537,0.0012399765102592668,0.9571899392888118,0.0014318309855001496,0.9635242967645056,0.0009566556995431124,28825.0
13,classifier__polke,cefr,classifier,polke,validation,200,balanced,A2,0.8932095182820662,0.002773165772741614,0.9132545719372067,0.0027187280854905076,0.8932095182820662,0.002773165772741614,0.9031208322219259,0.002068442729188585,18953.0
13,classifier__polke,cefr,classifier,polke,validation,200,balanced,B1,0.8591272011374822,0.0038817288111609336,0.8436258189238535,0.005644518208141142,0.8591272011374822,0.0038817288111609336,0.8513059499295546,0.0036729734764443813,9143.0
13,classifier__polke,cefr,classifier,polke,validation,200,balanced,B2,0.8381775333857031,0.008890383411480537,0.7194875252865812,0.01292920591664699,0.8381775333857031,0.008890383411480537,0.7743105950653121,0.008870400113264627,2546.0
13,classifier__polke,cefr,classifier,polke,validation,200,balanced,C1,0.8440366972477065,0.014528934242749033,0.6639175257731958,0.027737321472931297,0.8440366972477065,0.014528934242749033,0.7432198499711483,0.019091242174277018,763.0
13,classifier__polke,cefr,classifier,polke,test,200,balanced,A1,0.9564418878647168,0.001436120428516807,0.967200476574272,0.0013897965742662908,0.9564418878647168,0.001436120428516807,0.9617910967854343,0.001018402744550632,28858.0
13,classifier__polke,cefr,classifier,polke,test,200,balanced,A2,0.8907563025210085,0.0028669314493220315,0.9144660704892162,0.0026898495632281614,0.8907563025210085,0.0028669314493220315,0.9024554846077973,0.002096532242852649,19516.0
13,classifier__polke,cefr,classifier,polke,test,200,balanced,B1,0.8610245945655676,0.003949542482767063,0.8417681646367072,0.005465724103109368,0.8610245945655676,0.003949542482767063,0.8512874966817096,0.003639407927422028,9311.0
13,classifier__polke,cefr,classifier,polke,test,200,balanced,B2,0.8339247693399574,0.008140759158074906,0.7415588513726727,0.012377636302106816,0.8339247693399574,0.008140759158074906,0.7850342408551862,0.008280980987482745,2818.0
13,classifier__polke,cefr,classifier,polke,test,200,balanced,C1,0.8509532062391681,0.01971878814358485,0.5845238095238096,0.030002894833159616,0.8509532062391681,0.01971878814358485,0.6930134086097389,0.0235473189003342,577.0
14,classifier__length_only,cefr,classifier,length_only,validation,200,balanced,A1,0.8342064180398959,0.002994751826302448,0.9297811460830562,0.0022551838784317965,0.8342064180398959,0.002994751826302448,0.879404611699307,0.0020286065222850673,28825.0
14,classifier__length_only,cefr,classifier,length_only,validation,200,balanced,A2,0.7024217801931093,0.005109937325649755,0.6969792157478666,0.005750611009440231,0.7024217801931093,0.005109937325649755,0.6996899143322647,0.004435320339572021,18953.0
14,classifier__length_only,cefr,classifier,length_only,validation,200,balanced,B1,0.5934594771956688,0.007259423223569293,0.5629798713426022,0.00996367261243472,0.5934594771956688,0.007259423223569293,0.5778180075608328,0.007431388810629509,9143.0
14,classifier__length_only,cefr,classifier,length_only,validation,200,balanced,B2,0.7340926944226237,0.011543113923829592,0.41952861952861953,0.015248140763094383,0.7340926944226237,0.011543113923829592,0.5339237251821168,0.013755869792539647,2546.0
14,classifier__length_only,cefr,classifier,length_only,validation,200,balanced,C1,0.8623853211009175,0.018300573918711947,0.5604770017035775,0.030431604643354936,0.8623853211009175,0.018300573918711947,0.6794011357769747,0.025056688563854262,763.0
14,classifier__length_only,cefr,classifier,length_only,test,200,balanced,A1,0.8310347217409384,0.002990705943919828,0.9257672264041691,0.0024863790355518552,0.8310347217409384,0.002990705943919828,0.8758468308894691,0.0020837303605502513,28858.0
14,classifier__length_only,cefr,classifier,length_only,test,200,balanced,A2,0.6957880713260914,0.005117022689484541,0.6955385955027403,0.005828857003098859,0.6957880713260914,0.005117022689484541,0.6956633110479264,0.004538886938489865,19516.0
14,classifier__length_only,cefr,classifier,length_only,test,200,balanced,B1,0.5943507679089249,0.007093252342262871,0.5545090180360721,0.009847467712001998,0.5943507679089249,0.007093252342262871,0.5737390492975999,0.0073595253297725535,9311.0
14,classifier__length_only,cefr,classifier,length_only,test,200,balanced,B2,0.7047551454932577,0.011252024777363446,0.43080260303687634,0.015056927249413704,0.7047551454932577,0.011252024777363446,0.5347334410339257,0.013182645417994318,2818.0
14,classifier__length_only,cefr,classifier,length_only,test,200,balanced,C1,0.8388214904679376,0.021285099208318115,0.455743879472693,0.03181977643503862,0.8388214904679376,0.021285099208318115,0.5906040268456376,0.029320037620007594,577.0
15,classifier__accuracy,cefr,classifier,accuracy,validation,200,balanced,A1,0.8669557675628794,0.0026186336708910038,0.7994497584695608,0.003795846037558593,0.8669557675628794,0.0026186336708910038,0.8318354303974436,0.002471785076842204,28825.0
15,classifier__accuracy,cefr,classifier,accuracy,validation,200,balanced,A2,0.5570094444151321,0.004617260805772494,0.6778170144462279,0.006049121417904793,0.5570094444151321,0.004617260805772494,0.6115037071362373,0.0042638780879226765,18953.0
15,classifier__accuracy,cefr,classifier,accuracy,validation,200,balanced,B1,0.49010171716066936,0.006402702504187968,0.5394895256441127,0.009616214920125729,0.49010171716066936,0.006402702504187968,0.5136110951917016,0.00657576555683726,9143.0
15,classifier__accuracy,cefr,classifier,accuracy,validation,200,balanced,B2,0.598586017282011,0.01121134645622995,0.3982231512934413,0.014846289472154621,0.598586017282011,0.01121134645622995,0.47826769182488627,0.012320686625913159,2546.0
15,classifier__accuracy,cefr,classifier,accuracy,validation,200,balanced,C1,0.8073394495412844,0.018548846036963478,0.48772763262074426,0.029423104752061346,0.8073394495412844,0.018548846036963478,0.6080947680157947,0.025116566470200066,763.0
15,classifier__accuracy,cefr,classifier,accuracy,test,200,balanced,A1,0.8655485480629288,0.0025481597285426307,0.7948701629327902,0.004133239841801522,0.8655485480629288,0.0025481597285426307,0.8287050860953519,0.0026434410093246715,28858.0
15,classifier__accuracy,cefr,classifier,accuracy,test,200,balanced,A2,0.5514449682311949,0.0045262831422872955,0.6760474904202526,0.006166989836381274,0.5514449682311949,0.0045262831422872955,0.6074220403555807,0.004307248794575606,19516.0
15,classifier__accuracy,cefr,classifier,accuracy,test,200,balanced,B1,0.4939319084953281,0.0063839788463298875,0.5343946084127353,0.00966760333761826,0.4939319084953281,0.0063839788463298875,0.5133671931684992,0.006593795203137267,9311.0
15,classifier__accuracy,cefr,classifier,accuracy,test,200,balanced,B2,0.5794889992902768,0.010681537790320769,0.41185372005044135,0.014469781311219404,0.5794889992902768,0.010681537790320769,0.4814978623028159,0.011543735378553601,2818.0
15,classifier__accuracy,cefr,classifier,accuracy,test,200,balanced,C1,0.7989601386481803,0.01992871786862332,0.395368782161235,0.030051675295103702,0.7989601386481803,0.01992871786862332,0.5289730349971313,0.028879027803987843,577.0
16,classifier__majority,cefr,classifier,majority,validation,200,none,A1,1.0,0.0,0.4785821019425535,0.005601567423949967,1.0,0.0,0.6473527595306271,0.005125716785391806,28825.0
16,classifier__majority,cefr,classifier,majority,validation,200,none,A2,0.0,0.0,0.0,0.0,0.0,0.0,0.0,0.0,18953.0
16,classifier__majority,cefr,classifier,majority,validation,200,none,B1,0.0,0.0,0.0,0.0,0.0,0.0,0.0,0.0,9143.0
16,classifier__majority,cefr,classifier,majority,validation,200,none,B2,0.0,0.0,0.0,0.0,0.0,0.0,0.0,0.0,2546.0
16,classifier__majority,cefr,classifier,majority,validation,200,none,C1,0.0,0.0,0.0,0.0,0.0,0.0,0.0,0.0,763.0
16,classifier__majority,cefr,classifier,majority,test,200,none,A1,1.0,0.0,0.4724623444662737,0.005630994296117049,1.0,0.0,0.641730970223932,0.0051934569600029425,28858.0
16,classifier__majority,cefr,classifier,majority,test,200,none,A2,0.0,0.0,0.0,0.0,0.0,0.0,0.0,0.0,19516.0
16,classifier__majority,cefr,classifier,majority,test,200,none,B1,0.0,0.0,0.0,0.0,0.0,0.0,0.0,0.0,9311.0
16,classifier__majority,cefr,classifier,majority,test,200,none,B2,0.0,0.0,0.0,0.0,0.0,0.0,0.0,0.0,2818.0
16,classifier__majority,cefr,classifier,majority,test,200,none,C1,0.0,0.0,0.0,0.0,0.0,0.0,0.0,0.0,577.0
