quality_rank,experiment,task,algorithm,feature_set,split,rounds,class_weight,evaluated_target,features,rows,accuracy,accuracy_standard_deviation,macro_f1,macro_f1_standard_deviation,ordinal_mae,ordinal_mae_standard_deviation,within_one_accuracy,within_one_accuracy_standard_deviation,quadratic_weighted_kappa,quadratic_weighted_kappa_standard_deviation
1,classifier__combined_without_length_features,cefr,classifier,combined_without_length_features,test,200,balanced,cefr,1710,61080,0.9661755075311067,0.0009207702700205309,0.937770846117256,0.0029994091444764557,0.03780288146692862,0.0010679635507159588,0.996185330713818,0.0002655603223353479,0.9732694828864508,0.0009593657352641374
2,classifier__combined_plus_error_composition,cefr,classifier,combined_plus_error_composition,test,200,balanced,cefr,1722,61080,0.9659462999345121,0.0009166050978163059,0.9366105805865301,0.003103527589810757,0.03796660117878192,0.0010500372227882845,0.9962180746561886,0.0002564352064213724,0.9732696943801646,0.0009154827723854602
3,classifier__combined,cefr,classifier,combined,test,200,balanced,cefr,1719,61080,0.9656516044531762,0.0009287063533801546,0.9361730778899062,0.003034392820763168,0.038359528487229864,0.0010714127893275852,0.9961689587426326,0.0002643798975603136,0.9728778060704949,0.0009512549523427974
4,classifier__complexity,cefr,classifier,complexity,test,200,balanced,cefr,1650,61080,0.9659462999345121,0.0009288923104566367,0.9358539894686533,0.0031158485437272777,0.03803208906352325,0.0010642873336382615,0.9961689587426326,0.00026135738722140906,0.9731504348365095,0.0009212818453275675
5,classifier__complexity_without_length_features,cefr,classifier,complexity_without_length_features,test,200,balanced,cefr,1641,61080,0.9657334643091028,0.0009167919040458759,0.935644073109777,0.003025523224660052,0.0383267845448592,0.0010658692945445301,0.9961034708578913,0.00027217814658576223,0.9728722932929947,0.0009515320800049545
6,classifier__combined_without_duplicate_features,cefr,classifier,combined_without_duplicate_features,test,200,balanced,cefr,1184,61080,0.9644400785854617,0.0009670214564777413,0.9338599303726663,0.003189064352055958,0.0399803536345776,0.0011266258961242326,0.9958251473477406,0.000279358877213741,0.9714733835832831,0.0010251168274892737
7,classifier__complexity_without_length_correlated_features,cefr,classifier,complexity_without_length_correlated_features,test,200,balanced,cefr,1613,61080,0.964751146037983,0.0009552573224626336,0.9330084945839625,0.0033345307805330306,0.03970203012442698,0.0011181596674470257,0.9957432874918141,0.0002848494716715667,0.9716080113186497,0.0010213766319050648
8,classifier__combined_without_length_correlated_features,cefr,classifier,combined_without_length_correlated_features,test,200,balanced,cefr,1675,61080,0.9646201702685003,0.0009460893388599563,0.9326365741129837,0.0032825272295143653,0.039963981663392274,0.001110519992304667,0.9956286836935166,0.0002853305677673663,0.9712787202451689,0.0010259919142035436
9,classifier__combined_without_length_and_duplicate_features,cefr,classifier,combined_without_length_and_duplicate_features,test,200,balanced,cefr,1182,61080,0.9642599869024231,0.0009644038448384365,0.9323164822104995,0.0032462693211408925,0.04007858546168959,0.0011210364589079934,0.9959070072036673,0.00027479637430514374,0.97151815917516,0.0010108169967993788
10,classifier__combined_without_length_correlated_and_duplicate_features,cefr,classifier,combined_without_length_correlated_and_duplicate_features,test,200,balanced,cefr,1158,61080,0.9634086444007859,0.0009624535485834943,0.9294702648090519,0.0033739734306475117,0.041797642436149314,0.0011399295611633992,0.9951538965291421,0.0002959279678276292,0.9694370489537426,0.0010756709006931324
11,classifier__training_mutual_information_features,cefr,classifier,training_mutual_information_features,test,200,balanced,cefr,200,61080,0.9128028814669287,0.0015328832993082978,0.8411498789674414,0.004944518572008258,0.09715127701375245,0.001782257284825204,0.9907498362802881,0.00042341338982439334,0.9337792133422391,0.001700478190364077
12,classifier__polke,cefr,classifier,polke,test,200,balanced,cefr,618,61080,0.914259986902423,0.0015321863533427256,0.8387163455079731,0.005398403429045083,0.09513752455795678,0.0017455191426382784,0.9910281597904388,0.0004134613010679,0.935608582786841,0.0016169817160960815
13,classifier__training_information_gain_features,cefr,classifier,training_information_gain_features,test,200,balanced,cefr,200,61080,0.9073346430910282,0.0016071082835768845,0.8355187463834947,0.005302990840145352,0.10209561231172233,0.001835001256947277,0.9911427635887361,0.0004030056308538266,0.9318603704835966,0.0017211487516307455
14,classifier__length_only,cefr,classifier,length_only,test,200,balanced,cefr,9,61080,0.745988867059594,0.00292655088765648,0.6541173318229119,0.007128200187120471,0.27981335952848724,0.0033382680496233273,0.975098231827112,0.0007328658082260724,0.8262113963383411,0.003622661239511077
15,classifier__accuracy,cefr,classifier,accuracy,test,200,balanced,cefr,69,61080,0.6947118533071381,0.003001282545393122,0.5919930433838758,0.0066893419251752295,0.3569417157825802,0.003792268540453724,0.954354944335298,0.001087437212036766,0.7517931385882857,0.004306283925479109
16,classifier__majority,cefr,classifier,majority,test,200,none,cefr,0,61080,0.4724623444662737,0.005630994296117049,0.1283461940447864,0.0010386913920005885,0.8005893909626719,0.011717885448568464,0.7919777341191879,0.005088177050322337,0.0,0.0
1,classifier__complexity,cefr,classifier,complexity,validation,200,balanced,cefr,1650,60230,0.966793956500083,0.0009092100017110404,0.9372254847404626,0.002658450618048955,0.03739000498090653,0.0010649233919704417,0.99599867175826,0.0002778601960656584,0.9737074016418409,0.0009424814199389693
2,classifier__combined_plus_error_composition,cefr,classifier,combined_plus_error_composition,validation,200,balanced,cefr,1722,60230,0.9672422380873319,0.0009005759594032145,0.9369058763690076,0.0026069244485910836,0.03702473850240744,0.0010537166120754857,0.9958824506060103,0.0002791532609808806,0.9738642559515712,0.0009310955007056776
3,classifier__combined,cefr,classifier,combined,validation,200,balanced,cefr,1719,60230,0.9671592229785821,0.0008986190129610525,0.9366277729665112,0.0025856165712793474,0.037041341524157397,0.0010516598684397163,0.9959654657147601,0.00027728891014193273,0.9739129041210239,0.0009265496164370539
4,classifier__combined_without_length_features,cefr,classifier,combined_without_length_features,validation,200,balanced,cefr,1710,60230,0.9670928108915823,0.0009085562206656038,0.9366168369789232,0.0025895913252017466,0.03714095965465715,0.0010593936186727299,0.9959156566495102,0.0002767927259907123,0.9738159277323589,0.0009247495273188212
5,classifier__complexity_without_length_features,cefr,classifier,complexity_without_length_features,validation,200,balanced,cefr,1641,60230,0.9669101776523327,0.0009026428902701655,0.9364863012588913,0.0026309435503641524,0.037290386850406775,0.001054809929781487,0.9959654657147601,0.000276468995624788,0.973784555806865,0.0009316843967389158
6,classifier__combined_without_length_correlated_features,cefr,classifier,combined_without_length_correlated_features,validation,200,balanced,cefr,1675,60230,0.9657977751950855,0.0009169475279367388,0.9349624582429783,0.00249043296246437,0.03898389506890254,0.0010857091469050804,0.9954839780840113,0.00028805572458656827,0.9719978426246143,0.0009770821730922547
7,classifier__combined_without_length_and_duplicate_features,cefr,classifier,combined_without_length_and_duplicate_features,validation,200,balanced,cefr,1182,60230,0.9654989208035862,0.0009287217577924062,0.9347709613369247,0.0026901399274213518,0.03886767391665283,0.0010871219025277866,0.9958326415407605,0.0002833173964279891,0.9727039830800638,0.0009561004663959671
8,classifier__complexity_without_length_correlated_features,cefr,classifier,complexity_without_length_correlated_features,validation,200,balanced,cefr,1613,60230,0.9656483479993359,0.0009248544148577962,0.9347038637785653,0.0025094120879951176,0.039133322264652166,0.0010920092955062442,0.9954839780840113,0.0002871505075738898,0.9719173461723144,0.0009820914532044046
9,classifier__combined_without_duplicate_features,cefr,classifier,combined_without_duplicate_features,validation,200,balanced,cefr,1184,60230,0.9656649510210858,0.0009414177550531484,0.9335787202597222,0.002717150516282733,0.03855221650340362,0.001100910949628374,0.9959820687365101,0.0002766489957320606,0.9730481368829615,0.0009548555458613438
10,classifier__combined_without_length_correlated_and_duplicate_features,cefr,classifier,combined_without_length_correlated_and_duplicate_features,validation,200,balanced,cefr,1158,60230,0.9644529304333389,0.0009604898792361567,0.9316892342688334,0.002727378145536352,0.04042835796114893,0.0011335078365032603,0.9953677569317616,0.00029380370646344816,0.9711540755220708,0.0010209370830710062
11,classifier__training_mutual_information_features,cefr,classifier,training_mutual_information_features,validation,200,balanced,cefr,200,60230,0.9147102772704633,0.0015531994782957163,0.855172989093474,0.004469499698795057,0.09443798771376391,0.0017874779066545273,0.9913830317117716,0.0004193252362929365,0.9374497508173408,0.0017545996210677696
12,classifier__training_information_gain_features,cefr,classifier,training_information_gain_features,validation,200,balanced,cefr,200,60230,0.9094803254192263,0.0016207224612781077,0.8472674753920157,0.004624174817910387,0.09996679395650009,0.0018545922628872796,0.9910841773202723,0.00042740712345640985,0.9341655074229633,0.0018138523602208663
13,classifier__polke,cefr,classifier,polke,validation,200,balanced,cefr,618,60230,0.9157064585754607,0.0015243555521212682,0.8470963047904891,0.004545960304805525,0.09387348497426531,0.0017776598311174236,0.9909679561680226,0.0004330123608737571,0.937031470952375,0.0017055898567486392
14,classifier__length_only,cefr,classifier,length_only,validation,200,balanced,cefr,9,60230,0.7523161215341192,0.002855572295792326,0.6740474789102991,0.0064346273428841465,0.2731695168520671,0.0032232125023080784,0.9754441308318114,0.0007063393906911956,0.8326887013822215,0.0039651980972502995
15,classifier__accuracy,cefr,classifier,accuracy,validation,200,balanced,cefr,69,60230,0.7001162211522497,0.0029045918689005207,0.6086625385132127,0.006048727456395646,0.3518346339033704,0.0036078897482560096,0.9544247052963639,0.0010586834588779221,0.7569869753623317,0.0047517122283910205
16,classifier__majority,cefr,classifier,majority,validation,200,none,cefr,0,60230,0.4785821019425535,0.005601567423949967,0.12947055190612541,0.0010251433570783613,0.7957662294537606,0.012171871797745674,0.7932591731695169,0.005074310147393013,0.0,0.0
