feature,error_type,operation,error_family,corpus_error_count
errant_m_adv_per_100_words,M:ADV,M,ADV,3
errant_m_conj_per_100_words,M:CONJ,M,CONJ,1
errant_m_det_per_100_words,M:DET,M,DET,1
errant_m_noun_per_100_words,M:NOUN,M,NOUN,36
errant_m_other_per_100_words,M:OTHER,M,OTHER,7
errant_m_prep_per_100_words,M:PREP,M,PREP,1
errant_m_pron_per_100_words,M:PRON,M,PRON,4
errant_m_punct_per_100_words,M:PUNCT,M,PUNCT,37
errant_m_verb_tense_per_100_words,M:VERB:TENSE,M,VERB,2
errant_r_adj_per_100_words,R:ADJ,R,ADJ,636
errant_r_adv_per_100_words,R:ADV,R,ADV,218
errant_r_conj_per_100_words,R:CONJ,R,CONJ,33
errant_r_contr_per_100_words,R:CONTR,R,CONTR,2
errant_r_det_per_100_words,R:DET,R,DET,128
errant_r_morph_per_100_words,R:MORPH,R,MORPH,4731
errant_r_noun_per_100_words,R:NOUN,R,NOUN,70911
errant_r_noun_infl_per_100_words,R:NOUN:INFL,R,NOUN,1571
errant_r_noun_num_per_100_words,R:NOUN:NUM,R,NOUN,170
errant_r_noun_poss_per_100_words,R:NOUN:POSS,R,NOUN,7
errant_r_orth_per_100_words,R:ORTH,R,ORTH,250348
errant_r_other_per_100_words,R:OTHER,R,OTHER,16189
errant_r_prep_per_100_words,R:PREP,R,PREP,46
errant_r_pron_per_100_words,R:PRON,R,PRON,181
errant_r_punct_per_100_words,R:PUNCT,R,PUNCT,336
errant_r_spell_per_100_words,R:SPELL,R,SPELL,501256
errant_r_verb_per_100_words,R:VERB,R,VERB,10483
errant_r_verb_form_per_100_words,R:VERB:FORM,R,VERB,44
errant_r_verb_infl_per_100_words,R:VERB:INFL,R,VERB,2753
errant_r_verb_sva_per_100_words,R:VERB:SVA,R,VERB,89
errant_r_verb_tense_per_100_words,R:VERB:TENSE,R,VERB,159
errant_u_adv_per_100_words,U:ADV,U,ADV,552
errant_u_conj_per_100_words,U:CONJ,U,CONJ,1
errant_u_det_per_100_words,U:DET,U,DET,1
errant_u_noun_per_100_words,U:NOUN,U,NOUN,117
errant_u_noun_poss_per_100_words,U:NOUN:POSS,U,NOUN,8
errant_u_other_per_100_words,U:OTHER,U,OTHER,222
errant_u_prep_per_100_words,U:PREP,U,PREP,3
errant_u_pron_per_100_words,U:PRON,U,PRON,89
errant_u_punct_per_100_words,U:PUNCT,U,PUNCT,353
errant_u_space_per_100_words,U:SPACE,U,SPACE,242691
errant_u_verb_per_100_words,U:VERB,U,VERB,591
errant_u_verb_tense_per_100_words,U:VERB:TENSE,U,VERB,299
