quality_rank,experiment,task,algorithm,feature_set,split,rounds,class_weight,evaluated_target,features,rows,accuracy,accuracy_standard_deviation,macro_f1,macro_f1_standard_deviation,macro_f1_difference_from_rank_1,macro_f1_difference_standard_deviation,macro_f1_difference_95_low,macro_f1_difference_95_high,distinguishable_from_rank_1,ordinal_mae,ordinal_mae_standard_deviation,within_one_accuracy,within_one_accuracy_standard_deviation,quadratic_weighted_kappa,quadratic_weighted_kappa_standard_deviation,model_file,prediction_route
1,classifier__combined_plus_error_composition,level,classifier,combined_plus_error_composition,test,200,balanced,cefr,1722,61080,0.9764898493778651,0.0007706235631827424,0.9566421222794969,0.0024064717811334278,0.0,0.0,0.0,0.0,rank 1,0.026457105435494434,0.0008901817078223176,0.9971512770137525,0.00021889833215407988,0.9809445563746924,0.0007550742220732878,Thesis/2_Explainable_Boosting_Machine/3_Level_Prediction/1_Intermediate_Calculations/classifier__combined_plus_error_composition/model.joblib,Level probabilities summed into CEFR bands
2,classifier__combined_without_length_features,level,classifier,combined_without_length_features,test,200,balanced,cefr,1710,61080,0.9765062213490504,0.0007723351892161448,0.9566285764358227,0.002381308709505643,-1.3545843674189761e-05,0.0007525436333213436,-0.0015157533026670307,0.001531052992076667,no,0.02642436149312377,0.0008938081749277217,0.9971676489849378,0.00022288358420052246,0.9809741436785849,0.000766362873024413,Thesis/2_Explainable_Boosting_Machine/3_Level_Prediction/1_Intermediate_Calculations/classifier__combined_without_length_features/model.joblib,Level probabilities summed into CEFR bands
3,classifier__combined,level,classifier,combined,test,200,balanced,cefr,1719,61080,0.9765553372626065,0.000765564524451371,0.9563027937818518,0.0023678013757089276,-0.0003393284976450639,0.0008496890807071198,-0.0020616106942162814,0.00127194210592767,no,0.02637524557956778,0.0008842597784168897,0.9971676489849378,0.00021680676575967472,0.9810153239190023,0.0007530173224437482,Thesis/2_Explainable_Boosting_Machine/3_Level_Prediction/1_Intermediate_Calculations/classifier__combined/model.joblib,Level probabilities summed into CEFR bands
4,classifier__complexity_without_length_correlated_features,level,classifier,complexity_without_length_correlated_features,test,200,balanced,cefr,1613,61080,0.9758022265880812,0.000764125274317765,0.9557662700576687,0.0024433003562282026,-0.0008758522218281772,0.0013479334220579352,-0.003556426458282971,0.0017136202238084539,no,0.027455795677799606,0.0009058118665775247,0.9969384413883432,0.00024067129190542792,0.9798851758446565,0.0008290676733230038,Thesis/2_Explainable_Boosting_Machine/3_Level_Prediction/1_Intermediate_Calculations/classifier__complexity_without_length_correlated_features/model.joblib,Level probabilities summed into CEFR bands
5,classifier__combined_without_length_correlated_features,level,classifier,combined_without_length_correlated_features,test,200,balanced,cefr,1675,61080,0.9758840864440078,0.0007677504984660247,0.9556862451233117,0.00243703167607187,-0.0009558771561851698,0.0012502422722605025,-0.0034811503296364927,0.0014344894972086568,no,0.027423051735428947,0.000908087774131479,0.9968565815324165,0.0002441698158383497,0.9798806265561621,0.0008182071861321186,Thesis/2_Explainable_Boosting_Machine/3_Level_Prediction/1_Intermediate_Calculations/classifier__combined_without_length_correlated_features/model.joblib,Level probabilities summed into CEFR bands
6,classifier__combined_without_duplicate_features,level,classifier,combined_without_duplicate_features,test,200,balanced,cefr,1184,61080,0.9755075311067453,0.0007748647575119786,0.9556246354944701,0.002422323631884706,-0.0010174867850267777,0.0012419348541978315,-0.0034672226600529544,0.0013191527769304827,no,0.027586771447282252,0.0008972224607953156,0.9970203012442698,0.0002208532183599623,0.9801227389512852,0.0007830161956747144,Thesis/2_Explainable_Boosting_Machine/3_Level_Prediction/1_Intermediate_Calculations/classifier__combined_without_duplicate_features/model.joblib,Level probabilities summed into CEFR bands
7,classifier__complexity,level,classifier,complexity,test,200,balanced,cefr,1650,61080,0.9760314341846759,0.0007850860911625446,0.9555923453302813,0.0024382795490780792,-0.0010497769492155973,0.0009446132491289126,-0.002871334835804082,0.0007656986491182292,no,0.02683366077275704,0.0009017343680326666,0.9972167648984938,0.0002245268793803374,0.9808430438151611,0.0007635014397804427,Thesis/2_Explainable_Boosting_Machine/3_Level_Prediction/1_Intermediate_Calculations/classifier__complexity/model.joblib,Level probabilities summed into CEFR bands
8,classifier__complexity_without_length_features,level,classifier,complexity_without_length_features,test,200,balanced,cefr,1641,61080,0.9759986902423051,0.000776327657446679,0.9552860678993144,0.0025436403654896457,-0.001356054380182492,0.00101673643160414,-0.003373747933025201,0.0006393801570460731,no,0.02683366077275704,0.0008931795925647613,0.9972331368696791,0.00022066996875912424,0.9808930752656545,0.0007500011269576483,Thesis/2_Explainable_Boosting_Machine/3_Level_Prediction/1_Intermediate_Calculations/classifier__complexity_without_length_features/model.joblib,Level probabilities summed into CEFR bands
9,classifier__combined_without_length_and_duplicate_features,level,classifier,combined_without_length_and_duplicate_features,test,200,balanced,cefr,1182,61080,0.9755730189914866,0.0007775551833445896,0.955214211721134,0.0025459772369190513,-0.0014279105583628882,0.001224968603192534,-0.003840240872955211,0.0009005681184248441,no,0.02755402750491159,0.0009060328067025511,0.9970366732154552,0.00022391414462104861,0.9800551033293609,0.0008070148075092383,Thesis/2_Explainable_Boosting_Machine/3_Level_Prediction/1_Intermediate_Calculations/classifier__combined_without_length_and_duplicate_features/model.joblib,Level probabilities summed into CEFR bands
10,classifier__combined_without_length_correlated_and_duplicate_features,level,classifier,combined_without_length_correlated_and_duplicate_features,test,200,balanced,cefr,1158,61080,0.974656188605108,0.0007904710398653374,0.9544234811019718,0.0026399666896218515,-0.002218641177525016,0.0014699085919592032,-0.0052069732347328175,0.0005557522901098536,no,0.028962017026850032,0.000941003018051692,0.9965782580222659,0.00025311363365669673,0.9786148902691025,0.0008890204539216694,Thesis/2_Explainable_Boosting_Machine/3_Level_Prediction/1_Intermediate_Calculations/classifier__combined_without_length_correlated_and_duplicate_features/model.joblib,Level probabilities summed into CEFR bands
11,classifier__combined_without_length_features,cefr,classifier,combined_without_length_features,test,200,balanced,cefr,1710,61080,0.9661755075311067,0.0009207702700205309,0.937770846117256,0.0029994091444764557,-0.018871276162240824,0.0023391600749143927,-0.0235305210262103,-0.014474122665021238,yes,0.03780288146692862,0.0010679635507159588,0.996185330713818,0.0002655603223353479,0.9732694828864508,0.0009593657352641374,Thesis/2_Explainable_Boosting_Machine/2_CEFR_Classification/1_Intermediate_Calculations/classifier__combined_without_length_features/model.joblib,Direct CEFR classification
12,classifier__combined_plus_error_composition,cefr,classifier,combined_plus_error_composition,test,200,balanced,cefr,1722,61080,0.9659462999345121,0.0009166050978163059,0.9366105805865301,0.003103527589810757,-0.020031541692966726,0.0023506623747007473,-0.024824143973829108,-0.015724862774687577,yes,0.03796660117878192,0.0010500372227882845,0.9962180746561886,0.0002564352064213724,0.9732696943801646,0.0009154827723854602,Thesis/2_Explainable_Boosting_Machine/2_CEFR_Classification/1_Intermediate_Calculations/classifier__combined_plus_error_composition/model.joblib,Direct CEFR classification
13,classifier__combined,cefr,classifier,combined,test,200,balanced,cefr,1719,61080,0.9656516044531762,0.0009287063533801546,0.9361730778899062,0.003034392820763168,-0.02046904438959063,0.002385307930416916,-0.025305754656494227,-0.015944723339652144,yes,0.038359528487229864,0.0010714127893275852,0.9961689587426326,0.0002643798975603136,0.9728778060704949,0.0009512549523427974,Thesis/2_Explainable_Boosting_Machine/2_CEFR_Classification/1_Intermediate_Calculations/classifier__combined/model.joblib,Direct CEFR classification
14,classifier__complexity,cefr,classifier,complexity,test,200,balanced,cefr,1650,61080,0.9659462999345121,0.0009288923104566367,0.9358539894686533,0.0031158485437272777,-0.020788132810843574,0.002332844855406299,-0.025540754491447416,-0.016543826347079224,yes,0.03803208906352325,0.0010642873336382615,0.9961689587426326,0.00026135738722140906,0.9731504348365095,0.0009212818453275675,Thesis/2_Explainable_Boosting_Machine/2_CEFR_Classification/1_Intermediate_Calculations/classifier__complexity/model.joblib,Direct CEFR classification
15,classifier__complexity_without_length_features,cefr,classifier,complexity_without_length_features,test,200,balanced,cefr,1641,61080,0.9657334643091028,0.0009167919040458759,0.935644073109777,0.003025523224660052,-0.020998049169719812,0.002361091796110893,-0.02576758778032309,-0.016634411928000446,yes,0.0383267845448592,0.0010658692945445301,0.9961034708578913,0.00027217814658576223,0.9728722932929947,0.0009515320800049545,Thesis/2_Explainable_Boosting_Machine/2_CEFR_Classification/1_Intermediate_Calculations/classifier__complexity_without_length_features/model.joblib,Direct CEFR classification
16,classifier__combined_without_duplicate_features,cefr,classifier,combined_without_duplicate_features,test,200,balanced,cefr,1184,61080,0.9644400785854617,0.0009670214564777413,0.9338599303726663,0.003189064352055958,-0.022782191906830507,0.0025421897983131363,-0.028140341391416197,-0.018263077677622256,yes,0.0399803536345776,0.0011266258961242326,0.9958251473477406,0.000279358877213741,0.9714733835832831,0.0010251168274892737,Thesis/2_Explainable_Boosting_Machine/2_CEFR_Classification/1_Intermediate_Calculations/classifier__combined_without_duplicate_features/model.joblib,Direct CEFR classification
17,classifier__complexity_without_length_correlated_features,cefr,classifier,complexity_without_length_correlated_features,test,200,balanced,cefr,1613,61080,0.964751146037983,0.0009552573224626336,0.9330084945839625,0.0033345307805330306,-0.023633627695534343,0.0025978615821610675,-0.02891988020608565,-0.018844939754684296,yes,0.03970203012442698,0.0011181596674470257,0.9957432874918141,0.0002848494716715667,0.9716080113186497,0.0010213766319050648,Thesis/2_Explainable_Boosting_Machine/2_CEFR_Classification/1_Intermediate_Calculations/classifier__complexity_without_length_correlated_features/model.joblib,Direct CEFR classification
18,classifier__combined_without_length_correlated_features,cefr,classifier,combined_without_length_correlated_features,test,200,balanced,cefr,1675,61080,0.9646201702685003,0.0009460893388599563,0.9326365741129837,0.0032825272295143653,-0.024005548166513124,0.0025405881659951,-0.02922042568793679,-0.019318490293368105,yes,0.039963981663392274,0.001110519992304667,0.9956286836935166,0.0002853305677673663,0.9712787202451689,0.0010259919142035436,Thesis/2_Explainable_Boosting_Machine/2_CEFR_Classification/1_Intermediate_Calculations/classifier__combined_without_length_correlated_features/model.joblib,Direct CEFR classification
19,classifier__combined_without_length_and_duplicate_features,cefr,classifier,combined_without_length_and_duplicate_features,test,200,balanced,cefr,1182,61080,0.9642599869024231,0.0009644038448384365,0.9323164822104995,0.0032462693211408925,-0.0243256400689974,0.0025702643312048848,-0.02957129636136681,-0.0195811353739445,yes,0.04007858546168959,0.0011210364589079934,0.9959070072036673,0.00027479637430514374,0.97151815917516,0.0010108169967993788,Thesis/2_Explainable_Boosting_Machine/2_CEFR_Classification/1_Intermediate_Calculations/classifier__combined_without_length_and_duplicate_features/model.joblib,Direct CEFR classification
20,classifier__combined_without_length_correlated_and_duplicate_features,cefr,classifier,combined_without_length_correlated_and_duplicate_features,test,200,balanced,cefr,1158,61080,0.9634086444007859,0.0009624535485834943,0.9294702648090519,0.0033739734306475117,-0.027171857470444927,0.002757997307202495,-0.032861603547612236,-0.022231034861406453,yes,0.041797642436149314,0.0011399295611633992,0.9951538965291421,0.0002959279678276292,0.9694370489537426,0.0010756709006931324,Thesis/2_Explainable_Boosting_Machine/2_CEFR_Classification/1_Intermediate_Calculations/classifier__combined_without_length_correlated_and_duplicate_features/model.joblib,Direct CEFR classification
21,classifier__training_mutual_information_features,level,classifier,training_mutual_information_features,test,200,balanced,cefr,200,61080,0.9278159790438769,0.0013697310113235648,0.8690648023808503,0.004628847759368703,-0.08757731989864659,0.003858387508940742,-0.09606099565981428,-0.08065075713055402,yes,0.08025540275049116,0.0015923859592239678,0.9924361493123772,0.0003830798191353254,0.9448410286579518,0.0015134567266225176,Thesis/2_Explainable_Boosting_Machine/3_Level_Prediction/1_Intermediate_Calculations/classifier__training_mutual_information_features/model.joblib,Level probabilities summed into CEFR bands
22,classifier__polke,level,classifier,polke,test,200,balanced,cefr,618,61080,0.9269155206286837,0.0013848661271337096,0.8666643996355091,0.004609700068888097,-0.08997772264398773,0.0038878212801106583,-0.0979886647897218,-0.08293351715378132,yes,0.08089390962671905,0.0015691561146403542,0.9926489849377865,0.0003602131150236152,0.9445409675528612,0.0014792810794617085,Thesis/2_Explainable_Boosting_Machine/3_Level_Prediction/1_Intermediate_Calculations/classifier__polke/model.joblib,Level probabilities summed into CEFR bands
23,classifier__training_information_gain_features,level,classifier,training_information_gain_features,test,200,balanced,cefr,200,61080,0.9228061558611657,0.0014058368054725562,0.8640964776432574,0.004696797371538997,-0.09254564463623949,0.00394684012534277,-0.10084190475051218,-0.08571319688378527,yes,0.08503601833660773,0.0015997225741947235,0.9925507531106745,0.00036960661696338514,0.9426288236177147,0.0015319482492068544,Thesis/2_Explainable_Boosting_Machine/3_Level_Prediction/1_Intermediate_Calculations/classifier__training_information_gain_features/model.joblib,Level probabilities summed into CEFR bands
24,classifier__training_mutual_information_features,cefr,classifier,training_mutual_information_features,test,200,balanced,cefr,200,61080,0.9128028814669287,0.0015328832993082978,0.8411498789674414,0.004944518572008258,-0.11549224331205543,0.0043994879469313065,-0.12475533667221525,-0.10746751406013388,yes,0.09715127701375245,0.001782257284825204,0.9907498362802881,0.00042341338982439334,0.9337792133422391,0.001700478190364077,Thesis/2_Explainable_Boosting_Machine/2_CEFR_Classification/1_Intermediate_Calculations/classifier__training_mutual_information_features/model.joblib,Direct CEFR classification
25,classifier__polke,cefr,classifier,polke,test,200,balanced,cefr,618,61080,0.914259986902423,0.0015321863533427256,0.8387163455079731,0.005398403429045083,-0.11792577677152372,0.004643850856580485,-0.12785095100728414,-0.10936127096824154,yes,0.09513752455795678,0.0017455191426382784,0.9910281597904388,0.0004134613010679,0.935608582786841,0.0016169817160960815,Thesis/2_Explainable_Boosting_Machine/2_CEFR_Classification/1_Intermediate_Calculations/classifier__polke/model.joblib,Direct CEFR classification
26,classifier__training_information_gain_features,cefr,classifier,training_information_gain_features,test,200,balanced,cefr,200,61080,0.9073346430910282,0.0016071082835768845,0.8355187463834947,0.005302990840145352,-0.1211233758960022,0.00477150539019725,-0.13099370383280698,-0.11224217373670807,yes,0.10209561231172233,0.001835001256947277,0.9911427635887361,0.0004030056308538266,0.9318603704835966,0.0017211487516307455,Thesis/2_Explainable_Boosting_Machine/2_CEFR_Classification/1_Intermediate_Calculations/classifier__training_information_gain_features/model.joblib,Direct CEFR classification
27,regressor__combined_plus_error_composition,level,regressor,combined_plus_error_composition,test,200,none,cefr,1722,61080,0.8624918140144073,0.002020444060744118,0.7331701672216677,0.006699309785546574,-0.22347195505782913,0.006509657393003882,-0.23666425716249306,-0.21090238010401643,yes,0.13948919449901767,0.00207665281420179,0.998018991486575,0.00021773302527377936,0.9122483829183796,0.0016448742334217881,Thesis/2_Explainable_Boosting_Machine/3_Level_Prediction/1_Intermediate_Calculations/regressor__combined_plus_error_composition/model.joblib,Numerical level rounded and mapped to CEFR
28,regressor__complexity,level,regressor,complexity,test,200,none,cefr,1650,61080,0.8625409299279633,0.002022927707430842,0.7323252241780598,0.006479029395112547,-0.22431689810143707,0.006333229993136257,-0.2370761575222569,-0.2120851645025671,yes,0.139505566470203,0.0020784823616206444,0.997969875573019,0.0002188551276331577,0.9120704569446302,0.0016364675570413087,Thesis/2_Explainable_Boosting_Machine/3_Level_Prediction/1_Intermediate_Calculations/regressor__complexity/model.joblib,Numerical level rounded and mapped to CEFR
29,regressor__combined,level,regressor,combined,test,200,none,cefr,1719,61080,0.8621643745907007,0.0020186545423685437,0.7290918038185894,0.006784928454712385,-0.22755031846090745,0.006609516680194251,-0.24106152426861172,-0.2148896509832123,yes,0.13980026195153897,0.0020758196652734986,0.9980517354289457,0.00021648967939261724,0.9119912731825534,0.0016548373470712406,Thesis/2_Explainable_Boosting_Machine/3_Level_Prediction/1_Intermediate_Calculations/regressor__combined/model.joblib,Numerical level rounded and mapped to CEFR
30,regressor__complexity_without_length_features,level,regressor,complexity_without_length_features,test,200,none,cefr,1641,61080,0.8622134905042567,0.0020202909474917362,0.7276153301050694,0.0067353115755751725,-0.22902679217442745,0.006549499253242343,-0.24205377071242856,-0.21638098765361816,yes,0.13962017026850032,0.002074727115674796,0.9981827111984283,0.0002110024237311862,0.9121877405912311,0.0016266645178078813,Thesis/2_Explainable_Boosting_Machine/3_Level_Prediction/1_Intermediate_Calculations/regressor__complexity_without_length_features/model.joblib,Numerical level rounded and mapped to CEFR
31,regressor__combined_without_length_features,level,regressor,combined_without_length_features,test,200,none,cefr,1710,61080,0.8612802881466929,0.002051016240429044,0.7274332864705548,0.006612748416604373,-0.22920883580894202,0.006473961723666199,-0.24243339782724133,-0.216914244445842,yes,0.14068434839554683,0.0021086997591971395,0.9980517354289457,0.00021333847091694434,0.9114077794702901,0.0016409614281176473,Thesis/2_Explainable_Boosting_Machine/3_Level_Prediction/1_Intermediate_Calculations/regressor__combined_without_length_features/model.joblib,Numerical level rounded and mapped to CEFR
32,regressor__combined_without_duplicate_features,level,regressor,combined_without_duplicate_features,test,200,none,cefr,1184,61080,0.8589882121807466,0.002031333721596138,0.7219271340644493,0.0064595882972257315,-0.23471498821504755,0.0063163018148086275,-0.2474880970201645,-0.2224122799913736,yes,0.14292730844793713,0.002085725004737535,0.9981008513425016,0.00021546389776101317,0.9099369030576261,0.0016628008113124836,Thesis/2_Explainable_Boosting_Machine/3_Level_Prediction/1_Intermediate_Calculations/regressor__combined_without_duplicate_features/model.joblib,Numerical level rounded and mapped to CEFR
33,regressor__combined_without_length_and_duplicate_features,level,regressor,combined_without_length_and_duplicate_features,test,200,none,cefr,1182,61080,0.8590045841519319,0.002043208136604193,0.719453487886952,0.006440559843068888,-0.2371886343925449,0.0064363678752248485,-0.25014316541602705,-0.22538031559534683,yes,0.14289456450556648,0.0020972156663702063,0.9981008513425016,0.0002192191685543029,0.9101751059952421,0.0016507795192012315,Thesis/2_Explainable_Boosting_Machine/3_Level_Prediction/1_Intermediate_Calculations/regressor__combined_without_length_and_duplicate_features/model.joblib,Numerical level rounded and mapped to CEFR
34,regressor__combined_without_length_correlated_features,level,regressor,combined_without_length_correlated_features,test,200,none,cefr,1675,61080,0.8584479371316307,0.0020445916051754455,0.7181973112458948,0.006733877710910579,-0.23844481103360204,0.0066042606249239405,-0.2520830079158266,-0.22630651402043364,yes,0.14351669941060904,0.002106282383149114,0.9980353634577603,0.00021580252678538784,0.9095064058997339,0.0016670740584053905,Thesis/2_Explainable_Boosting_Machine/3_Level_Prediction/1_Intermediate_Calculations/regressor__combined_without_length_correlated_features/model.joblib,Numerical level rounded and mapped to CEFR
35,regressor__complexity_without_length_correlated_features,level,regressor,complexity_without_length_correlated_features,test,200,none,cefr,1613,61080,0.8574656188605108,0.0020380524047172934,0.7140878698010585,0.00666756941014907,-0.24255425247843831,0.0065590609253282,-0.25576476962826644,-0.22986166503017627,yes,0.14443352979698756,0.0020985558455970483,0.9981008513425016,0.00021770474205538756,0.9089469041774343,0.0016574373821192506,Thesis/2_Explainable_Boosting_Machine/3_Level_Prediction/1_Intermediate_Calculations/regressor__complexity_without_length_correlated_features/model.joblib,Numerical level rounded and mapped to CEFR
36,regressor__combined_without_length_correlated_and_duplicate_features,level,regressor,combined_without_length_correlated_and_duplicate_features,test,200,none,cefr,1158,61080,0.8547806155861166,0.002068304630955791,0.707450568307011,0.006270178367240261,-0.24919155397248582,0.006223491383579592,-0.2619413529281501,-0.23692087638348983,yes,0.14720039292730844,0.002127600992321312,0.9980353634577603,0.00022702853486746065,0.906994436858118,0.0016721120919166148,Thesis/2_Explainable_Boosting_Machine/3_Level_Prediction/1_Intermediate_Calculations/regressor__combined_without_length_correlated_and_duplicate_features/model.joblib,Numerical level rounded and mapped to CEFR
37,regressor__polke,level,regressor,polke,test,200,none,cefr,618,61080,0.8253601833660773,0.0023155794262479288,0.6768223522144711,0.006152512932656297,-0.2798197700650258,0.006079171275764175,-0.2921812687213887,-0.26826599489051833,yes,0.1776686313032089,0.002394503049236491,0.9969875573018991,0.0002491304855507926,0.8857239281862612,0.002016187780635406,Thesis/2_Explainable_Boosting_Machine/3_Level_Prediction/1_Intermediate_Calculations/regressor__polke/model.joblib,Numerical level rounded and mapped to CEFR
38,regressor__training_mutual_information_features,level,regressor,training_mutual_information_features,test,200,none,cefr,200,61080,0.8316633922724296,0.0023195058239636524,0.6725959426721764,0.006641763280242034,-0.2840461796073205,0.006650101097973927,-0.29740893360996445,-0.2713196436745986,yes,0.1709561231172233,0.002384071300745315,0.9973804846103471,0.00023968104977245463,0.8900304232958781,0.001983519821727187,Thesis/2_Explainable_Boosting_Machine/3_Level_Prediction/1_Intermediate_Calculations/regressor__training_mutual_information_features/model.joblib,Numerical level rounded and mapped to CEFR
39,regressor__training_information_gain_features,level,regressor,training_information_gain_features,test,200,none,cefr,200,61080,0.8325802226588082,0.002272499829729666,0.6703190567594988,0.006301664857581364,-0.2863230655199981,0.006387871949312894,-0.29921201009333837,-0.27413116297468343,yes,0.17013752455795678,0.0023382946470338743,0.9972822527832351,0.000244598400915529,0.8904809494392043,0.0019391681723125,Thesis/2_Explainable_Boosting_Machine/3_Level_Prediction/1_Intermediate_Calculations/regressor__training_information_gain_features/model.joblib,Numerical level rounded and mapped to CEFR
40,classifier__length_only,cefr,classifier,length_only,test,200,balanced,cefr,9,61080,0.745988867059594,0.00292655088765648,0.6541173318229119,0.007128200187120471,-0.302524790456585,0.006707284530630959,-0.3162297174928505,-0.29011484791868947,yes,0.27981335952848724,0.0033382680496233273,0.975098231827112,0.0007328658082260724,0.8262113963383411,0.003622661239511077,Thesis/2_Explainable_Boosting_Machine/2_CEFR_Classification/1_Intermediate_Calculations/classifier__length_only/model.joblib,Direct CEFR classification
41,classifier__length_only,level,classifier,length_only,test,200,balanced,cefr,9,61080,0.7474950884086444,0.0028649345468100234,0.6534236486970426,0.007078058462150948,-0.30321847358245424,0.00666124106541135,-0.31690190797187184,-0.2907364973539251,yes,0.2778323510150622,0.0032488111324580076,0.9753438113948919,0.0007146662746321663,0.8269735255327386,0.0035901007591726945,Thesis/2_Explainable_Boosting_Machine/3_Level_Prediction/1_Intermediate_Calculations/classifier__length_only/model.joblib,Level probabilities summed into CEFR bands
42,classifier__accuracy,cefr,classifier,accuracy,test,200,balanced,cefr,69,61080,0.6947118533071381,0.003001282545393122,0.5919930433838758,0.0066893419251752295,-0.36464907889562104,0.006385446355769133,-0.37773627333186083,-0.35248795629892127,yes,0.3569417157825802,0.003792268540453724,0.954354944335298,0.001087437212036766,0.7517931385882857,0.004306283925479109,Thesis/2_Explainable_Boosting_Machine/2_CEFR_Classification/1_Intermediate_Calculations/classifier__accuracy/model.joblib,Direct CEFR classification
43,classifier__accuracy,level,classifier,accuracy,test,200,balanced,cefr,69,61080,0.6951702685003275,0.0029987897997570054,0.5897562665736056,0.006646519794377975,-0.3668858557058913,0.00633963219958059,-0.3797507504706622,-0.3551408829651004,yes,0.35599214145383107,0.0037794315646491085,0.9546987557301899,0.001074807221218978,0.7516289067451037,0.004307360234424128,Thesis/2_Explainable_Boosting_Machine/3_Level_Prediction/1_Intermediate_Calculations/classifier__accuracy/model.joblib,Level probabilities summed into CEFR bands
44,regressor__length_only,level,regressor,length_only,test,200,none,cefr,9,61080,0.7517845448592011,0.003047110614566673,0.5604021375494022,0.00594032011555773,-0.3962399847300947,0.006288754731975258,-0.4082362975522813,-0.3836232468408216,yes,0.25771119842829077,0.003219626735159926,0.9907334643091028,0.0004554335192876871,0.8182099289992519,0.003165437086093202,Thesis/2_Explainable_Boosting_Machine/3_Level_Prediction/1_Intermediate_Calculations/regressor__length_only/model.joblib,Numerical level rounded and mapped to CEFR
45,regressor__accuracy,level,regressor,accuracy,test,200,none,cefr,69,61080,0.6569908316961363,0.00318008639933068,0.4366721839151288,0.003317842932619615,-0.5199699383643681,0.004230097929728098,-0.5284408777497529,-0.5114613666427861,yes,0.3600196463654224,0.00359361250883346,0.9836771447282253,0.0007615264139615633,0.7064800802090263,0.003488056899154915,Thesis/2_Explainable_Boosting_Machine/3_Level_Prediction/1_Intermediate_Calculations/regressor__accuracy/model.joblib,Numerical level rounded and mapped to CEFR
46,classifier__majority,cefr,classifier,majority,test,200,none,cefr,0,61080,0.4724623444662737,0.005630994296117049,0.1283461940447864,0.0010386913920005885,-0.8282959282347104,0.002601870538621105,-0.8332053185055315,-0.8229753066549439,yes,0.8005893909626719,0.011717885448568464,0.7919777341191879,0.005088177050322337,0.0,0.0,Thesis/2_Explainable_Boosting_Machine/2_CEFR_Classification/1_Intermediate_Calculations/classifier__majority/model.joblib,Direct CEFR classification
47,classifier__majority,level,classifier,majority,test,200,none,cefr,0,61080,0.4724623444662737,0.005630994296117049,0.1283461940447864,0.0010386913920005885,-0.8282959282347104,0.002601870538621105,-0.8332053185055315,-0.8229753066549439,yes,0.8005893909626719,0.011717885448568464,0.7919777341191879,0.005088177050322337,0.0,0.0,Thesis/2_Explainable_Boosting_Machine/3_Level_Prediction/1_Intermediate_Calculations/classifier__majority/model.joblib,Level probabilities summed into CEFR bands
48,regressor__median,level,regressor,median,test,200,none,cefr,0,61080,0.3195153896529142,0.004698150159828292,0.09685840488361705,0.0010789710973353468,-0.8597837173958798,0.0027039276319560457,-0.8648957391976775,-0.8543159594295976,yes,0.7455140798952193,0.006581863191167823,0.9444171578258023,0.002738681638483671,0.0,0.0,Thesis/2_Explainable_Boosting_Machine/3_Level_Prediction/1_Intermediate_Calculations/regressor__median/model.joblib,Numerical level rounded and mapped to CEFR
1,classifier__combined,level,classifier,combined,validation,200,balanced,cefr,1719,60230,0.9760916486800598,0.0007836551528563576,0.955979907186497,0.0023238241840969694,0.0,0.0,0.0,0.0,rank 1,0.02684708616968288,0.0009144593588644819,0.997177486302507,0.0002303962542162779,0.9810767854962601,0.0007788816989909076,Thesis/2_Explainable_Boosting_Machine/3_Level_Prediction/1_Intermediate_Calculations/classifier__combined/model.joblib,Level probabilities summed into CEFR bands
2,classifier__combined_plus_error_composition,level,classifier,combined_plus_error_composition,validation,200,balanced,cefr,1722,60230,0.9758592063755603,0.0007844429192565843,0.9558516557035102,0.0022764250889003973,-0.00012825148298678535,0.0006826341526968717,-0.0014831746813453034,0.0012312352068516489,no,0.02709613149593226,0.0009163764760676755,0.9971608832807571,0.0002318796586538178,0.9809060777923283,0.00077634220505082,Thesis/2_Explainable_Boosting_Machine/3_Level_Prediction/1_Intermediate_Calculations/classifier__combined_plus_error_composition/model.joblib,Level probabilities summed into CEFR bands
3,classifier__complexity,level,classifier,complexity,validation,200,balanced,cefr,1650,60230,0.9757927942885605,0.0007781568248510099,0.9557083474644053,0.0022772028698816484,-0.00027155972209169654,0.0006784209105062135,-0.0016266096258966162,0.0011075868280724789,no,0.027245558691681885,0.0009102165854261217,0.9970612651502574,0.00023621083996330658,0.980742777616192,0.0007824833858665857,Thesis/2_Explainable_Boosting_Machine/3_Level_Prediction/1_Intermediate_Calculations/classifier__complexity/model.joblib,Level probabilities summed into CEFR bands
4,classifier__combined_without_duplicate_features,level,classifier,combined_without_duplicate_features,validation,200,balanced,cefr,1184,60230,0.9751618794620621,0.0007718649841329921,0.9553859342114259,0.002211962344662027,-0.0005939729750710221,0.0008642210900383477,-0.0022938564954076146,0.0011371892144959356,no,0.027926282583430183,0.0008955955638160872,0.9970280591067574,0.0002308486761821165,0.980298071651217,0.0007715228374585426,Thesis/2_Explainable_Boosting_Machine/3_Level_Prediction/1_Intermediate_Calculations/classifier__combined_without_duplicate_features/model.joblib,Level probabilities summed into CEFR bands
5,classifier__combined_without_length_and_duplicate_features,level,classifier,combined_without_length_and_duplicate_features,validation,200,balanced,cefr,1182,60230,0.9750788643533123,0.0007775251704771756,0.9546883356144464,0.002237103506568469,-0.0012915715720505094,0.0008726714181839344,-0.0029819102866996293,0.00040284043003652973,no,0.028158724887929604,0.0009176342324258333,0.9968952349327578,0.00023691830733423269,0.9799837030879119,0.0008061342230879686,Thesis/2_Explainable_Boosting_Machine/3_Level_Prediction/1_Intermediate_Calculations/classifier__combined_without_length_and_duplicate_features/model.joblib,Level probabilities summed into CEFR bands
6,classifier__complexity_without_length_features,level,classifier,complexity_without_length_features,validation,200,balanced,cefr,1641,60230,0.9756433670928109,0.00078628331737935,0.954680392149285,0.002340072400596707,-0.001299515037211929,0.000745031415667338,-0.0028755314854903265,4.3123424581356523e-05,no,0.027394985887431514,0.0009223285864567096,0.9970778681720073,0.00023565317474625835,0.9806405383132227,0.0007980085054207372,Thesis/2_Explainable_Boosting_Machine/3_Level_Prediction/1_Intermediate_Calculations/classifier__complexity_without_length_features/model.joblib,Level probabilities summed into CEFR bands
7,classifier__combined_without_length_features,level,classifier,combined_without_length_features,validation,200,balanced,cefr,1710,60230,0.9757595882450606,0.0008017619115333684,0.9546784838068312,0.002329310425209824,-0.001301423379665767,0.0006899634890231288,-0.002762179339289142,-4.803669307984213e-05,yes,0.02731197077868172,0.0009421742434623463,0.9970446621285074,0.000237216415659963,0.9806491964088686,0.000807568318731186,Thesis/2_Explainable_Boosting_Machine/3_Level_Prediction/1_Intermediate_Calculations/classifier__combined_without_length_features/model.joblib,Level probabilities summed into CEFR bands
8,classifier__combined_without_length_correlated_and_duplicate_features,level,classifier,combined_without_length_correlated_and_duplicate_features,validation,200,balanced,cefr,1158,60230,0.9739332558525652,0.0008149107537155319,0.9531547269229828,0.002377506221555328,-0.002825180263514193,0.0011515335719352055,-0.005181511882345877,-0.0005410337782533358,yes,0.029719408932425702,0.0009797854714534025,0.9965133654325087,0.0002621065261832377,0.9785775220514262,0.0008762144183739913,Thesis/2_Explainable_Boosting_Machine/3_Level_Prediction/1_Intermediate_Calculations/classifier__combined_without_length_correlated_and_duplicate_features/model.joblib,Level probabilities summed into CEFR bands
9,classifier__complexity_without_length_correlated_features,level,classifier,complexity_without_length_correlated_features,validation,200,balanced,cefr,1613,60230,0.9746969948530633,0.0008047928051936332,0.9528765455623175,0.0023905793695002974,-0.003103361624179457,0.0010470865825105025,-0.005218484971616033,-0.0011681562218978792,yes,0.028706624605678233,0.0009668212060651978,0.9967458077370082,0.0002568699268729313,0.9794415411709322,0.0008494965156960558,Thesis/2_Explainable_Boosting_Machine/3_Level_Prediction/1_Intermediate_Calculations/classifier__complexity_without_length_correlated_features/model.joblib,Level probabilities summed into CEFR bands
10,classifier__combined_without_length_correlated_features,level,classifier,combined_without_length_correlated_features,validation,200,balanced,cefr,1675,60230,0.9748630250705629,0.000808178962997325,0.9526637127989469,0.0024081666514316623,-0.003316194387550042,0.0009738887024990597,-0.005331625777137927,-0.0014915267936594294,yes,0.028607006475178484,0.000975634286965332,0.9966793956500083,0.00026426142153434607,0.9794005835807656,0.0008597030754392284,Thesis/2_Explainable_Boosting_Machine/3_Level_Prediction/1_Intermediate_Calculations/classifier__combined_without_length_correlated_features/model.joblib,Level probabilities summed into CEFR bands
11,classifier__complexity,cefr,classifier,complexity,validation,200,balanced,cefr,1650,60230,0.966793956500083,0.0009092100017110404,0.9372254847404626,0.002658450618048955,-0.018754422446034313,0.0023716857340206543,-0.023434140173184074,-0.014159684979737542,yes,0.03739000498090653,0.0010649233919704417,0.99599867175826,0.0002778601960656584,0.9737074016418409,0.0009424814199389693,Thesis/2_Explainable_Boosting_Machine/2_CEFR_Classification/1_Intermediate_Calculations/classifier__complexity/model.joblib,Direct CEFR classification
12,classifier__combined_plus_error_composition,cefr,classifier,combined_plus_error_composition,validation,200,balanced,cefr,1722,60230,0.9672422380873319,0.0009005759594032145,0.9369058763690076,0.0026069244485910836,-0.019074030817489374,0.0024306894913834784,-0.023989726957646316,-0.014296512616138771,yes,0.03702473850240744,0.0010537166120754857,0.9958824506060103,0.0002791532609808806,0.9738642559515712,0.0009310955007056776,Thesis/2_Explainable_Boosting_Machine/2_CEFR_Classification/1_Intermediate_Calculations/classifier__combined_plus_error_composition/model.joblib,Direct CEFR classification
13,classifier__combined,cefr,classifier,combined,validation,200,balanced,cefr,1719,60230,0.9671592229785821,0.0008986190129610525,0.9366277729665112,0.0025856165712793474,-0.019352134219985717,0.0023827512654493736,-0.02417768033021133,-0.014740916947436237,yes,0.037041341524157397,0.0010516598684397163,0.9959654657147601,0.00027728891014193273,0.9739129041210239,0.0009265496164370539,Thesis/2_Explainable_Boosting_Machine/2_CEFR_Classification/1_Intermediate_Calculations/classifier__combined/model.joblib,Direct CEFR classification
14,classifier__combined_without_length_features,cefr,classifier,combined_without_length_features,validation,200,balanced,cefr,1710,60230,0.9670928108915823,0.0009085562206656038,0.9366168369789232,0.0025895913252017466,-0.019363070207573774,0.0023167295491512744,-0.023921696845560097,-0.014807627758386219,yes,0.03714095965465715,0.0010593936186727299,0.9959156566495102,0.0002767927259907123,0.9738159277323589,0.0009247495273188212,Thesis/2_Explainable_Boosting_Machine/2_CEFR_Classification/1_Intermediate_Calculations/classifier__combined_without_length_features/model.joblib,Direct CEFR classification
15,classifier__complexity_without_length_features,cefr,classifier,complexity_without_length_features,validation,200,balanced,cefr,1641,60230,0.9669101776523327,0.0009026428902701655,0.9364863012588913,0.0026309435503641524,-0.01949360592760563,0.0022477420303892723,-0.0241667824657749,-0.015145531940320964,yes,0.037290386850406775,0.001054809929781487,0.9959654657147601,0.000276468995624788,0.973784555806865,0.0009316843967389158,Thesis/2_Explainable_Boosting_Machine/2_CEFR_Classification/1_Intermediate_Calculations/classifier__complexity_without_length_features/model.joblib,Direct CEFR classification
16,classifier__combined_without_length_correlated_features,cefr,classifier,combined_without_length_correlated_features,validation,200,balanced,cefr,1675,60230,0.9657977751950855,0.0009169475279367388,0.9349624582429783,0.00249043296246437,-0.021017448943518646,0.0024093481929914323,-0.026069111037479116,-0.016431239977048977,yes,0.03898389506890254,0.0010857091469050804,0.9954839780840113,0.00028805572458656827,0.9719978426246143,0.0009770821730922547,Thesis/2_Explainable_Boosting_Machine/2_CEFR_Classification/1_Intermediate_Calculations/classifier__combined_without_length_correlated_features/model.joblib,Direct CEFR classification
17,classifier__combined_without_length_and_duplicate_features,cefr,classifier,combined_without_length_and_duplicate_features,validation,200,balanced,cefr,1182,60230,0.9654989208035862,0.0009287217577924062,0.9347709613369247,0.0026901399274213518,-0.021208945849572225,0.002372612696561375,-0.026100391811889712,-0.016656849692885386,yes,0.03886767391665283,0.0010871219025277866,0.9958326415407605,0.0002833173964279891,0.9727039830800638,0.0009561004663959671,Thesis/2_Explainable_Boosting_Machine/2_CEFR_Classification/1_Intermediate_Calculations/classifier__combined_without_length_and_duplicate_features/model.joblib,Direct CEFR classification
18,classifier__complexity_without_length_correlated_features,cefr,classifier,complexity_without_length_correlated_features,validation,200,balanced,cefr,1613,60230,0.9656483479993359,0.0009248544148577962,0.9347038637785653,0.0025094120879951176,-0.021276043407931655,0.0024040736703655175,-0.026185545547478872,-0.01669005980817413,yes,0.039133322264652166,0.0010920092955062442,0.9954839780840113,0.0002871505075738898,0.9719173461723144,0.0009820914532044046,Thesis/2_Explainable_Boosting_Machine/2_CEFR_Classification/1_Intermediate_Calculations/classifier__complexity_without_length_correlated_features/model.joblib,Direct CEFR classification
19,classifier__combined_without_duplicate_features,cefr,classifier,combined_without_duplicate_features,validation,200,balanced,cefr,1184,60230,0.9656649510210858,0.0009414177550531484,0.9335787202597222,0.002717150516282733,-0.02240118692677473,0.0022843952025185994,-0.027022910249560776,-0.018056570388182733,yes,0.03855221650340362,0.001100910949628374,0.9959820687365101,0.0002766489957320606,0.9730481368829615,0.0009548555458613438,Thesis/2_Explainable_Boosting_Machine/2_CEFR_Classification/1_Intermediate_Calculations/classifier__combined_without_duplicate_features/model.joblib,Direct CEFR classification
20,classifier__combined_without_length_correlated_and_duplicate_features,cefr,classifier,combined_without_length_correlated_and_duplicate_features,validation,200,balanced,cefr,1158,60230,0.9644529304333389,0.0009604898792361567,0.9316892342688334,0.002727378145536352,-0.024290672917663514,0.0023558075041766793,-0.029084259596419165,-0.019830952718524298,yes,0.04042835796114893,0.0011335078365032603,0.9953677569317616,0.00029380370646344816,0.9711540755220708,0.0010209370830710062,Thesis/2_Explainable_Boosting_Machine/2_CEFR_Classification/1_Intermediate_Calculations/classifier__combined_without_length_correlated_and_duplicate_features/model.joblib,Direct CEFR classification
21,classifier__training_mutual_information_features,level,classifier,training_mutual_information_features,validation,200,balanced,cefr,200,60230,0.9294537605844264,0.0013594224256726118,0.8799036282233785,0.003978666577938195,-0.07607627896311842,0.003676763106728324,-0.0840350057238908,-0.069561449860093,yes,0.07833305661630417,0.0015747513791406484,0.9927112734517682,0.00037538019518696433,0.9472787571403959,0.0015574924408035431,Thesis/2_Explainable_Boosting_Machine/3_Level_Prediction/1_Intermediate_Calculations/classifier__training_mutual_information_features/model.joblib,Level probabilities summed into CEFR bands
22,classifier__training_information_gain_features,level,classifier,training_information_gain_features,validation,200,balanced,cefr,200,60230,0.9252365930599369,0.0014034920729546253,0.8739724213556995,0.004178554083065586,-0.08200748583079742,0.0038768136753220355,-0.09019359179068394,-0.0747112181467627,yes,0.08251701809729371,0.0015986149678087439,0.9926116553212685,0.0003631018620326428,0.9451302911041406,0.0015783983311082426,Thesis/2_Explainable_Boosting_Machine/3_Level_Prediction/1_Intermediate_Calculations/classifier__training_information_gain_features/model.joblib,Level probabilities summed into CEFR bands
23,classifier__polke,level,classifier,polke,validation,200,balanced,cefr,618,60230,0.9264320106259339,0.001374950329338172,0.8690174584322581,0.004029126175580899,-0.08696244875423886,0.003829830321724143,-0.09460820267050982,-0.0793407662079338,yes,0.08125518844429686,0.0015898867869878013,0.9926448613647684,0.0003834997395768194,0.9455268744443841,0.001519236944190449,Thesis/2_Explainable_Boosting_Machine/3_Level_Prediction/1_Intermediate_Calculations/classifier__polke/model.joblib,Level probabilities summed into CEFR bands
24,classifier__training_mutual_information_features,cefr,classifier,training_mutual_information_features,validation,200,balanced,cefr,200,60230,0.9147102772704633,0.0015531994782957163,0.855172989093474,0.004469499698795057,-0.100806918093023,0.004238328956018667,-0.10974216378366207,-0.09324352146076505,yes,0.09443798771376391,0.0017874779066545273,0.9913830317117716,0.0004193252362929365,0.9374497508173408,0.0017545996210677696,Thesis/2_Explainable_Boosting_Machine/2_CEFR_Classification/1_Intermediate_Calculations/classifier__training_mutual_information_features/model.joblib,Direct CEFR classification
25,classifier__training_information_gain_features,cefr,classifier,training_information_gain_features,validation,200,balanced,cefr,200,60230,0.9094803254192263,0.0016207224612781077,0.8472674753920157,0.004624174817910387,-0.1087124317944812,0.004390134636841255,-0.11739102541911567,-0.1003545323167544,yes,0.09996679395650009,0.0018545922628872796,0.9910841773202723,0.00042740712345640985,0.9341655074229633,0.0018138523602208663,Thesis/2_Explainable_Boosting_Machine/2_CEFR_Classification/1_Intermediate_Calculations/classifier__training_information_gain_features/model.joblib,Direct CEFR classification
26,classifier__polke,cefr,classifier,polke,validation,200,balanced,cefr,618,60230,0.9157064585754607,0.0015243555521212682,0.8470963047904891,0.004545960304805525,-0.1088836023960078,0.004444687533242423,-0.11800870951510041,-0.10083433678274413,yes,0.09387348497426531,0.0017776598311174236,0.9909679561680226,0.0004330123608737571,0.937031470952375,0.0017055898567486392,Thesis/2_Explainable_Boosting_Machine/2_CEFR_Classification/1_Intermediate_Calculations/classifier__polke/model.joblib,Direct CEFR classification
27,regressor__combined,level,regressor,combined,validation,200,none,cefr,1719,60230,0.8644529304333388,0.0020343861048283908,0.7407427055157264,0.006104188340436896,-0.21523720167077054,0.006284664796748151,-0.22731844120589095,-0.2036031060236869,yes,0.13770546239415574,0.0021224487435994423,0.9978748132160054,0.0002268070175384864,0.9147918287382852,0.0017731921545306882,Thesis/2_Explainable_Boosting_Machine/3_Level_Prediction/1_Intermediate_Calculations/regressor__combined/model.joblib,Numerical level rounded and mapped to CEFR
28,regressor__complexity,level,regressor,complexity,validation,200,none,cefr,1650,60230,0.864784990868338,0.00202741784938862,0.7383489319303624,0.006457469120445464,-0.2176309752561345,0.0066531061416699,-0.2308098597876105,-0.20520492321547507,yes,0.1373235928939067,0.0021175221386743283,0.9979246222812552,0.00021890717225061653,0.9150564824222053,0.0017609007623144263,Thesis/2_Explainable_Boosting_Machine/3_Level_Prediction/1_Intermediate_Calculations/regressor__complexity/model.joblib,Numerical level rounded and mapped to CEFR
29,regressor__combined_plus_error_composition,level,regressor,combined_plus_error_composition,validation,200,none,cefr,1722,60230,0.8648181969118379,0.0020462801120673564,0.7379248149285839,0.00645902100723979,-0.21805509225791309,0.006663754000639759,-0.232011461579312,-0.20634012162277982,yes,0.13727378382865682,0.0021265392169541324,0.9979412253030051,0.00021656938417914372,0.91519053068762,0.0017753316253102697,Thesis/2_Explainable_Boosting_Machine/3_Level_Prediction/1_Intermediate_Calculations/regressor__combined_plus_error_composition/model.joblib,Numerical level rounded and mapped to CEFR
30,regressor__complexity_without_length_features,level,regressor,complexity_without_length_features,validation,200,none,cefr,1641,60230,0.8633571309978416,0.0020616210477580684,0.7333983042860523,0.006325881200478564,-0.2225816029004446,0.006527040942868662,-0.2355899204239728,-0.21060682988851634,yes,0.13868504067740328,0.002137638090730866,0.997991034368255,0.00021238787745177524,0.9142809877509865,0.0017556590844771225,Thesis/2_Explainable_Boosting_Machine/3_Level_Prediction/1_Intermediate_Calculations/regressor__complexity_without_length_features/model.joblib,Numerical level rounded and mapped to CEFR
31,regressor__combined_without_length_features,level,regressor,combined_without_length_features,validation,200,none,cefr,1710,60230,0.8619292711273452,0.0020851428478258554,0.7312994914075774,0.006175139081912572,-0.2246804157789195,0.0064359668150073945,-0.23796655108041362,-0.2126771319990639,yes,0.14017931263489955,0.0021722869404454336,0.9979246222812552,0.00021764068670526815,0.9134025786122684,0.0017788231492973758,Thesis/2_Explainable_Boosting_Machine/3_Level_Prediction/1_Intermediate_Calculations/regressor__combined_without_length_features/model.joblib,Numerical level rounded and mapped to CEFR
32,regressor__combined_without_duplicate_features,level,regressor,combined_without_duplicate_features,validation,200,none,cefr,1184,60230,0.8615806076705961,0.0020547899056906557,0.7298846241564562,0.0063241350288440875,-0.22609528303004078,0.0065335334360457405,-0.23890820960364817,-0.21319285183127737,yes,0.1406441972438984,0.002138626832911508,0.9978250041507555,0.00021777984942541992,0.9127901904686665,0.0017878106491887695,Thesis/2_Explainable_Boosting_Machine/3_Level_Prediction/1_Intermediate_Calculations/regressor__combined_without_duplicate_features/model.joblib,Numerical level rounded and mapped to CEFR
33,regressor__combined_without_length_and_duplicate_features,level,regressor,combined_without_length_and_duplicate_features,validation,200,none,cefr,1182,60230,0.8610493109745974,0.002072714911522787,0.7253219273659768,0.006324520868650974,-0.23065797982052016,0.006486307636591205,-0.2437644705518313,-0.21888783000672538,yes,0.14107587580939732,0.0021529715506356877,0.9979080192595052,0.00021313573668204258,0.9125840563844648,0.0017585975925038504,Thesis/2_Explainable_Boosting_Machine/3_Level_Prediction/1_Intermediate_Calculations/regressor__combined_without_length_and_duplicate_features/model.joblib,Numerical level rounded and mapped to CEFR
34,regressor__combined_without_length_correlated_features,level,regressor,combined_without_length_correlated_features,validation,200,none,cefr,1675,60230,0.8599203054956002,0.002099784820331262,0.7160710993592074,0.00559518120024539,-0.23990880782728952,0.005845567071042673,-0.25173147454656586,-0.22907854262872002,yes,0.14227129337539432,0.0021794149957024803,0.9978416071725054,0.00021380867310372031,0.9116028156129423,0.0017285296696534472,Thesis/2_Explainable_Boosting_Machine/3_Level_Prediction/1_Intermediate_Calculations/regressor__combined_without_length_correlated_features/model.joblib,Numerical level rounded and mapped to CEFR
35,regressor__complexity_without_length_correlated_features,level,regressor,complexity_without_length_correlated_features,validation,200,none,cefr,1613,60230,0.8588411090818528,0.0021017513964172087,0.7143505579828002,0.006070594817924594,-0.24162934920369672,0.00626535593377718,-0.2542549358041271,-0.22984029123771293,yes,0.14338369583264154,0.0021835939426810133,0.9978084011290055,0.00022071492539247202,0.9108506708328137,0.001751064747072983,Thesis/2_Explainable_Boosting_Machine/3_Level_Prediction/1_Intermediate_Calculations/regressor__complexity_without_length_correlated_features/model.joblib,Numerical level rounded and mapped to CEFR
36,regressor__combined_without_length_correlated_and_duplicate_features,level,regressor,combined_without_length_correlated_and_duplicate_features,validation,200,none,cefr,1158,60230,0.8570147766893574,0.002105117543111309,0.711486709718994,0.005680938351115523,-0.24449319746750298,0.005955834902576384,-0.2561467431348054,-0.233578668336838,yes,0.14512701311638718,0.002183294702471397,0.9978914162377552,0.0002144869171497633,0.9098078132441392,0.0017587858321548352,Thesis/2_Explainable_Boosting_Machine/3_Level_Prediction/1_Intermediate_Calculations/regressor__combined_without_length_correlated_and_duplicate_features/model.joblib,Numerical level rounded and mapped to CEFR
37,regressor__training_information_gain_features,level,regressor,training_information_gain_features,validation,200,none,cefr,200,60230,0.8355304665449111,0.002278688035424485,0.6944505423175608,0.007215881482490714,-0.2615293648689362,0.007494385123378113,-0.2767984638095158,-0.24705199061113692,yes,0.167192429022082,0.0023618352108373607,0.9973269134982566,0.00024198847300397472,0.8945484023635389,0.0020973410171393303,Thesis/2_Explainable_Boosting_Machine/3_Level_Prediction/1_Intermediate_Calculations/regressor__training_information_gain_features/model.joblib,Numerical level rounded and mapped to CEFR
38,regressor__training_mutual_information_features,level,regressor,training_mutual_information_features,validation,200,none,cefr,200,60230,0.8347501245226632,0.002252528806590144,0.6931452552295835,0.006926065140029292,-0.26283465195691347,0.007350468422926288,-0.27733201443688626,-0.24827444053959674,yes,0.16797277104433006,0.0023335536996358605,0.9973269134982566,0.00024098300907431767,0.8939283854422878,0.0020577281460210845,Thesis/2_Explainable_Boosting_Machine/3_Level_Prediction/1_Intermediate_Calculations/regressor__training_mutual_information_features/model.joblib,Numerical level rounded and mapped to CEFR
39,regressor__polke,level,regressor,polke,validation,200,none,cefr,618,60230,0.8272953677569318,0.002247510144516576,0.6892705475702489,0.005903734733945224,-0.2667093596162481,0.00612245991396372,-0.27914953279819527,-0.25548364628944276,yes,0.17597542752781006,0.002355259017217215,0.996795616802258,0.0002867228046180394,0.8887218953753375,0.002200012452833838,Thesis/2_Explainable_Boosting_Machine/3_Level_Prediction/1_Intermediate_Calculations/regressor__polke/model.joblib,Numerical level rounded and mapped to CEFR
40,classifier__length_only,cefr,classifier,length_only,validation,200,balanced,cefr,9,60230,0.7523161215341192,0.002855572295792326,0.6740474789102991,0.0064346273428841465,-0.2819324282761978,0.006438184779760331,-0.29474984489448486,-0.27001428523125054,yes,0.2731695168520671,0.0032232125023080784,0.9754441308318114,0.0007063393906911956,0.8326887013822215,0.0039651980972502995,Thesis/2_Explainable_Boosting_Machine/2_CEFR_Classification/1_Intermediate_Calculations/classifier__length_only/model.joblib,Direct CEFR classification
41,classifier__length_only,level,classifier,length_only,validation,200,balanced,cefr,9,60230,0.7534783330566163,0.002838483184465578,0.6732035023895886,0.0063889661220216595,-0.28277640479690835,0.006374787331748527,-0.29540523106512,-0.2708220556655718,yes,0.2714261995683214,0.003188580669994754,0.9758260003320605,0.0006917982565832548,0.8334488929949984,0.003953721221665258,Thesis/2_Explainable_Boosting_Machine/3_Level_Prediction/1_Intermediate_Calculations/classifier__length_only/model.joblib,Level probabilities summed into CEFR bands
42,classifier__accuracy,cefr,classifier,accuracy,validation,200,balanced,cefr,69,60230,0.7001162211522497,0.0029045918689005207,0.6086625385132127,0.006048727456395646,-0.3473173686732842,0.006099086868077175,-0.3599282204450268,-0.3358628923825789,yes,0.3518346339033704,0.0036078897482560096,0.9544247052963639,0.0010586834588779221,0.7569869753623317,0.0047517122283910205,Thesis/2_Explainable_Boosting_Machine/2_CEFR_Classification/1_Intermediate_Calculations/classifier__accuracy/model.joblib,Direct CEFR classification
43,classifier__accuracy,level,classifier,accuracy,validation,200,balanced,cefr,69,60230,0.7000664120869998,0.002875273457443444,0.607562302807217,0.006137855839935525,-0.34841760437927993,0.006141912195577695,-0.3613186753737161,-0.3367630487214453,yes,0.3516520006641209,0.003582422089749849,0.9546405445791134,0.001057537634476436,0.7562029698845204,0.0047832982136145515,Thesis/2_Explainable_Boosting_Machine/3_Level_Prediction/1_Intermediate_Calculations/classifier__accuracy/model.joblib,Level probabilities summed into CEFR bands
44,regressor__length_only,level,regressor,length_only,validation,200,none,cefr,9,60230,0.754391499252864,0.0029129839215960795,0.5699089016638855,0.006347608767054008,-0.3860710055226114,0.006613479001199881,-0.3988567230405806,-0.37332316393686577,yes,0.25493939897061263,0.0030710083394457077,0.9909513531462726,0.0004353672172210234,0.8232332068668268,0.003413616013289746,Thesis/2_Explainable_Boosting_Machine/3_Level_Prediction/1_Intermediate_Calculations/regressor__length_only/model.joblib,Numerical level rounded and mapped to CEFR
45,regressor__accuracy,level,regressor,accuracy,validation,200,none,cefr,69,60230,0.6563340527976091,0.003065228205082079,0.44165574628887966,0.0033361846558244675,-0.5143241608976172,0.003915697144505776,-0.5220132388614148,-0.5067358879264405,yes,0.3611157230615972,0.0035754962397010147,0.9835630084675411,0.0008255692974425339,0.710411333236386,0.003986689830180159,Thesis/2_Explainable_Boosting_Machine/3_Level_Prediction/1_Intermediate_Calculations/regressor__accuracy/model.joblib,Numerical level rounded and mapped to CEFR
46,classifier__majority,cefr,classifier,majority,validation,200,none,cefr,0,60230,0.4785821019425535,0.005601567423949967,0.12947055190612541,0.0010251433570783613,-0.8265093552803715,0.002552500287431215,-0.8313057089339536,-0.8214635263981254,yes,0.7957662294537606,0.012171871797745674,0.7932591731695169,0.005074310147393013,0.0,0.0,Thesis/2_Explainable_Boosting_Machine/2_CEFR_Classification/1_Intermediate_Calculations/classifier__majority/model.joblib,Direct CEFR classification
47,classifier__majority,level,classifier,majority,validation,200,none,cefr,0,60230,0.4785821019425535,0.005601567423949967,0.12947055190612541,0.0010251433570783613,-0.8265093552803715,0.002552500287431215,-0.8313057089339536,-0.8214635263981254,yes,0.7957662294537606,0.012171871797745674,0.7932591731695169,0.005074310147393013,0.0,0.0,Thesis/2_Explainable_Boosting_Machine/3_Level_Prediction/1_Intermediate_Calculations/classifier__majority/model.joblib,Level probabilities summed into CEFR bands
48,regressor__median,level,regressor,median,validation,200,none,cefr,0,60230,0.3146770712269633,0.004597150928642841,0.09574277306997714,0.001063861916882179,-0.8602371341165198,0.0025708312289038464,-0.8652594393606203,-0.8550299053209538,yes,0.7529304333388677,0.006966822028110838,0.9450606010293874,0.0029670036323405447,0.0,0.0,Thesis/2_Explainable_Boosting_Machine/3_Level_Prediction/1_Intermediate_Calculations/regressor__median/model.joblib,Numerical level rounded and mapped to CEFR
