quality_rank,experiment,task,algorithm,feature_set,split,rounds,class_weight,evaluated_target,features,rows,accuracy,accuracy_standard_deviation,macro_f1,macro_f1_standard_deviation,macro_f1_difference_from_rank_1,macro_f1_difference_standard_deviation,macro_f1_difference_95_low,macro_f1_difference_95_high,distinguishable_from_rank_1,ordinal_mae,ordinal_mae_standard_deviation,within_one_accuracy,within_one_accuracy_standard_deviation,quadratic_weighted_kappa,quadratic_weighted_kappa_standard_deviation,regression_mae,regression_mae_standard_deviation,regression_rmse,regression_rmse_standard_deviation,regression_r_squared,regression_r_squared_standard_deviation,regression_spearman_correlation,regression_spearman_correlation_standard_deviation,model_file
1,classifier__combined_without_length_features,level,classifier,combined_without_length_features,test,200,balanced,level,1710,61080,0.9437295350360183,0.0012301743227822088,0.8968324807651253,0.005851402792096797,0.0,0.0,0.0,0.0,rank 1,0.11306483300589391,0.002908960995528066,0.9707105435494433,0.0008333748814611464,0.9793405723083315,0.0007809537039181646,,,,,,,,,Thesis/2_Explainable_Boosting_Machine/3_Level_Prediction/1_Intermediate_Calculations/classifier__combined_without_length_features/model.joblib
2,classifier__combined,level,classifier,combined,test,200,balanced,level,1719,61080,0.943909626719057,0.0012412287993912347,0.8968154858632497,0.00617223870453487,-1.6994901875677648e-05,0.0014660243035003683,-0.0030469154533307534,0.0026174851714387565,no,0.11272102161100196,0.0029169288879840427,0.970841519318926,0.0008403503837394477,0.9794178027816892,0.0007699022902595621,,,,,,,,,Thesis/2_Explainable_Boosting_Machine/3_Level_Prediction/1_Intermediate_Calculations/classifier__combined/model.joblib
3,classifier__combined_plus_error_composition,level,classifier,combined_plus_error_composition,test,200,balanced,level,1722,61080,0.944106090373281,0.0012417302949163172,0.8967939638834649,0.005919354834148256,-3.8516881660455304e-05,0.001826781175735257,-0.0035618169169362003,0.003442620574279031,no,0.112475442043222,0.0028867054436393967,0.9710052390307793,0.0008249624514776303,0.9793722366702886,0.0007669674803441541,,,,,,,,,Thesis/2_Explainable_Boosting_Machine/3_Level_Prediction/1_Intermediate_Calculations/classifier__combined_plus_error_composition/model.joblib
4,classifier__complexity,level,classifier,complexity,test,200,balanced,level,1650,61080,0.9433038637851997,0.0012558334689824811,0.8966635828074445,0.006060759322820079,-0.00016889795768082472,0.0016379028919732428,-0.0035759581979849437,0.0029469576704643547,no,0.11399803536345776,0.002919744971848632,0.9702685003274394,0.0008505959756047622,0.9793029693192858,0.0007567259459397334,,,,,,,,,Thesis/2_Explainable_Boosting_Machine/3_Level_Prediction/1_Intermediate_Calculations/classifier__complexity/model.joblib
5,classifier__combined_without_duplicate_features,level,classifier,combined_without_duplicate_features,test,200,balanced,level,1184,61080,0.9428290766208252,0.001229600198827023,0.8959861484151567,0.006106554095225233,-0.0008463323499686703,0.002175112555922184,-0.0053091936859329,0.0032070067077898724,no,0.11592992796332678,0.0028909016722773453,0.9701866404715128,0.0008285917451233263,0.9785546525354326,0.0008023761216157843,,,,,,,,,Thesis/2_Explainable_Boosting_Machine/3_Level_Prediction/1_Intermediate_Calculations/classifier__combined_without_duplicate_features/model.joblib
6,classifier__complexity_without_length_features,level,classifier,complexity_without_length_features,test,200,balanced,level,1641,61080,0.9430582842174198,0.0012526291111651438,0.8958894880273777,0.006088452245036195,-0.0009429927377476721,0.0016229634468895963,-0.004107473316889385,0.00209050884203984,no,0.11399803536345776,0.002949680421953856,0.9703012442698101,0.0008542158560878476,0.9794586326937909,0.000762879550849884,,,,,,,,,Thesis/2_Explainable_Boosting_Machine/3_Level_Prediction/1_Intermediate_Calculations/classifier__complexity_without_length_features/model.joblib
7,classifier__combined_without_length_correlated_features,level,classifier,combined_without_length_correlated_features,test,200,balanced,level,1675,61080,0.9430910281597904,0.0012316175829198072,0.8955250438367072,0.006107620122641542,-0.0013074369284181708,0.0017792192222015504,-0.0049258815469741205,0.0020734656954262873,no,0.11656843483955469,0.0029888605148159376,0.9701047806155861,0.0008449298330243087,0.9781246555928318,0.0008216602435947387,,,,,,,,,Thesis/2_Explainable_Boosting_Machine/3_Level_Prediction/1_Intermediate_Calculations/classifier__combined_without_length_correlated_features/model.joblib
8,classifier__combined_without_length_and_duplicate_features,level,classifier,combined_without_length_and_duplicate_features,test,200,balanced,level,1182,61080,0.941879502292076,0.0012312530307991556,0.8949095970741768,0.006148534224389632,-0.001922883690948507,0.002132831008001383,-0.006248365168989789,0.0020710901031190283,no,0.11800916830386378,0.0029099866558581675,0.9694335297969876,0.0008350219597236015,0.9782440518130097,0.0008079448754825086,,,,,,,,,Thesis/2_Explainable_Boosting_Machine/3_Level_Prediction/1_Intermediate_Calculations/classifier__combined_without_length_and_duplicate_features/model.joblib
9,classifier__complexity_without_length_correlated_features,level,classifier,complexity_without_length_correlated_features,test,200,balanced,level,1613,61080,0.9427963326784545,0.0012432122025834865,0.8947537373740836,0.005801683032827775,-0.0020787433910417485,0.0014847890194177285,-0.005135466036022715,0.0006095019850110541,no,0.11687950229207597,0.0029765751739158977,0.9699410609037328,0.000845935796970793,0.9781291871907314,0.0008254779994596562,,,,,,,,,Thesis/2_Explainable_Boosting_Machine/3_Level_Prediction/1_Intermediate_Calculations/classifier__complexity_without_length_correlated_features/model.joblib
10,classifier__combined_without_length_correlated_and_duplicate_features,level,classifier,combined_without_length_correlated_and_duplicate_features,test,200,balanced,level,1158,61080,0.9408808120497708,0.0012614141292378387,0.8937763745549616,0.006163325325532457,-0.0030561062101637226,0.002380084899638248,-0.008109101312885891,0.0014263890980338678,no,0.12257694826457105,0.003086624110877975,0.9685330713817943,0.0008679068613058626,0.9766462369783624,0.0009036309572951751,,,,,,,,,Thesis/2_Explainable_Boosting_Machine/3_Level_Prediction/1_Intermediate_Calculations/classifier__combined_without_length_correlated_and_duplicate_features/model.joblib
11,classifier__training_mutual_information_features,level,classifier,training_mutual_information_features,test,200,balanced,level,200,61080,0.8416666666666667,0.0019972486093266357,0.7359570131502479,0.008106155649411919,-0.16087546761487748,0.005748790239999783,-0.17299415811355046,-0.15024988455434712,yes,0.33153241650294696,0.005031496094738289,0.9136214800261951,0.0014541036365068871,0.9400231427037796,0.0015198850397054671,,,,,,,,,Thesis/2_Explainable_Boosting_Machine/3_Level_Prediction/1_Intermediate_Calculations/classifier__training_mutual_information_features/model.joblib
12,classifier__polke,level,classifier,polke,test,200,balanced,level,618,61080,0.8343483955468238,0.002067562516404401,0.7163604375916993,0.007437356066001661,-0.18047204317342602,0.005320451224539662,-0.19115211574741217,-0.17008801499480966,yes,0.3384741322855272,0.005073564968605642,0.91262278978389,0.001461190772453845,0.9394118438892489,0.0015513339752981784,,,,,,,,,Thesis/2_Explainable_Boosting_Machine/3_Level_Prediction/1_Intermediate_Calculations/classifier__polke/model.joblib
13,classifier__training_information_gain_features,level,classifier,training_information_gain_features,test,200,balanced,level,200,61080,0.8260314341846758,0.002009814627000727,0.7162610903843203,0.00831155649337246,-0.18057139038080505,0.0061086720263070615,-0.19371147053753818,-0.16981208858889413,yes,0.35944662737393585,0.005149045820163255,0.9072691552062868,0.0015000508695716963,0.9361913440416898,0.0015587273319789532,,,,,,,,,Thesis/2_Explainable_Boosting_Machine/3_Level_Prediction/1_Intermediate_Calculations/classifier__training_information_gain_features/model.joblib
14,regressor__combined_plus_error_composition,level,regressor,combined_plus_error_composition,test,200,none,level,1722,61080,0.5679436804191225,0.0028940532062365727,0.3770406257870808,0.004849755286907485,-0.5197918549780445,0.007717780400250814,-0.5328293531626147,-0.502449390243427,yes,0.5494106090373281,0.00510746534524231,0.9104125736738703,0.0018175268243263232,0.9431386930657135,0.001012583532308185,0.6014524668150792,0.00471496627513956,0.8885874533232907,0.007549926974395623,0.9007200730694009,0.0017739511169966023,0.9477755045643158,0.0008784470310539586,Thesis/2_Explainable_Boosting_Machine/3_Level_Prediction/1_Intermediate_Calculations/regressor__combined_plus_error_composition/model.joblib
15,regressor__complexity_without_length_features,level,regressor,complexity_without_length_features,test,200,none,level,1641,61080,0.5658808120497708,0.002915772347627966,0.37590889141111433,0.005195715983420382,-0.520923589354011,0.008681164138328899,-0.5351619983852686,-0.5016972947164879,yes,0.5525540275049116,0.005126307650396492,0.9092174197773412,0.001836701335469618,0.9427975759593346,0.001015862259308349,0.605128660918417,0.0047214285144159705,0.8924825128858006,0.007532413932640495,0.8998477925394445,0.0017678339297532357,0.9471162940251244,0.0008912753070521644,Thesis/2_Explainable_Boosting_Machine/3_Level_Prediction/1_Intermediate_Calculations/regressor__complexity_without_length_features/model.joblib
16,regressor__combined,level,regressor,combined,test,200,none,level,1719,61080,0.5685494433529797,0.0029126564173940577,0.3758127898625665,0.005266712802783025,-0.5210196909025588,0.008138982008138722,-0.5348275458385783,-0.5032367907875475,yes,0.5487884741322855,0.005103497401609733,0.9104125736738703,0.0018293908413553764,0.9431759087337153,0.001018012725945575,0.6021768262168902,0.004684853315045636,0.8890776179835038,0.007505149771461796,0.9006105128152985,0.001772515992274815,0.9476668779161311,0.0008813786805288269,Thesis/2_Explainable_Boosting_Machine/3_Level_Prediction/1_Intermediate_Calculations/regressor__combined/model.joblib
17,regressor__combined_without_length_features,level,regressor,combined_without_length_features,test,200,none,level,1710,61080,0.5656679764243615,0.002943399892048765,0.3749102666412293,0.004941523348700666,-0.521922214123896,0.008462406526626266,-0.5359057987142097,-0.5028587552677526,yes,0.5533071381794368,0.005170351178979364,0.9094138834315652,0.001840857115257478,0.9425300198258769,0.001007119555932847,0.6053907522621768,0.004702816699805942,0.8928995672185036,0.007498251823524774,0.8997541690326752,0.001770904486295701,0.9471974265501807,0.0008900151107807748,Thesis/2_Explainable_Boosting_Machine/3_Level_Prediction/1_Intermediate_Calculations/regressor__combined_without_length_features/model.joblib
18,regressor__complexity,level,regressor,complexity,test,200,none,level,1650,61080,0.5673542894564506,0.002926445092506296,0.37395860615089,0.004556918779256237,-0.5228738746142354,0.007211481823598751,-0.5354291771823512,-0.5074622685106127,yes,0.5493614931237721,0.005107199467481016,0.910789129011133,0.0018215117116102007,0.9432402606737031,0.00101429215229796,0.6029866586930979,0.004701184460074021,0.8895040069997546,0.007513171222905861,0.9005151583785355,0.0017746272225079237,0.9476017956901599,0.0008815954584854288,Thesis/2_Explainable_Boosting_Machine/3_Level_Prediction/1_Intermediate_Calculations/regressor__complexity/model.joblib
19,regressor__combined_without_duplicate_features,level,regressor,combined_without_duplicate_features,test,200,none,level,1184,61080,0.5620661427635887,0.002882910646099025,0.36998954728300704,0.004800297809620498,-0.5268429334821183,0.007800403250542348,-0.5399276332379127,-0.5093318712966722,yes,0.5590700720366732,0.00513998338445747,0.9071545514079895,0.001844242168625,0.9417553054684294,0.001025853069785698,0.6113101815137342,0.004727779273532075,0.9006280021061124,0.0075551050199628555,0.8980113162489191,0.001799771661829655,0.9462983651866,0.0009072736979400863,Thesis/2_Explainable_Boosting_Machine/3_Level_Prediction/1_Intermediate_Calculations/regressor__combined_without_duplicate_features/model.joblib
20,regressor__combined_without_length_correlated_features,level,regressor,combined_without_length_correlated_features,test,200,none,level,1675,61080,0.5570235756385069,0.0028603261336773984,0.36791072977525574,0.005554162816371272,-0.5289217509898696,0.007763416769838099,-0.5433612335220501,-0.5132527736684195,yes,0.5654223968565816,0.005094616135175261,0.9069089718402096,0.0018408638797381396,0.9409607899032756,0.0010356250112391143,0.6163162122541003,0.004780798177461785,0.9057567991229893,0.007691259809183829,0.8968464209918708,0.0017879466003919019,0.9459065794481504,0.0009139426990332959,Thesis/2_Explainable_Boosting_Machine/3_Level_Prediction/1_Intermediate_Calculations/regressor__combined_without_length_correlated_features/model.joblib
21,regressor__combined_without_length_and_duplicate_features,level,regressor,combined_without_length_and_duplicate_features,test,200,none,level,1182,61080,0.5603798297314997,0.002893070016996077,0.3677333599309334,0.004613187943617176,-0.529099120834192,0.007820203422385708,-0.5422657428028814,-0.5116025916358282,yes,0.5617714472822528,0.005157483484824631,0.9064505566470203,0.0018642294385477576,0.9414746935890418,0.001023160073472449,0.6127585575902088,0.004748095515739881,0.9021572078032666,0.007543389361251035,0.8976646823843621,0.0017987740081441227,0.946091797631079,0.0009100670407652197,Thesis/2_Explainable_Boosting_Machine/3_Level_Prediction/1_Intermediate_Calculations/regressor__combined_without_length_and_duplicate_features/model.joblib
22,regressor__complexity_without_length_correlated_features,level,regressor,complexity_without_length_correlated_features,test,200,none,level,1613,61080,0.553912901113294,0.0028664654701575022,0.3613876694284329,0.004450808498316346,-0.5354448113366924,0.006838437692274123,-0.5476768256230278,-0.5213619475014383,yes,0.5694826457105435,0.005130565685879342,0.9061067452521283,0.0018431675306094287,0.9405275056092736,0.001040986319575296,0.6172197216936567,0.004772307105790435,0.9066099232751387,0.007687717201483065,0.8966520106286394,0.0017950053253792903,0.9457603345202201,0.0009118921695306184,Thesis/2_Explainable_Boosting_Machine/3_Level_Prediction/1_Intermediate_Calculations/regressor__complexity_without_length_correlated_features/model.joblib
23,regressor__combined_without_length_correlated_and_duplicate_features,level,regressor,combined_without_length_correlated_and_duplicate_features,test,200,none,level,1158,61080,0.5515225933202358,0.0028756765693683816,0.3589696427113111,0.0041505386311753625,-0.5378628380538142,0.0069617579692256935,-0.5502464455038419,-0.5231233882161094,yes,0.5761296660117878,0.005249883338112455,0.9031434184675835,0.0019195289224189578,0.9392047416915906,0.0010452020093709824,0.6256767701827955,0.004858871419821859,0.9187846504024207,0.007798838251857448,0.8938576845329333,0.0018172026460080537,0.9444160111309781,0.000939728461323957,Thesis/2_Explainable_Boosting_Machine/3_Level_Prediction/1_Intermediate_Calculations/regressor__combined_without_length_correlated_and_duplicate_features/model.joblib
24,regressor__polke,level,regressor,polke,test,200,none,level,618,61080,0.4847085789129011,0.0027047513730671458,0.31697282278136873,0.004233848861865392,-0.5798596579837566,0.006064082234462396,-0.5903025052551747,-0.5668168331740454,yes,0.6951866404715128,0.005584838145157388,0.8657662082514734,0.0021689955096517756,0.9205717759300965,0.0013654926928973578,0.7351811974588579,0.005271174255619404,1.0494852483734958,0.007899575715978867,0.8615114805823808,0.0023702602950706492,0.9247334365746709,0.0012866953540712136,Thesis/2_Explainable_Boosting_Machine/3_Level_Prediction/1_Intermediate_Calculations/regressor__polke/model.joblib
25,regressor__training_mutual_information_features,level,regressor,training_mutual_information_features,test,200,none,level,200,61080,0.4847413228552718,0.002842356216447814,0.3079781765321421,0.0037015840454123275,-0.5888543042329832,0.0066885520037681225,-0.6006095852239624,-0.5742975621471884,yes,0.6944826457105435,0.005756135364175885,0.8639489194499018,0.002196923440493606,0.921075300912181,0.0013870791738289743,0.7353454682623902,0.005376466102357125,1.0467076321823923,0.007887524002120344,0.8622435707464189,0.0024174455742797304,0.9247908648814704,0.0012792110317895683,Thesis/2_Explainable_Boosting_Machine/3_Level_Prediction/1_Intermediate_Calculations/regressor__training_mutual_information_features/model.joblib
26,regressor__training_information_gain_features,level,regressor,training_information_gain_features,test,200,none,level,200,61080,0.4892272429600524,0.002800726203392976,0.3061348110490009,0.003484454028433253,-0.5906976697161244,0.007124744770681584,-0.6026748826443767,-0.5747371723756456,yes,0.6884741322855272,0.005676375924003576,0.8658153241650295,0.0021805692095750195,0.9216128994160698,0.001358726672167769,0.7299018926313628,0.005341615383737361,1.041502310407157,0.007825137769670486,0.8636103010875531,0.0023725476749110403,0.925913657647913,0.0012626637574487886,Thesis/2_Explainable_Boosting_Machine/3_Level_Prediction/1_Intermediate_Calculations/regressor__training_information_gain_features/model.joblib
27,classifier__length_only,level,classifier,length_only,test,200,balanced,level,9,61080,0.3934512115258677,0.0025751623011937854,0.25014088667588114,0.004462476602318943,-0.6466915940892441,0.005562704777854692,-0.6571831694231646,-0.6353518820558868,yes,1.2168631303208906,0.00833971436955217,0.6743614931237721,0.002661965882118684,0.8183887254869309,0.0035305331789806924,,,,,,,,,Thesis/2_Explainable_Boosting_Machine/3_Level_Prediction/1_Intermediate_Calculations/classifier__length_only/model.joblib
28,classifier__accuracy,level,classifier,accuracy,test,200,balanced,level,69,61080,0.3424525212835625,0.0023452223916816356,0.23950769454513274,0.003787518485110483,-0.6573247862199926,0.005651511247262246,-0.6680154959220542,-0.6453521517109472,yes,1.4108709888670596,0.009443438884578366,0.6228388998035363,0.0026665319625100727,0.755944237111531,0.004100739287520568,,,,,,,,,Thesis/2_Explainable_Boosting_Machine/3_Level_Prediction/1_Intermediate_Calculations/classifier__accuracy/model.joblib
29,regressor__length_only,level,regressor,length_only,test,200,none,level,9,61080,0.32976424361493123,0.002468886206496172,0.20580884876073746,0.002809261829618756,-0.6910236320043879,0.006645455203021766,-0.702454641343914,-0.6762779256359721,yes,1.0627373935821873,0.007120426428132872,0.7424034053700066,0.0028406940768955957,0.8416947275724714,0.0029439126918134567,1.0958066537504785,0.006784774022768512,1.4581215220025736,0.009079322361075906,0.7326694845751198,0.005026621656118268,0.8315121231828356,0.0028402125417690293,Thesis/2_Explainable_Boosting_Machine/3_Level_Prediction/1_Intermediate_Calculations/regressor__length_only/model.joblib
30,regressor__accuracy,level,regressor,accuracy,test,200,none,level,69,61080,0.3023411918795023,0.0023406429874927542,0.16483736456079848,0.0018208970004459154,-0.7319951162043269,0.0062528930837465815,-0.7426039418358065,-0.717422571381179,yes,1.277030124426981,0.008771705360971707,0.6533889980353634,0.003026352111832714,0.749266681071522,0.0029419041811015443,1.2837983848109724,0.008723374141663659,1.7411061715691427,0.012569737854100944,0.618836237616833,0.004797599628927287,0.772802309754747,0.0029513229643739237,Thesis/2_Explainable_Boosting_Machine/3_Level_Prediction/1_Intermediate_Calculations/regressor__accuracy/model.joblib
31,classifier__majority,level,classifier,majority,test,200,none,level,0,61080,0.23924361493123772,0.0033170770372726445,0.025740821476226337,0.00028795761196334695,-0.871091659288899,0.005869679102772655,-0.8807745088761595,-0.8574393356993847,yes,3.041044531761624,0.03588174886029073,0.37827439423706616,0.004802155311470094,0.0,0.0,,,,,,,,,Thesis/2_Explainable_Boosting_Machine/3_Level_Prediction/1_Intermediate_Calculations/classifier__majority/model.joblib
32,regressor__median,level,regressor,median,test,200,none,level,0,61080,0.17483628028814668,0.0026366815364051474,0.019842342656205724,0.00025466003770327505,-0.8769901381089196,0.005860410873255609,-0.8866425486716283,-0.863086136575075,yes,2.2210052390307795,0.021259541279169365,0.3604780615586117,0.004252277647449431,0.0,0.0,2.2210052390307795,0.021259541279169365,2.8204307705560994,0.029649569193683264,-0.00021182231318905842,0.00041289849746155294,,,Thesis/2_Explainable_Boosting_Machine/3_Level_Prediction/1_Intermediate_Calculations/regressor__median/model.joblib
1,classifier__combined,level,classifier,combined,validation,200,balanced,level,1719,60230,0.9444296862028889,0.0012486161697642854,0.9035440194194648,0.004375335607617107,0.0,0.0,0.0,0.0,rank 1,0.11522497094471194,0.003162930153149655,0.9704466212850739,0.0008764652077886571,0.9785023276638602,0.0008619821145500776,,,,,,,,,Thesis/2_Explainable_Boosting_Machine/3_Level_Prediction/1_Intermediate_Calculations/classifier__combined/model.joblib
2,classifier__complexity,level,classifier,complexity,validation,200,balanced,level,1650,60230,0.9441806408766396,0.0012411330693602206,0.9024730627596059,0.004446510869473445,-0.0010709566598589015,0.0013777130610871833,-0.003957100821367213,0.0015014219893832255,no,0.11532458907521169,0.0030816241673096933,0.9703470031545741,0.0008601178207216279,0.978533158813115,0.0008369921911732158,,,,,,,,,Thesis/2_Explainable_Boosting_Machine/3_Level_Prediction/1_Intermediate_Calculations/classifier__complexity/model.joblib
3,classifier__combined_plus_error_composition,level,classifier,combined_plus_error_composition,validation,200,balanced,level,1722,60230,0.9448447617466379,0.0012574388251460143,0.9022624379442216,0.004331626788524891,-0.0012815814752432653,0.0009371762705747597,-0.003139330483368111,0.0005459301639982947,no,0.11452764403121368,0.003174163169060515,0.9704466212850739,0.0008874448979981563,0.9785255032040102,0.0008523607879252613,,,,,,,,,Thesis/2_Explainable_Boosting_Machine/3_Level_Prediction/1_Intermediate_Calculations/classifier__combined_plus_error_composition/model.joblib
4,classifier__combined_without_length_features,level,classifier,combined_without_length_features,validation,200,balanced,level,1710,60230,0.9445459073551387,0.0012747307183133387,0.9020753741641575,0.004277831536181412,-0.0014686452553073215,0.0013866223732420424,-0.004131255717329971,0.0012886562612306994,no,0.11532458907521169,0.0032212173731470365,0.9702971940893242,0.0008948636854168917,0.9783686550209312,0.0008693857044442402,,,,,,,,,Thesis/2_Explainable_Boosting_Machine/3_Level_Prediction/1_Intermediate_Calculations/classifier__combined_without_length_features/model.joblib
5,classifier__complexity_without_length_features,level,classifier,complexity_without_length_features,validation,200,balanced,level,1641,60230,0.9441142287896397,0.001262251446946007,0.9009088686151446,0.004421691690616509,-0.0026351508043201965,0.0014244743824844473,-0.005459084629772931,0.0002810141732624514,no,0.11567325253196081,0.003172334756688402,0.9701809729370745,0.000884354334438298,0.9784824931171975,0.0008612652429744609,,,,,,,,,Thesis/2_Explainable_Boosting_Machine/3_Level_Prediction/1_Intermediate_Calculations/classifier__complexity_without_length_features/model.joblib
6,classifier__combined_without_duplicate_features,level,classifier,combined_without_duplicate_features,validation,200,balanced,level,1184,60230,0.9430682384193924,0.001234113437366023,0.900088895399983,0.0046701633615472485,-0.003455124019481781,0.002338419500268172,-0.008310003406602687,0.00072133942443697,no,0.11741656981570646,0.003033706218746672,0.9698821185455753,0.0008712137754449469,0.97812850583185,0.0008302248421882089,,,,,,,,,Thesis/2_Explainable_Boosting_Machine/3_Level_Prediction/1_Intermediate_Calculations/classifier__combined_without_duplicate_features/model.joblib
7,classifier__combined_without_length_and_duplicate_features,level,classifier,combined_without_length_and_duplicate_features,validation,200,balanced,level,1182,60230,0.9430184293541425,0.001244545050556847,0.8999147539656768,0.0046547536991692175,-0.0036292654537880553,0.0022461042446364743,-0.008147941528892763,0.0007379003390817738,no,0.1180806906857048,0.003127499512303055,0.9697326913498256,0.0008922385766386762,0.9778303694595628,0.0008720923021172594,,,,,,,,,Thesis/2_Explainable_Boosting_Machine/3_Level_Prediction/1_Intermediate_Calculations/classifier__combined_without_length_and_duplicate_features/model.joblib
8,classifier__combined_without_length_correlated_and_duplicate_features,level,classifier,combined_without_length_correlated_and_duplicate_features,validation,200,balanced,level,1158,60230,0.9421550722231447,0.0012474608181308883,0.8998226410699471,0.0045524872844165225,-0.00372137834951769,0.002462280354230528,-0.00858326031236438,0.0009609205540619168,no,0.12282915490619292,0.003279344243832116,0.9686700979578283,0.0008985685859760771,0.9762497943447095,0.0009421580882478326,,,,,,,,,Thesis/2_Explainable_Boosting_Machine/3_Level_Prediction/1_Intermediate_Calculations/classifier__combined_without_length_correlated_and_duplicate_features/model.joblib
9,classifier__combined_without_length_correlated_features,level,classifier,combined_without_length_correlated_features,validation,200,balanced,level,1675,60230,0.9437157562676407,0.0012838566255051794,0.8997818191645187,0.00459025863823613,-0.003762200254946113,0.0019870379113917204,-0.007724152208767807,-0.00019174345303500081,yes,0.11937572638220156,0.0033528382435085674,0.9696994853063258,0.0009011303167602093,0.9769029446305405,0.0009191351442689744,,,,,,,,,Thesis/2_Explainable_Boosting_Machine/3_Level_Prediction/1_Intermediate_Calculations/classifier__combined_without_length_correlated_features/model.joblib
10,classifier__complexity_without_length_correlated_features,level,classifier,complexity_without_length_correlated_features,validation,200,balanced,level,1613,60230,0.9435165200066412,0.0012584968521760034,0.8993022842070768,0.004614837101271547,-0.00424173521238802,0.001956544424355508,-0.008356243795500786,-0.0006836657808090518,yes,0.11919309314295201,0.0032836724353318358,0.9695334550888262,0.0008839312264812335,0.9771758427730999,0.0009068373490792378,,,,,,,,,Thesis/2_Explainable_Boosting_Machine/3_Level_Prediction/1_Intermediate_Calculations/classifier__complexity_without_length_correlated_features/model.joblib
11,classifier__training_mutual_information_features,level,classifier,training_mutual_information_features,validation,200,balanced,level,200,60230,0.8428856051801428,0.0019137656992160184,0.7457596744592092,0.006276897729825714,-0.15778434496025562,0.00534663960009431,-0.1694693834179673,-0.1483493180692686,yes,0.3301676905196746,0.004985166579345353,0.9147102772704633,0.001429899056592746,0.940598733706872,0.0016907312972483767,,,,,,,,,Thesis/2_Explainable_Boosting_Machine/3_Level_Prediction/1_Intermediate_Calculations/classifier__training_mutual_information_features/model.joblib
12,classifier__training_information_gain_features,level,classifier,training_information_gain_features,validation,200,balanced,level,200,60230,0.8271127345176822,0.0019877446752768835,0.7288563793096217,0.006748106050359546,-0.17468764010984317,0.005933464248571845,-0.18703569610954293,-0.16351830029472944,yes,0.35346173003486636,0.0051350645680099775,0.9091316619624772,0.001509464227207785,0.9386384207455722,0.0016767401604370516,,,,,,,,,Thesis/2_Explainable_Boosting_Machine/3_Level_Prediction/1_Intermediate_Calculations/classifier__training_information_gain_features/model.joblib
13,classifier__polke,level,classifier,polke,validation,200,balanced,level,618,60230,0.8347335215009132,0.0020279683641026146,0.7218462291182131,0.005658038301076409,-0.18169779030125177,0.005177066471965314,-0.19253676879633314,-0.1721161050322333,yes,0.33753943217665616,0.005191001868928508,0.9133488294869666,0.0014452898960800413,0.9405324303087415,0.0016245103491453435,,,,,,,,,Thesis/2_Explainable_Boosting_Machine/3_Level_Prediction/1_Intermediate_Calculations/classifier__polke/model.joblib
14,regressor__complexity,level,regressor,complexity,validation,200,none,level,1650,60230,0.5740660800265648,0.0028661194711537864,0.3795763324498743,0.0037744978980503415,-0.5239676869695905,0.005338450375923826,-0.5338934645853936,-0.5127435319645851,yes,0.5411588909181471,0.005186066223108724,0.9139465382699651,0.001816514509405228,0.9447141196530705,0.0011000880558638588,0.5965194950012613,0.0048258673285708235,0.885759443016433,0.008107028387586802,0.9029176633112598,0.001950333360629163,0.9477494887639261,0.0009104538669123957,Thesis/2_Explainable_Boosting_Machine/3_Level_Prediction/1_Intermediate_Calculations/regressor__complexity/model.joblib
15,regressor__combined_plus_error_composition,level,regressor,combined_plus_error_composition,validation,200,none,level,1722,60230,0.5732857380043168,0.002864321632559409,0.37898768172200786,0.0041399221843324745,-0.5245563376974569,0.00590538224710716,-0.5355262956972607,-0.5125839221852002,yes,0.5429022082018927,0.005227143915324007,0.9133820355304666,0.0018404374230793336,0.9444554932554383,0.0011054151951432431,0.596378040316352,0.004815286120697087,0.8860146775728729,0.008096616047757724,0.9028617060479627,0.001943460771745442,0.9477273401649914,0.000906575855006109,Thesis/2_Explainable_Boosting_Machine/3_Level_Prediction/1_Intermediate_Calculations/regressor__combined_plus_error_composition/model.joblib
16,regressor__combined,level,regressor,combined,validation,200,none,level,1719,60230,0.5729038685040677,0.0028756669050926426,0.37818445934748546,0.0035886922094810897,-0.5253595600719794,0.005094641302587619,-0.5348888763673673,-0.5149430258900154,yes,0.5429354142453927,0.005215865468211706,0.9131661962477171,0.0018481945246904285,0.9445470773790114,0.0010958363447214133,0.5971610493900461,0.004834124735203563,0.8870460146756647,0.008137420286485574,0.9026354329709773,0.0019478194247641643,0.9476811188848308,0.0009098751855177399,Thesis/2_Explainable_Boosting_Machine/3_Level_Prediction/1_Intermediate_Calculations/regressor__combined/model.joblib
17,regressor__complexity_without_length_features,level,regressor,complexity_without_length_features,validation,200,none,level,1641,60230,0.5696496762410759,0.00289392977715002,0.37753896762249056,0.003984985954168374,-0.5260050517969743,0.005526972238532433,-0.5362068207133892,-0.5147684158883904,yes,0.547600863357131,0.005302483368638262,0.9121534119209697,0.0018746061816360714,0.9439932952180371,0.0010884666729374978,0.6008842754129392,0.004868798308821633,0.8910182296323752,0.008148632204536554,0.9017614784569395,0.0019314801414682932,0.9471798654086547,0.000919262052206023,Thesis/2_Explainable_Boosting_Machine/3_Level_Prediction/1_Intermediate_Calculations/regressor__complexity_without_length_features/model.joblib
18,regressor__combined_without_length_features,level,regressor,combined_without_length_features,validation,200,none,level,1710,60230,0.5701809729370746,0.002869306964805026,0.37610761811547194,0.003602733048283,-0.5274364013039929,0.005261079062333331,-0.537394853929082,-0.5164753004528885,yes,0.5478333056616305,0.005254325729087768,0.9119209696164702,0.0018619536691602244,0.9438012636662166,0.0010962070307232851,0.6009818009269268,0.0048652543626992945,0.89219587837333,0.008201851512930748,0.9015016253568487,0.0019302713816020847,0.9472513354075941,0.0009127102755538306,Thesis/2_Explainable_Boosting_Machine/3_Level_Prediction/1_Intermediate_Calculations/regressor__combined_without_length_features/model.joblib
19,regressor__combined_without_duplicate_features,level,regressor,combined_without_duplicate_features,validation,200,none,level,1184,60230,0.5652498754773368,0.002872994796413396,0.3728654775307704,0.0036207526694610197,-0.5306785418886945,0.005670127962636544,-0.5411972575729055,-0.5190929416494167,yes,0.5543084841441143,0.0052710918041094165,0.9109247883114727,0.0018711709872155484,0.9429418550865301,0.001115992878131,0.6070785757222369,0.004881114046252153,0.8990099642436655,0.00820455050684992,0.8999913305181805,0.0019703917446920465,0.9462575452414497,0.0009365554900123895,Thesis/2_Explainable_Boosting_Machine/3_Level_Prediction/1_Intermediate_Calculations/regressor__combined_without_duplicate_features/model.joblib
20,regressor__combined_without_length_and_duplicate_features,level,regressor,combined_without_length_and_duplicate_features,validation,200,none,level,1182,60230,0.5624439648015939,0.002838748341122099,0.37205459317154344,0.003939786235981073,-0.5314894262479214,0.005683358066126748,-0.542100596695676,-0.5197571463209777,yes,0.5577453096463556,0.005257592634143376,0.9103104765067243,0.001888096950022352,0.9425897428046556,0.0011108729312906834,0.6092244276833771,0.004894012095473561,0.901339166875098,0.00821118155115714,0.8994724436923708,0.0019705344379547375,0.946051485954595,0.0009389827945501072,Thesis/2_Explainable_Boosting_Machine/3_Level_Prediction/1_Intermediate_Calculations/regressor__combined_without_length_and_duplicate_features/model.joblib
21,regressor__combined_without_length_correlated_features,level,regressor,combined_without_length_correlated_features,validation,200,none,level,1675,60230,0.5613149593225967,0.002891276990728429,0.36597351153031227,0.0038084779093269677,-0.5375705078891526,0.005636751133531529,-0.5484730276471517,-0.5263513210191523,yes,0.5602191598870995,0.005348730080916904,0.9094305163539764,0.001861824722615488,0.9420639729864043,0.0010831831887087705,0.6127446536608558,0.00499401976184494,0.9061031258922698,0.008308340265458155,0.8984069740116991,0.0019056731635713486,0.9457597506832648,0.0009394001701836818,Thesis/2_Explainable_Boosting_Machine/3_Level_Prediction/1_Intermediate_Calculations/regressor__combined_without_length_correlated_features/model.joblib
22,regressor__complexity_without_length_correlated_features,level,regressor,complexity_without_length_correlated_features,validation,200,none,level,1613,60230,0.5601859538435995,0.0029137273467660717,0.3639527603412837,0.003937632952315363,-0.5395912590781811,0.005673881479798572,-0.5498433951735591,-0.5277591721046343,yes,0.5614809895400963,0.0054298620796593,0.9091648680059771,0.0019015379947909536,0.9419224000801565,0.001085235944373256,0.6128573903622518,0.005010454060189255,0.9058854300739895,0.008389551516698244,0.8984557846150554,0.001902815052942475,0.9458098311382072,0.0009377475519071752,Thesis/2_Explainable_Boosting_Machine/3_Level_Prediction/1_Intermediate_Calculations/regressor__complexity_without_length_correlated_features/model.joblib
23,regressor__combined_without_length_correlated_and_duplicate_features,level,regressor,combined_without_length_correlated_and_duplicate_features,validation,200,none,level,1158,60230,0.5540428357961149,0.0028202511921093746,0.3620387506657944,0.003906993581409312,-0.5415052687536704,0.006035826288646882,-0.5527550537515586,-0.5294462944745202,yes,0.5723227627428192,0.005382294444384607,0.9058110576124855,0.0019272191618041653,0.9403023370072697,0.0011132791847729443,0.6220303247741318,0.005041103503672606,0.9183942985885435,0.008462380453880335,0.8956320875744648,0.0019435935998805215,0.9443637432997134,0.0009686592805284097,Thesis/2_Explainable_Boosting_Machine/3_Level_Prediction/1_Intermediate_Calculations/regressor__combined_without_length_correlated_and_duplicate_features/model.joblib
24,regressor__training_information_gain_features,level,regressor,training_information_gain_features,validation,200,none,level,200,60230,0.4949526813880126,0.0027720802928292354,0.3209914973742507,0.004306225012607341,-0.5825525220452141,0.00677869718980762,-0.594542587807027,-0.5683413169813276,yes,0.6778515689855553,0.005666145533052932,0.870396812219824,0.002147008577517034,0.9243490772827383,0.001479940372452015,0.7216701474523923,0.005363552123469153,1.0342620266609683,0.008197389194925513,0.867636025817347,0.0026068035331347403,0.9264082745919592,0.0012864851631731941,Thesis/2_Explainable_Boosting_Machine/3_Level_Prediction/1_Intermediate_Calculations/regressor__training_information_gain_features/model.joblib
25,regressor__polke,level,regressor,polke,validation,200,none,level,618,60230,0.48934086003652666,0.0026931772529457327,0.32032277848743135,0.0038126148569834948,-0.5832212409320334,0.005811827306212879,-0.5937275896243507,-0.5712078550097333,yes,0.6849742653162876,0.005552719212251149,0.870795284741823,0.0020982303656432466,0.9233726428317599,0.0014861524751212903,0.7259595750489372,0.005218639023414477,1.041099469565065,0.00827337282322961,0.8658801406639498,0.002645672705886394,0.9257597876797795,0.0013248080046056629,Thesis/2_Explainable_Boosting_Machine/3_Level_Prediction/1_Intermediate_Calculations/regressor__polke/model.joblib
26,regressor__training_mutual_information_features,level,regressor,training_mutual_information_features,validation,200,none,level,200,60230,0.4903536443632741,0.0027305348188961464,0.31811052821707453,0.004096866284085726,-0.5854334912023903,0.006511543075303315,-0.5969117077693031,-0.5718408910461512,yes,0.6840444960982899,0.005643261653567974,0.8684708616968289,0.0021723457864341504,0.9236945665455657,0.0014743046030209171,0.7264384075740321,0.005343419144963829,1.0381410908958344,0.008143148733263337,0.8666412852099936,0.002620701291121085,0.9255974622358424,0.001291484356829945,Thesis/2_Explainable_Boosting_Machine/3_Level_Prediction/1_Intermediate_Calculations/regressor__training_mutual_information_features/model.joblib
27,classifier__length_only,level,classifier,length_only,validation,200,balanced,level,9,60230,0.39473684210526316,0.0025862741388713723,0.25465636733292385,0.00452919249796161,-0.648887652086541,0.005675240614690525,-0.6596946089479433,-0.6377268337461146,yes,1.1987547733687531,0.008065507555421816,0.6813548065747966,0.0026159567066173024,0.8254372975176532,0.003902167796579148,,,,,,,,,Thesis/2_Explainable_Boosting_Machine/3_Level_Prediction/1_Intermediate_Calculations/classifier__length_only/model.joblib
28,classifier__accuracy,level,classifier,accuracy,validation,200,balanced,level,69,60230,0.3393159555039017,0.0023734635053613375,0.24152406844084287,0.0037145090914383933,-0.662019950978622,0.004968862703298457,-0.6715244860849469,-0.6522035945828679,yes,1.413531462726216,0.009070283710925872,0.619591565664951,0.002693876316271513,0.7589929849632467,0.004592874888670828,,,,,,,,,Thesis/2_Explainable_Boosting_Machine/3_Level_Prediction/1_Intermediate_Calculations/classifier__accuracy/model.joblib
29,regressor__length_only,level,regressor,length_only,validation,200,none,level,9,60230,0.33152913830317116,0.0023259438893872752,0.20893235473769595,0.0027423335737732733,-0.6946116646817688,0.005288159401434344,-0.7039580471117879,-0.6837573981633527,yes,1.0502905528806243,0.0066761560268525245,0.7486468537273784,0.0026835950504659144,0.8474816425245729,0.0031696943153145477,1.0832331357255547,0.006357533236170494,1.4416999697406996,0.008639275556930733,0.7428074303674952,0.005481160832059962,0.8322136149632242,0.0029047262752585658,Thesis/2_Explainable_Boosting_Machine/3_Level_Prediction/1_Intermediate_Calculations/regressor__length_only/model.joblib
30,regressor__accuracy,level,regressor,accuracy,validation,200,none,level,69,60230,0.3011456085007471,0.002237075037954538,0.16778269956523362,0.0019938180067421624,-0.7357613198542312,0.004806305717705713,-0.7444075441439185,-0.7253222687748039,yes,1.2801095799435498,0.008788711690465868,0.6522331064253695,0.0028607036938440938,0.7512387628975618,0.003213997927380909,1.2892017511355107,0.008742885891353146,1.7492703583398659,0.01385770730346922,0.6213634687042482,0.005272946295790495,0.7706887730372559,0.0030410928006335955,Thesis/2_Explainable_Boosting_Machine/3_Level_Prediction/1_Intermediate_Calculations/regressor__accuracy/model.joblib
31,classifier__majority,level,classifier,majority,validation,200,none,level,0,60230,0.24165698157064586,0.003310978146769528,0.02594994539903278,0.0002862982526494336,-0.877594074020432,0.0043988251164181124,-0.8851357282953081,-0.867654448156021,yes,3.016270961314959,0.03748672896757795,0.3859538435995351,0.004781904274848525,0.0,0.0,,,,,,,,,Thesis/2_Explainable_Boosting_Machine/3_Level_Prediction/1_Intermediate_Calculations/classifier__majority/model.joblib
32,regressor__median,level,regressor,median,validation,200,none,level,0,60230,0.17413249211356466,0.002707578185410346,0.019774314884470717,0.00026185053810670887,-0.8837697045349941,0.004390316128226065,-0.8913730382847337,-0.8739523501343863,yes,2.2286568155404285,0.022872090920671655,0.35669931927610826,0.0042988864195247336,0.0,0.0,2.2286568155404285,0.022872090920671655,2.84284246469916,0.034235324989401905,-3.275933399748965e-05,0.00030202458212366315,,,Thesis/2_Explainable_Boosting_Machine/3_Level_Prediction/1_Intermediate_Calculations/regressor__median/model.joblib
